cust,monthly_bill,tax_body,biz_type,compost,garbage,recycle,total_yards,needed_recycle,needed_compost,enough_recycle_compost
98,888.98,C,MINI MART,0,4,16,20,2,1,0
98,888.98,C,MINI MART,0,4,16,20,2,1,0
98,888.98,C,MINI MART,0,4,16,20,2,1,0
218,965.4,COUNTY,WINERY,0.48,4,5.440000000000001,9.920000000000002,2,1,0
218,965.4,COUNTY,WINERY,0.48,4,5.440000000000001,9.920000000000002,2,1,0
218,965.4,COUNTY,WINERY,0.48,4,5.440000000000001,9.920000000000002,2,1,0
218,965.4,COUNTY,WINERY,0.48,4,5.440000000000001,9.920000000000002,2,1,0
218,965.4,COUNTY,WINERY,0.48,4,5.440000000000001,9.920000000000002,2,1,0
218,965.4,COUNTY,WINERY,0.48,4,5.440000000000001,9.920000000000002,2,1,0
345,890.4,COUNTY,WINERY,0,4,0,4,2,1,0
567,97.87,S,MEDICAL,0,0.48,0.48,0.96,0,0,1
567,97.87,S,MEDICAL,0,0.48,0.48,0.96,0,0,1
717,65.25,S,GROCERY,0,0.32,0.48,0.8,0,0,1
717,65.25,S,GROCERY,0,0.32,0.48,0.8,0,0,1
767,89.71,COUNTY,WINERY,0.48,0.32,0.48,1.28,0,0,1
767,89.71,COUNTY,WINERY,0.48,0.32,0.48,1.28,0,0,1
767,89.71,COUNTY,WINERY,0.48,0.32,0.48,1.28,0,0,1
800,706.5,COUNTY,WINERY,0,1.44,2.88,4.32,1,0,1
800,706.5,COUNTY,WINERY,0,1.44,2.88,4.32,1,0,1
800,706.5,COUNTY,WINERY,0,1.44,2.88,4.32,1,0,1
806,597.92,COUNTY,WINERY,0,2,1.44,3.44,1,1,0
806,597.92,COUNTY,WINERY,0,2,1.44,3.44,1,1,0
806,597.92,COUNTY,WINERY,0,2,1.44,3.44,1,1,0
806,597.92,COUNTY,WINERY,0,2,1.44,3.44,1,1,0
939,195.74,S,OFFICE BLD,1.44,0.96,0.48,2.88,0,0,1
939,195.74,S,OFFICE BLD,1.44,0.96,0.48,2.88,0,0,1
939,195.74,S,OFFICE BLD,1.44,0.96,0.48,2.88,0,0,1
939,195.74,S,OFFICE BLD,1.44,0.96,0.48,2.88,0,0,1
939,195.74,S,OFFICE BLD,1.44,0.96,0.48,2.88,0,0,1
948,842.69,C,RESTAURANT,0,4,0,4,2,1,0
1084,1835.23,COUNTY,WINERY,0.48,16,5.440000000000001,21.92,8,5,0
1084,1835.23,COUNTY,WINERY,0.48,16,5.440000000000001,21.92,8,5,0
1084,1835.23,COUNTY,WINERY,0.48,16,5.440000000000001,21.92,8,5,0
1084,1835.23,COUNTY,WINERY,0.48,16,5.440000000000001,21.92,8,5,0
1084,1835.23,COUNTY,WINERY,0.48,16,5.440000000000001,21.92,8,5,0
1084,1835.23,COUNTY,WINERY,0.48,16,5.440000000000001,21.92,8,5,0
1084,1835.23,COUNTY,WINERY,0.48,16,5.440000000000001,21.92,8,5,0
1092,1373.25,COUNTY,WINERY,0,6,5.440000000000001,11.440000000000001,3,2,0
1092,1373.25,COUNTY,WINERY,0,6,5.440000000000001,11.440000000000001,3,2,0
1092,1373.25,COUNTY,WINERY,0,6,5.440000000000001,11.440000000000001,3,2,0
1092,1373.25,COUNTY,WINERY,0,6,5.440000000000001,11.440000000000001,3,2,0
1092,1373.25,COUNTY,WINERY,0,6,5.440000000000001,11.440000000000001,3,2,0
1575,760.91,COUNTY,WINERY,0,2,0,2,1,1,0
1742,44.86,COUNTY,PRESCHOOL,0.48,0.16,0.48,1.12,0,0,1
1742,44.86,COUNTY,PRESCHOOL,0.48,0.16,0.48,1.12,0,0,1
1742,44.86,COUNTY,PRESCHOOL,0.48,0.16,0.48,1.12,0,0,1
1767,363.91,S,FLORIST,0.96,2,1.44,4.4,1,1,0
1767,363.91,S,FLORIST,0.96,2,1.44,4.4,1,1,0
1767,363.91,S,FLORIST,0.96,2,1.44,4.4,1,1,0
1824,684.42,COUNTY,WINERY,0,0,0.96,0.96,0,0,1
1824,684.42,COUNTY,WINERY,0,0,0.96,0.96,0,0,1
2064,1693.5,COUNTY,WINERY,8.48,2,0.96,11.440000000000001,1,1,0
2064,1693.5,COUNTY,WINERY,8.48,2,0.96,11.440000000000001,1,1,0
2064,1693.5,COUNTY,WINERY,8.48,2,0.96,11.440000000000001,1,1,0
2064,1693.5,COUNTY,WINERY,8.48,2,0.96,11.440000000000001,1,1,0
2064,1693.5,COUNTY,WINERY,8.48,2,0.96,11.440000000000001,1,1,0
2064,1693.5,COUNTY,WINERY,8.48,2,0.96,11.440000000000001,1,1,0
2226,0,COUNTY,VINEYARD,0,3.5,1.44,4.9399999999999995,2,1,0
2226,0,COUNTY,VINEYARD,0,3.5,1.44,4.9399999999999995,2,1,0
2226,0,COUNTY,VINEYARD,0,3.5,1.44,4.9399999999999995,2,1,0
2226,0,COUNTY,VINEYARD,0,3.5,1.44,4.9399999999999995,2,1,0
2253,97.87,S,CHURCH,0.48,0.48,0.48,1.44,0,0,1
2253,97.87,S,CHURCH,0.48,0.48,0.48,1.44,0,0,1
2253,97.87,S,CHURCH,0.48,0.48,0.48,1.44,0,0,1
2339,1522.96,COUNTY,VINEYARD,0,6,12.4,18.4,3,2,0
2339,1522.96,COUNTY,VINEYARD,0,6,12.4,18.4,3,2,0
2339,1522.96,COUNTY,VINEYARD,0,6,12.4,18.4,3,2,0
2339,1522.96,COUNTY,VINEYARD,0,6,12.4,18.4,3,2,0
2339,1522.96,COUNTY,VINEYARD,0,6,12.4,18.4,3,2,0
2342,487.05,COUNTY,WINERY,0,1.44,1.44,2.88,1,0,1
2342,487.05,COUNTY,WINERY,0,1.44,1.44,2.88,1,0,1
2372,199.35,COUNTY,WINERY,0,0.32,1.44,1.76,0,0,1
2372,199.35,COUNTY,WINERY,0,0.32,1.44,1.76,0,0,1
2372,199.35,COUNTY,WINERY,0,0.32,1.44,1.76,0,0,1
2372,199.35,COUNTY,WINERY,0,0.32,1.44,1.76,0,0,1
2678,293.61,S,HOME IMPRO,0,1.44,1.44,2.88,1,0,1
2678,293.61,S,HOME IMPRO,0,1.44,1.44,2.88,1,0,1
2678,293.61,S,HOME IMPRO,0,1.44,1.44,2.88,1,0,1
2678,293.61,S,HOME IMPRO,0,1.44,1.44,2.88,1,0,1
2678,293.61,S,HOME IMPRO,0,1.44,1.44,2.88,1,0,1
2678,293.61,S,HOME IMPRO,0,1.44,1.44,2.88,1,0,1
2754,1227.47,C,MULTIFAMIL,0.96,6,1.44,8.4,3,2,0
2754,1227.47,C,MULTIFAMIL,0.96,6,1.44,8.4,3,2,0
2754,1227.47,C,MULTIFAMIL,0.96,6,1.44,8.4,3,2,0
2754,1227.47,C,MULTIFAMIL,0.96,6,1.44,8.4,3,2,0
2754,1227.47,C,MULTIFAMIL,0.96,6,1.44,8.4,3,2,0
2810,67.49,Y,PRESCHOOL,0.48,0.32,0.48,1.28,0,0,1
2810,67.49,Y,PRESCHOOL,0.48,0.32,0.48,1.28,0,0,1
2810,67.49,Y,PRESCHOOL,0.48,0.32,0.48,1.28,0,0,1
3159,89.71,COUNTY,WINERY,0,0.32,0.48,0.8,0,0,1
3159,89.71,COUNTY,WINERY,0,0.32,0.48,0.8,0,0,1
3630,134.57,COUNTY,VINEYARD,0,0.48,0.48,0.96,0,0,1
3630,134.57,COUNTY,VINEYARD,0,0.48,0.48,0.96,0,0,1
3723,195.74,S,MEDICAL,0.96,0.96,0.96,2.88,0,0,1
3723,195.74,S,MEDICAL,0.96,0.96,0.96,2.88,0,0,1
3723,195.74,S,MEDICAL,0.96,0.96,0.96,2.88,0,0,1
3842,632.56,COUNTY,WINERY,0.8,2,10.48,13.280000000000001,1,1,0
3842,632.56,COUNTY,WINERY,0.8,2,10.48,13.280000000000001,1,1,0
3842,632.56,COUNTY,WINERY,0.8,2,10.48,13.280000000000001,1,1,0
3842,632.56,COUNTY,WINERY,0.8,2,10.48,13.280000000000001,1,1,0
3842,632.56,COUNTY,WINERY,0.8,2,10.48,13.280000000000001,1,1,0
3842,632.56,COUNTY,WINERY,0.8,2,10.48,13.280000000000001,1,1,0
3844,1005.67,COUNTY,MIXED USE,0.64,4,1.44,6.08,2,1,0
3844,1005.67,COUNTY,MIXED USE,0.64,4,1.44,6.08,2,1,0
3844,1005.67,COUNTY,MIXED USE,0.64,4,1.44,6.08,2,1,0
3844,1005.67,COUNTY,MIXED USE,0.64,4,1.44,6.08,2,1,0
3844,1005.67,COUNTY,MIXED USE,0.64,4,1.44,6.08,2,1,0
4126,597.92,COUNTY,WINERY,0.48,2,1.44,3.92,1,1,0
4126,597.92,COUNTY,WINERY,0.48,2,1.44,3.92,1,1,0
4126,597.92,COUNTY,WINERY,0.48,2,1.44,3.92,1,1,0
4196,2798.11,COUNTY,WINERY,0.32,6.48,14,20.8,3,2,0
4196,2798.11,COUNTY,WINERY,0.32,6.48,14,20.8,3,2,0
4196,2798.11,COUNTY,WINERY,0.32,6.48,14,20.8,3,2,0
4196,2798.11,COUNTY,WINERY,0.32,6.48,14,20.8,3,2,0
4196,2798.11,COUNTY,WINERY,0.32,6.48,14,20.8,3,2,0
4196,2798.11,COUNTY,WINERY,0.32,6.48,14,20.8,3,2,0
4226,632.56,COUNTY,WINERY,0.48,2,10.96,13.440000000000001,1,1,0
4226,632.56,COUNTY,WINERY,0.48,2,10.96,13.440000000000001,1,1,0
4226,632.56,COUNTY,WINERY,0.48,2,10.96,13.440000000000001,1,1,0
4226,632.56,COUNTY,WINERY,0.48,2,10.96,13.440000000000001,1,1,0
4226,632.56,COUNTY,WINERY,0.48,2,10.96,13.440000000000001,1,1,0
4260,1150.37,COUNTY,WINERY,0,2,4,6,1,1,0
4260,1150.37,COUNTY,WINERY,0,2,4,6,1,1,0
4308,2358.3,COUNTY,WINERY,0,6,29.92,35.92,3,2,0
4308,2358.3,COUNTY,WINERY,0,6,29.92,35.92,3,2,0
4308,2358.3,COUNTY,WINERY,0,6,29.92,35.92,3,2,0
4308,2358.3,COUNTY,WINERY,0,6,29.92,35.92,3,2,0
4308,2358.3,COUNTY,WINERY,0,6,29.92,35.92,3,2,0
4308,2358.3,COUNTY,WINERY,0,6,29.92,35.92,3,2,0
4308,2358.3,COUNTY,WINERY,0,6,29.92,35.92,3,2,0
4420,103.93,C,LODGING-FW,0,0.48,0.96,1.44,0,0,1
4420,103.93,C,LODGING-FW,0,0.48,0.96,1.44,0,0,1
4420,103.93,C,LODGING-FW,0,0.48,0.96,1.44,0,0,1
4445,134.57,COUNTY,WINERY,0.48,0.48,0.48,1.44,0,0,1
4445,134.57,COUNTY,WINERY,0.48,0.48,0.48,1.44,0,0,1
4445,134.57,COUNTY,WINERY,0.48,0.48,0.48,1.44,0,0,1
4449,945.34,COUNTY,WINERY,0,2,2,4,1,1,0
4449,945.34,COUNTY,WINERY,0,2,2,4,1,1,0
4454,135.12,C,SCHOOL,0.48,0,0.48,0.96,0,0,1
4454,135.12,C,SCHOOL,0.48,0,0.48,0.96,0,0,1
4477,134.57,COUNTY,WINERY,0.48,0.48,0.48,1.44,0,0,1
4477,134.57,COUNTY,WINERY,0.48,0.48,0.48,1.44,0,0,1
4477,134.57,COUNTY,WINERY,0.48,0.48,0.48,1.44,0,0,1
4520,101.24,Y,MULTIFAMIL,0.48,0.48,0.48,1.44,0,0,1
4520,101.24,Y,MULTIFAMIL,0.48,0.48,0.48,1.44,0,0,1
4520,101.24,Y,MULTIFAMIL,0.48,0.48,0.48,1.44,0,0,1
4631,370.07,COUNTY,WINERY,0.48,0.96,1.44,2.88,0,0,1
4631,370.07,COUNTY,WINERY,0.48,0.96,1.44,2.88,0,0,1
4631,370.07,COUNTY,WINERY,0.48,0.96,1.44,2.88,0,0,1
4631,370.07,COUNTY,WINERY,0.48,0.96,1.44,2.88,0,0,1
4631,370.07,COUNTY,WINERY,0.48,0.96,1.44,2.88,0,0,1
4686,439.46,C,STRIP MALL,0.48,2,1.44,3.92,1,1,0
4686,439.46,C,STRIP MALL,0.48,2,1.44,3.92,1,1,0
4686,439.46,C,STRIP MALL,0.48,2,1.44,3.92,1,1,0
4780,134.57,COUNTY,WINERY,0,0.48,0.48,0.96,0,0,1
4780,134.57,COUNTY,WINERY,0,0.48,0.48,0.96,0,0,1
4781,89.71,COUNTY,WINERY,0.48,0.32,0.48,1.28,0,0,1
4781,89.71,COUNTY,WINERY,0.48,0.32,0.48,1.28,0,0,1
4781,89.71,COUNTY,WINERY,0.48,0.32,0.48,1.28,0,0,1
4831,69.28,C,FOURPLEX,0.96,0.32,0.96,2.24,0,0,1
4831,69.28,C,FOURPLEX,0.96,0.32,0.96,2.24,0,0,1
4831,69.28,C,FOURPLEX,0.96,0.32,0.96,2.24,0,0,1
4845,1373.25,COUNTY,UTILITY,0,6,54,60,3,2,0
4845,1373.25,COUNTY,UTILITY,0,6,54,60,3,2,0
4845,1373.25,COUNTY,UTILITY,0,6,54,60,3,2,0
4845,1373.25,COUNTY,UTILITY,0,6,54,60,3,2,0
4859,171.28,S,OFFICE BLD,0,0.48,0.96,1.44,0,0,1
4859,171.28,S,OFFICE BLD,0,0.48,0.96,1.44,0,0,1
4859,171.28,S,OFFICE BLD,0,0.48,0.96,1.44,0,0,1
4963,97.87,S,OFFICE BLD,0,0.48,0.48,0.96,0,0,1
4963,97.87,S,OFFICE BLD,0,0.48,0.48,0.96,0,0,1
5017,195.74,S,RESTAURANT,0,0.96,0.48,1.44,0,0,1
5017,195.74,S,RESTAURANT,0,0.96,0.48,1.44,0,0,1
5026,0,COUNTY,WINERY,0,3.5,0.48,3.98,2,1,0
5026,0,COUNTY,WINERY,0,3.5,0.48,3.98,2,1,0
5055,527.42,COUNTY,WINERY,0,2.16,1.44,3.6,1,1,0
5055,527.42,COUNTY,WINERY,0,2.16,1.44,3.6,1,1,0
5055,527.42,COUNTY,WINERY,0,2.16,1.44,3.6,1,1,0
5212,134.57,COUNTY,LANDSCAPER,0,0.48,0.48,0.96,0,0,1
5212,134.57,COUNTY,LANDSCAPER,0,0.48,0.48,0.96,0,0,1
5311,358.85,COUNTY,WINERY,0.48,1.28,1.44,3.2,1,0,1
5311,358.85,COUNTY,WINERY,0.48,1.28,1.44,3.2,1,0,1
5311,358.85,COUNTY,WINERY,0.48,1.28,1.44,3.2,1,0,1
5311,358.85,COUNTY,WINERY,0.48,1.28,1.44,3.2,1,0,1
5311,358.85,COUNTY,WINERY,0.48,1.28,1.44,3.2,1,0,1
5401,253.08,Y,WINERY,0.32,0.48,1.44,2.24,0,0,1
5401,253.08,Y,WINERY,0.32,0.48,1.44,2.24,0,0,1
5401,253.08,Y,WINERY,0.32,0.48,1.44,2.24,0,0,1
5401,253.08,Y,WINERY,0.32,0.48,1.44,2.24,0,0,1
5401,253.08,Y,WINERY,0.32,0.48,1.44,2.24,0,0,1
5492,32.62,S,STRIP MALL,0,0.16,0.48,0.64,0,0,1
5492,32.62,S,STRIP MALL,0,0.16,0.48,0.64,0,0,1
5504,32.62,S,OFFICE BLD,0,0.16,0.48,0.64,0,0,1
5504,32.62,S,OFFICE BLD,0,0.16,0.48,0.64,0,0,1
5662,65.25,S,RETAIL,0,0.32,0.48,0.8,0,0,1
5662,65.25,S,RETAIL,0,0.32,0.48,0.8,0,0,1
5827,97.87,S,RETAIL,0,0.48,0.48,0.96,0,0,1
5827,97.87,S,RETAIL,0,0.48,0.48,0.96,0,0,1
5868,0,COUNTY,WINERY,0,3.5,3.5,7,2,1,0
5868,0,COUNTY,WINERY,0,3.5,3.5,7,2,1,0
6090,130.5,S,UTILITY,0.48,0.64,0.48,1.6,0,0,1
6090,130.5,S,UTILITY,0.48,0.64,0.48,1.6,0,0,1
6090,130.5,S,UTILITY,0.48,0.64,0.48,1.6,0,0,1
6090,130.5,S,UTILITY,0.48,0.64,0.48,1.6,0,0,1
6204,65.25,S,HOME IMPRO,0,0.32,0.48,0.8,0,0,1
6204,65.25,S,HOME IMPRO,0,0.32,0.48,0.8,0,0,1
6205,89.71,COUNTY,CONTRACTOR,0.48,0.32,0.48,1.28,0,0,1
6205,89.71,COUNTY,CONTRACTOR,0.48,0.32,0.48,1.28,0,0,1
6205,89.71,COUNTY,CONTRACTOR,0.48,0.32,0.48,1.28,0,0,1
6413,665.6,COUNTY,MIXED USE,1.44,2,0.48,3.92,1,1,0
6413,665.6,COUNTY,MIXED USE,1.44,2,0.48,3.92,1,1,0
6413,665.6,COUNTY,MIXED USE,1.44,2,0.48,3.92,1,1,0
6413,665.6,COUNTY,MIXED USE,1.44,2,0.48,3.92,1,1,0
6413,665.6,COUNTY,MIXED USE,1.44,2,0.48,3.92,1,1,0
6542,0,COUNTY,WINERY,0,3.5,3.5,7,2,1,0
6542,0,COUNTY,WINERY,0,3.5,3.5,7,2,1,0
6640,514.46,C,RESTAURANT,6.24,2,6.4,14.64,1,1,1
6640,514.46,C,RESTAURANT,6.24,2,6.4,14.64,1,1,1
6640,514.46,C,RESTAURANT,6.24,2,6.4,14.64,1,1,1
6640,514.46,C,RESTAURANT,6.24,2,6.4,14.64,1,1,1
6640,514.46,C,RESTAURANT,6.24,2,6.4,14.64,1,1,1
6640,514.46,C,RESTAURANT,6.24,2,6.4,14.64,1,1,1
6640,514.46,C,RESTAURANT,6.24,2,6.4,14.64,1,1,1
6640,514.46,C,RESTAURANT,6.24,2,6.4,14.64,1,1,1
6640,514.46,C,RESTAURANT,6.24,2,6.4,14.64,1,1,1
6796,1772.84,COUNTY,RESTAURANT,17.28,4,69.28,90.56,2,1,1
6796,1772.84,COUNTY,RESTAURANT,17.28,4,69.28,90.56,2,1,1
6796,1772.84,COUNTY,RESTAURANT,17.28,4,69.28,90.56,2,1,1
6796,1772.84,COUNTY,RESTAURANT,17.28,4,69.28,90.56,2,1,1
6796,1772.84,COUNTY,RESTAURANT,17.28,4,69.28,90.56,2,1,1
6796,1772.84,COUNTY,RESTAURANT,17.28,4,69.28,90.56,2,1,1
6796,1772.84,COUNTY,RESTAURANT,17.28,4,69.28,90.56,2,1,1
6796,1772.84,COUNTY,RESTAURANT,17.28,4,69.28,90.56,2,1,1
6796,1772.84,COUNTY,RESTAURANT,17.28,4,69.28,90.56,2,1,1
6796,1772.84,COUNTY,RESTAURANT,17.28,4,69.28,90.56,2,1,1
6796,1772.84,COUNTY,RESTAURANT,17.28,4,69.28,90.56,2,1,1
6796,1772.84,COUNTY,RESTAURANT,17.28,4,69.28,90.56,2,1,1
6796,1772.84,COUNTY,RESTAURANT,17.28,4,69.28,90.56,2,1,1
6796,1772.84,COUNTY,RESTAURANT,17.28,4,69.28,90.56,2,1,1
6796,1772.84,COUNTY,RESTAURANT,17.28,4,69.28,90.56,2,1,1
6796,1772.84,COUNTY,RESTAURANT,17.28,4,69.28,90.56,2,1,1
6835,482.56,COUNTY,WINERY,0,2,1.44,3.44,1,1,0
6835,482.56,COUNTY,WINERY,0,2,1.44,3.44,1,1,0
6835,482.56,COUNTY,WINERY,0,2,1.44,3.44,1,1,0
6835,482.56,COUNTY,WINERY,0,2,1.44,3.44,1,1,0
7162,760.91,COUNTY,WINERY,0,2,1.44,3.44,1,1,0
7162,760.91,COUNTY,WINERY,0,2,1.44,3.44,1,1,0
7162,760.91,COUNTY,WINERY,0,2,1.44,3.44,1,1,0
7162,760.91,COUNTY,WINERY,0,2,1.44,3.44,1,1,0
7567,363.91,S,CONTRACTOR,0,2,0,2,1,1,0
7679,32.62,S,COMMUNITY,0,0.16,0.48,0.64,0,0,1
7679,32.62,S,COMMUNITY,0,0.16,0.48,0.64,0,0,1
7849,2238.2,S,MIXED USE,0,16,16,32,8,5,0
7849,2238.2,S,MIXED USE,0,16,16,32,8,5,0
7849,2238.2,S,MIXED USE,0,16,16,32,8,5,0
7849,2238.2,S,MIXED USE,0,16,16,32,8,5,0
8041,134.57,COUNTY,LODGING,0.48,0.48,0.48,1.44,0,0,1
8041,134.57,COUNTY,LODGING,0.48,0.48,0.48,1.44,0,0,1
8041,134.57,COUNTY,LODGING,0.48,0.48,0.48,1.44,0,0,1
8045,179.42,COUNTY,WINERY,0.96,0.64,0.96,2.56,0,0,1
8045,179.42,COUNTY,WINERY,0.96,0.64,0.96,2.56,0,0,1
8045,179.42,COUNTY,WINERY,0.96,0.64,0.96,2.56,0,0,1
8045,179.42,COUNTY,WINERY,0.96,0.64,0.96,2.56,0,0,1
8045,179.42,COUNTY,WINERY,0.96,0.64,0.96,2.56,0,0,1
8045,179.42,COUNTY,WINERY,0.96,0.64,0.96,2.56,0,0,1
8063,1048.95,S,GROCERY,2.56,18,37.44,58,9,6,0
8063,1048.95,S,GROCERY,2.56,18,37.44,58,9,6,0
8063,1048.95,S,GROCERY,2.56,18,37.44,58,9,6,0
8063,1048.95,S,GROCERY,2.56,18,37.44,58,9,6,0
8063,1048.95,S,GROCERY,2.56,18,37.44,58,9,6,0
8063,1048.95,S,GROCERY,2.56,18,37.44,58,9,6,0
8063,1048.95,S,GROCERY,2.56,18,37.44,58,9,6,0
8063,1048.95,S,GROCERY,2.56,18,37.44,58,9,6,0
8063,1048.95,S,GROCERY,2.56,18,37.44,58,9,6,0
8141,540.19,COUNTY,WINERY,0.48,2,1.44,3.92,1,1,0
8141,540.19,COUNTY,WINERY,0.48,2,1.44,3.92,1,1,0
8141,540.19,COUNTY,WINERY,0.48,2,1.44,3.92,1,1,0
8141,540.19,COUNTY,WINERY,0.48,2,1.44,3.92,1,1,0
8141,540.19,COUNTY,WINERY,0.48,2,1.44,3.92,1,1,0
8212,269.13,S,MULTIFAMIL,1.44,0.96,3.36,5.76,0,0,1
8212,269.13,S,MULTIFAMIL,1.44,0.96,3.36,5.76,0,0,1
8212,269.13,S,MULTIFAMIL,1.44,0.96,3.36,5.76,0,0,1
8212,269.13,S,MULTIFAMIL,1.44,0.96,3.36,5.76,0,0,1
8213,65.24,S,DUPLEX,0.48,0.32,0.96,1.76,0,0,1
8213,65.24,S,DUPLEX,0.48,0.32,0.96,1.76,0,0,1
8213,65.24,S,DUPLEX,0.48,0.32,0.96,1.76,0,0,1
8213,65.24,S,DUPLEX,0.48,0.32,0.96,1.76,0,0,1
8213,65.24,S,DUPLEX,0.48,0.32,0.96,1.76,0,0,1
8327,89.71,COUNTY,WINERY,0.48,0.32,0.48,1.28,0,0,1
8327,89.71,COUNTY,WINERY,0.48,0.32,0.48,1.28,0,0,1
8327,89.71,COUNTY,WINERY,0.48,0.32,0.48,1.28,0,0,1
8626,89.71,COUNTY,WINERY,0.48,0.32,0.48,1.28,0,0,1
8626,89.71,COUNTY,WINERY,0.48,0.32,0.48,1.28,0,0,1
8626,89.71,COUNTY,WINERY,0.48,0.32,0.48,1.28,0,0,1
8657,97.87,S,RESTAURANT,0,0.48,0.96,1.44,0,0,1
8657,97.87,S,RESTAURANT,0,0.48,0.96,1.44,0,0,1
8747,583.49,COUNTY,WINERY,0.48,2,1.92,4.4,1,1,0
8747,583.49,COUNTY,WINERY,0.48,2,1.92,4.4,1,1,0
8747,583.49,COUNTY,WINERY,0.48,2,1.92,4.4,1,1,0
8747,583.49,COUNTY,WINERY,0.48,2,1.92,4.4,1,1,0
8747,583.49,COUNTY,WINERY,0.48,2,1.92,4.4,1,1,0
8747,583.49,COUNTY,WINERY,0.48,2,1.92,4.4,1,1,0
8758,1130.67,COUNTY,WINERY,0,4,1.44,5.4399999999999995,2,1,0
8758,1130.67,COUNTY,WINERY,0,4,1.44,5.4399999999999995,2,1,0
8758,1130.67,COUNTY,WINERY,0,4,1.44,5.4399999999999995,2,1,0
8758,1130.67,COUNTY,WINERY,0,4,1.44,5.4399999999999995,2,1,0
8758,1130.67,COUNTY,WINERY,0,4,1.44,5.4399999999999995,2,1,0
8800,304.02,C,MULTIFAMIL,0.48,1.44,0.96,2.88,1,0,0
8800,304.02,C,MULTIFAMIL,0.48,1.44,0.96,2.88,1,0,0
8800,304.02,C,MULTIFAMIL,0.48,1.44,0.96,2.88,1,0,0
8800,304.02,C,MULTIFAMIL,0.48,1.44,0.96,2.88,1,0,0
8800,304.02,C,MULTIFAMIL,0.48,1.44,0.96,2.88,1,0,0
8800,304.02,C,MULTIFAMIL,0.48,1.44,0.96,2.88,1,0,0
8818,370.07,COUNTY,WINERY,0.48,0.96,0.96,2.4,0,0,1
8818,370.07,COUNTY,WINERY,0.48,0.96,0.96,2.4,0,0,1
8818,370.07,COUNTY,WINERY,0.48,0.96,0.96,2.4,0,0,1
8818,370.07,COUNTY,WINERY,0.48,0.96,0.96,2.4,0,0,1
8818,370.07,COUNTY,WINERY,0.48,0.96,0.96,2.4,0,0,1
8883,482.56,COUNTY,CONTRACTOR,0,2,0.48,2.48,1,1,0
8883,482.56,COUNTY,CONTRACTOR,0,2,0.48,2.48,1,1,0
8959,844.48,COUNTY,WINERY,0.96,2,2,4.96,1,1,0
8959,844.48,COUNTY,WINERY,0.96,2,2,4.96,1,1,0
8959,844.48,COUNTY,WINERY,0.96,2,2,4.96,1,1,0
8959,844.48,COUNTY,WINERY,0.96,2,2,4.96,1,1,0
9090,177.16,Y,WINERY,0,0.48,0.96,1.44,0,0,1
9090,177.16,Y,WINERY,0,0.48,0.96,1.44,0,0,1
9090,177.16,Y,WINERY,0,0.48,0.96,1.44,0,0,1
9121,1624.18,COUNTY,WINERY,0.48,6,33.92,40.400000000000006,3,2,0
9121,1624.18,COUNTY,WINERY,0.48,6,33.92,40.400000000000006,3,2,0
9121,1624.18,COUNTY,WINERY,0.48,6,33.92,40.400000000000006,3,2,0
9121,1624.18,COUNTY,WINERY,0.48,6,33.92,40.400000000000006,3,2,0
9121,1624.18,COUNTY,WINERY,0.48,6,33.92,40.400000000000006,3,2,0
9121,1624.18,COUNTY,WINERY,0.48,6,33.92,40.400000000000006,3,2,0
9121,1624.18,COUNTY,WINERY,0.48,6,33.92,40.400000000000006,3,2,0
9121,1624.18,COUNTY,WINERY,0.48,6,33.92,40.400000000000006,3,2,0
9121,1624.18,COUNTY,WINERY,0.48,6,33.92,40.400000000000006,3,2,0
9121,1624.18,COUNTY,WINERY,0.48,6,33.92,40.400000000000006,3,2,0
9195,134.57,COUNTY,WINERY,0.48,0.48,0.48,1.44,0,0,1
9195,134.57,COUNTY,WINERY,0.48,0.48,0.48,1.44,0,0,1
9195,134.57,COUNTY,WINERY,0.48,0.48,0.48,1.44,0,0,1
9349,72.9,COUNTY,WINERY,0,0.16,0.48,0.64,0,0,1
9349,72.9,COUNTY,WINERY,0,0.16,0.48,0.64,0,0,1
9368,1638.21,COUNTY,WINERY,0.96,4,4,8.96,2,1,0
9368,1638.21,COUNTY,WINERY,0.96,4,4,8.96,2,1,0
9368,1638.21,COUNTY,WINERY,0.96,4,4,8.96,2,1,0
9368,1638.21,COUNTY,WINERY,0.96,4,4,8.96,2,1,0
9376,1185.33,S,RESTAURANT,44.32000000000001,0,6,50.32000000000001,0,0,1
9376,1185.33,S,RESTAURANT,44.32000000000001,0,6,50.32000000000001,0,0,1
9376,1185.33,S,RESTAURANT,44.32000000000001,0,6,50.32000000000001,0,0,1
9376,1185.33,S,RESTAURANT,44.32000000000001,0,6,50.32000000000001,0,0,1
9376,1185.33,S,RESTAURANT,44.32000000000001,0,6,50.32000000000001,0,0,1
9481,1601.16,Y,RESTAURANT,0,16,17.439999999999998,33.44,8,5,0
9481,1601.16,Y,RESTAURANT,0,16,17.439999999999998,33.44,8,5,0
9481,1601.16,Y,RESTAURANT,0,16,17.439999999999998,33.44,8,5,0
9481,1601.16,Y,RESTAURANT,0,16,17.439999999999998,33.44,8,5,0
9481,1601.16,Y,RESTAURANT,0,16,17.439999999999998,33.44,8,5,0
9481,1601.16,Y,RESTAURANT,0,16,17.439999999999998,33.44,8,5,0
9481,1601.16,Y,RESTAURANT,0,16,17.439999999999998,33.44,8,5,0
9784,134.57,COUNTY,VINEYARD,0.48,0.48,0.48,1.44,0,0,1
9784,134.57,COUNTY,VINEYARD,0.48,0.48,0.48,1.44,0,0,1
9784,134.57,COUNTY,VINEYARD,0.48,0.48,0.48,1.44,0,0,1
9819,32.62,S,RETAIL,0,0.16,0.48,0.64,0,0,1
9819,32.62,S,RETAIL,0,0.16,0.48,0.64,0,0,1
9846,97.87,S,COMMUNITY,0,0.48,0.48,0.96,0,0,1
9846,97.87,S,COMMUNITY,0,0.48,0.48,0.96,0,0,1
9850,253.08,Y,RETAIL,0,0.48,1.44,1.92,0,0,1
9850,253.08,Y,RETAIL,0,0.48,1.44,1.92,0,0,1
9850,253.08,Y,RETAIL,0,0.48,1.44,1.92,0,0,1
9850,253.08,Y,RETAIL,0,0.48,1.44,1.92,0,0,1
9906,1005.67,COUNTY,CONTRACTOR,0,4,0,4,2,1,0
9910,44.86,COUNTY,POSTOFFICE,0,0.16,0.48,0.64,0,0,1
9910,44.86,COUNTY,POSTOFFICE,0,0.16,0.48,0.64,0,0,1
9920,2317.12,C,MULTIFAMIL,0.48,24,1.92,26.4,12,8,0
9920,2317.12,C,MULTIFAMIL,0.48,24,1.92,26.4,12,8,0
9920,2317.12,C,MULTIFAMIL,0.48,24,1.92,26.4,12,8,0
9920,2317.12,C,MULTIFAMIL,0.48,24,1.92,26.4,12,8,0
9920,2317.12,C,MULTIFAMIL,0.48,24,1.92,26.4,12,8,0
9920,2317.12,C,MULTIFAMIL,0.48,24,1.92,26.4,12,8,0
9928,269.14,COUNTY,CHURCH,0.48,0.96,0.48,1.92,0,0,1
9928,269.14,COUNTY,CHURCH,0.48,0.96,0.48,1.92,0,0,1
9928,269.14,COUNTY,CHURCH,0.48,0.96,0.48,1.92,0,0,1
9929,1627.98,C,LODGING,0,16,0,16,8,5,0
9929,1627.98,C,LODGING,0,16,0,16,8,5,0
9964,276.77,C,MEDICAL,0.96,0.96,0.48,2.4,0,0,1
9964,276.77,C,MEDICAL,0.96,0.96,0.48,2.4,0,0,1
9964,276.77,C,MEDICAL,0.96,0.96,0.48,2.4,0,0,1
9964,276.77,C,MEDICAL,0.96,0.96,0.48,2.4,0,0,1
9964,276.77,C,MEDICAL,0.96,0.96,0.48,2.4,0,0,1
10065,2816.91,COUNTY,WINERY,2.4,6,8,16.4,3,2,1
10065,2816.91,COUNTY,WINERY,2.4,6,8,16.4,3,2,1
10065,2816.91,COUNTY,WINERY,2.4,6,8,16.4,3,2,1
10065,2816.91,COUNTY,WINERY,2.4,6,8,16.4,3,2,1
10065,2816.91,COUNTY,WINERY,2.4,6,8,16.4,3,2,1
10065,2816.91,COUNTY,WINERY,2.4,6,8,16.4,3,2,1
10067,5246.71,COUNTY,WINERY,0,16,18,34,8,5,0
10067,5246.71,COUNTY,WINERY,0,16,18,34,8,5,0
10067,5246.71,COUNTY,WINERY,0,16,18,34,8,5,0
10067,5246.71,COUNTY,WINERY,0,16,18,34,8,5,0
10067,5246.71,COUNTY,WINERY,0,16,18,34,8,5,0
10071,3322.57,COUNTY,WINERY,4,6,10,20,3,2,1
10071,3322.57,COUNTY,WINERY,4,6,10,20,3,2,1
10071,3322.57,COUNTY,WINERY,4,6,10,20,3,2,1
10071,3322.57,COUNTY,WINERY,4,6,10,20,3,2,1
10076,1898.55,COUNTY,LODGING-FW,0.96,16,1.92,18.880000000000003,8,5,0
10076,1898.55,COUNTY,LODGING-FW,0.96,16,1.92,18.880000000000003,8,5,0
10076,1898.55,COUNTY,LODGING-FW,0.96,16,1.92,18.880000000000003,8,5,0
10076,1898.55,COUNTY,LODGING-FW,0.96,16,1.92,18.880000000000003,8,5,0
10076,1898.55,COUNTY,LODGING-FW,0.96,16,1.92,18.880000000000003,8,5,0
10076,1898.55,COUNTY,LODGING-FW,0.96,16,1.92,18.880000000000003,8,5,0
10076,1898.55,COUNTY,LODGING-FW,0.96,16,1.92,18.880000000000003,8,5,0
10076,1898.55,COUNTY,LODGING-FW,0.96,16,1.92,18.880000000000003,8,5,0
10082,303.72,Y,MULTIFAMIL,0,1.44,1.44,2.88,1,0,1
10082,303.72,Y,MULTIFAMIL,0,1.44,1.44,2.88,1,0,1
10082,303.72,Y,MULTIFAMIL,0,1.44,1.44,2.88,1,0,1
10083,1558.21,COUNTY,UTILITY,0,4,5.4399999999999995,9.44,2,1,0
10083,1558.21,COUNTY,UTILITY,0,4,5.4399999999999995,9.44,2,1,0
10083,1558.21,COUNTY,UTILITY,0,4,5.4399999999999995,9.44,2,1,0
10103,428.24,C,MULTIFAMIL,0,2,0.96,2.96,1,1,0
10103,428.24,C,MULTIFAMIL,0,2,0.96,2.96,1,1,0
10103,428.24,C,MULTIFAMIL,0,2,0.96,2.96,1,1,0
10106,1791.03,C,LODGING,0.48,16,2.88,19.36,8,5,0
10106,1791.03,C,LODGING,0.48,16,2.88,19.36,8,5,0
10106,1791.03,C,LODGING,0.48,16,2.88,19.36,8,5,0
10106,1791.03,C,LODGING,0.48,16,2.88,19.36,8,5,0
10106,1791.03,C,LODGING,0.48,16,2.88,19.36,8,5,0
10106,1791.03,C,LODGING,0.48,16,2.88,19.36,8,5,0
10106,1791.03,C,LODGING,0.48,16,2.88,19.36,8,5,0
10106,1791.03,C,LODGING,0.48,16,2.88,19.36,8,5,0
10106,1791.03,C,LODGING,0.48,16,2.88,19.36,8,5,0
10112,202.48,Y,CHURCH,1.44,0.96,0.48,2.88,0,0,1
10112,202.48,Y,CHURCH,1.44,0.96,0.48,2.88,0,0,1
10112,202.48,Y,CHURCH,1.44,0.96,0.48,2.88,0,0,1
10139,1511.27,S,STRIP MALL,0.48,8,3.36,11.84,4,3,0
10139,1511.27,S,STRIP MALL,0.48,8,3.36,11.84,4,3,0
10139,1511.27,S,STRIP MALL,0.48,8,3.36,11.84,4,3,0
10139,1511.27,S,STRIP MALL,0.48,8,3.36,11.84,4,3,0
10139,1511.27,S,STRIP MALL,0.48,8,3.36,11.84,4,3,0
10144,608.04,C,MULTIFAMIL,1.44,2.88,2.88,7.2,1,1,1
10144,608.04,C,MULTIFAMIL,1.44,2.88,2.88,7.2,1,1,1
10144,608.04,C,MULTIFAMIL,1.44,2.88,2.88,7.2,1,1,1
10144,608.04,C,MULTIFAMIL,1.44,2.88,2.88,7.2,1,1,1
10144,608.04,C,MULTIFAMIL,1.44,2.88,2.88,7.2,1,1,1
10145,6451.98,C,MOBILEHOME,89.28,30.560000000000002,86.4,206.24,15,10,1
10145,6451.98,C,MOBILEHOME,89.28,30.560000000000002,86.4,206.24,15,10,1
10145,6451.98,C,MOBILEHOME,89.28,30.560000000000002,86.4,206.24,15,10,1
10145,6451.98,C,MOBILEHOME,89.28,30.560000000000002,86.4,206.24,15,10,1
10145,6451.98,C,MOBILEHOME,89.28,30.560000000000002,86.4,206.24,15,10,1
10145,6451.98,C,MOBILEHOME,89.28,30.560000000000002,86.4,206.24,15,10,1
10145,6451.98,C,MOBILEHOME,89.28,30.560000000000002,86.4,206.24,15,10,1
10145,6451.98,C,MOBILEHOME,89.28,30.560000000000002,86.4,206.24,15,10,1
10145,6451.98,C,MOBILEHOME,89.28,30.560000000000002,86.4,206.24,15,10,1
10154,2398.21,C,LODGING,0.48,36,1.44,37.919999999999995,18,12,0
10154,2398.21,C,LODGING,0.48,36,1.44,37.919999999999995,18,12,0
10154,2398.21,C,LODGING,0.48,36,1.44,37.919999999999995,18,12,0
10154,2398.21,C,LODGING,0.48,36,1.44,37.919999999999995,18,12,0
10154,2398.21,C,LODGING,0.48,36,1.44,37.919999999999995,18,12,0
10161,140.51,C,OFFICE BLD,0,0.48,0.48,0.96,0,0,1
10161,140.51,C,OFFICE BLD,0,0.48,0.48,0.96,0,0,1
10174,439.46,C,RETAIL,0,2,1.44,3.44,1,1,0
10174,439.46,C,RETAIL,0,2,1.44,3.44,1,1,0
10174,439.46,C,RETAIL,0,2,1.44,3.44,1,1,0
10174,439.46,C,RETAIL,0,2,1.44,3.44,1,1,0
10185,65.25,S,ENTERTAINM,0,0.32,0.48,0.8,0,0,1
10185,65.25,S,ENTERTAINM,0,0.32,0.48,0.8,0,0,1
10209,255.93,C,POSTOFFICE,0.48,0.48,1.44,2.4,0,0,1
10209,255.93,C,POSTOFFICE,0.48,0.48,1.44,2.4,0,0,1
10209,255.93,C,POSTOFFICE,0.48,0.48,1.44,2.4,0,0,1
10209,255.93,C,POSTOFFICE,0.48,0.48,1.44,2.4,0,0,1
10222,138.56,C,OFFICE BLD,0,0.64,0.96,1.6,0,0,1
10222,138.56,C,OFFICE BLD,0,0.64,0.96,1.6,0,0,1
10222,138.56,C,OFFICE BLD,0,0.64,0.96,1.6,0,0,1
10222,138.56,C,OFFICE BLD,0,0.64,0.96,1.6,0,0,1
10224,882.9,C,LODGING,0.96,8,1.44,10.4,4,3,0
10224,882.9,C,LODGING,0.96,8,1.44,10.4,4,3,0
10224,882.9,C,LODGING,0.96,8,1.44,10.4,4,3,0
10224,882.9,C,LODGING,0.96,8,1.44,10.4,4,3,0
10224,882.9,C,LODGING,0.96,8,1.44,10.4,4,3,0
10224,882.9,C,LODGING,0.96,8,1.44,10.4,4,3,0
10224,882.9,C,LODGING,0.96,8,1.44,10.4,4,3,0
10227,69.28,C,MEDICAL,0.48,0.32,0.48,1.28,0,0,1
10227,69.28,C,MEDICAL,0.48,0.32,0.48,1.28,0,0,1
10227,69.28,C,MEDICAL,0.48,0.32,0.48,1.28,0,0,1
10233,4931.88,C,MOBILEHOME,1.44,23.36,70.08,94.88,12,8,0
10233,4931.88,C,MOBILEHOME,1.44,23.36,70.08,94.88,12,8,0
10233,4931.88,C,MOBILEHOME,1.44,23.36,70.08,94.88,12,8,0
10238,67.56,C,MULTIFAMIL,0,0.32,0.48,0.8,0,0,1
10238,67.56,C,MULTIFAMIL,0,0.32,0.48,0.8,0,0,1
10247,3008.71,C,GROCERY,14.400000000000002,60,4.96,79.36,30,20,0
10247,3008.71,C,GROCERY,14.400000000000002,60,4.96,79.36,30,20,0
10247,3008.71,C,GROCERY,14.400000000000002,60,4.96,79.36,30,20,0
10247,3008.71,C,GROCERY,14.400000000000002,60,4.96,79.36,30,20,0
10247,3008.71,C,GROCERY,14.400000000000002,60,4.96,79.36,30,20,0
10247,3008.71,C,GROCERY,14.400000000000002,60,4.96,79.36,30,20,0
10247,3008.71,C,GROCERY,14.400000000000002,60,4.96,79.36,30,20,0
10247,3008.71,C,GROCERY,14.400000000000002,60,4.96,79.36,30,20,0
10247,3008.71,C,GROCERY,14.400000000000002,60,4.96,79.36,30,20,0
10247,3008.71,C,GROCERY,14.400000000000002,60,4.96,79.36,30,20,0
10247,3008.71,C,GROCERY,14.400000000000002,60,4.96,79.36,30,20,0
10248,743.93,S,AUTO,0,4,6.48,10.48,2,1,0
10248,743.93,S,AUTO,0,4,6.48,10.48,2,1,0
10248,743.93,S,AUTO,0,4,6.48,10.48,2,1,0
10250,2035.83,S,LODGING-FW,1.44,36,2.4,39.839999999999996,18,12,0
10250,2035.83,S,LODGING-FW,1.44,36,2.4,39.839999999999996,18,12,0
10250,2035.83,S,LODGING-FW,1.44,36,2.4,39.839999999999996,18,12,0
10250,2035.83,S,LODGING-FW,1.44,36,2.4,39.839999999999996,18,12,0
10250,2035.83,S,LODGING-FW,1.44,36,2.4,39.839999999999996,18,12,0
10250,2035.83,S,LODGING-FW,1.44,36,2.4,39.839999999999996,18,12,0
10250,2035.83,S,LODGING-FW,1.44,36,2.4,39.839999999999996,18,12,0
10250,2035.83,S,LODGING-FW,1.44,36,2.4,39.839999999999996,18,12,0
10255,4567.25,COUNTY,WINERY,0,24,7.4399999999999995,31.439999999999998,12,8,0
10255,4567.25,COUNTY,WINERY,0,24,7.4399999999999995,31.439999999999998,12,8,0
10255,4567.25,COUNTY,WINERY,0,24,7.4399999999999995,31.439999999999998,12,8,0
10255,4567.25,COUNTY,WINERY,0,24,7.4399999999999995,31.439999999999998,12,8,0
10257,97.87,S,AUTO,0,0.48,0,0.48,0,0,1
10260,69.28,C,OFFICE BLD,0.48,0.32,0.96,1.76,0,0,1
10260,69.28,C,OFFICE BLD,0.48,0.32,0.96,1.76,0,0,1
10260,69.28,C,OFFICE BLD,0.48,0.32,0.96,1.76,0,0,1
10260,69.28,C,OFFICE BLD,0.48,0.32,0.96,1.76,0,0,1
10262,195.74,S,OFFICE BLD,0,0.96,0.48,1.44,0,0,1
10262,195.74,S,OFFICE BLD,0,0.96,0.48,1.44,0,0,1
10263,1278.97,S,RESTAURANT,0,32,0,32,16,11,0
10263,1278.97,S,RESTAURANT,0,32,0,32,16,11,0
10263,1278.97,S,RESTAURANT,0,32,0,32,16,11,0
10263,1278.97,S,RESTAURANT,0,32,0,32,16,11,0
10265,6347.58,S,GROCERY,28.800000000000004,156,162.88,347.68,78,52,0
10265,6347.58,S,GROCERY,28.800000000000004,156,162.88,347.68,78,52,0
10265,6347.58,S,GROCERY,28.800000000000004,156,162.88,347.68,78,52,0
10265,6347.58,S,GROCERY,28.800000000000004,156,162.88,347.68,78,52,0
10265,6347.58,S,GROCERY,28.800000000000004,156,162.88,347.68,78,52,0
10265,6347.58,S,GROCERY,28.800000000000004,156,162.88,347.68,78,52,0
10265,6347.58,S,GROCERY,28.800000000000004,156,162.88,347.68,78,52,0
10265,6347.58,S,GROCERY,28.800000000000004,156,162.88,347.68,78,52,0
10265,6347.58,S,GROCERY,28.800000000000004,156,162.88,347.68,78,52,0
10265,6347.58,S,GROCERY,28.800000000000004,156,162.88,347.68,78,52,0
10265,6347.58,S,GROCERY,28.800000000000004,156,162.88,347.68,78,52,0
10265,6347.58,S,GROCERY,28.800000000000004,156,162.88,347.68,78,52,0
10265,6347.58,S,GROCERY,28.800000000000004,156,162.88,347.68,78,52,0
10265,6347.58,S,GROCERY,28.800000000000004,156,162.88,347.68,78,52,0
10265,6347.58,S,GROCERY,28.800000000000004,156,162.88,347.68,78,52,0
10265,6347.58,S,GROCERY,28.800000000000004,156,162.88,347.68,78,52,0
10265,6347.58,S,GROCERY,28.800000000000004,156,162.88,347.68,78,52,0
10265,6347.58,S,GROCERY,28.800000000000004,156,162.88,347.68,78,52,0
10265,6347.58,S,GROCERY,28.800000000000004,156,162.88,347.68,78,52,0
10265,6347.58,S,GROCERY,28.800000000000004,156,162.88,347.68,78,52,0
10265,6347.58,S,GROCERY,28.800000000000004,156,162.88,347.68,78,52,0
10265,6347.58,S,GROCERY,28.800000000000004,156,162.88,347.68,78,52,0
10271,363.91,S,AUTO,0,2,1.44,3.44,1,1,0
10271,363.91,S,AUTO,0,2,1.44,3.44,1,1,0
10289,743.93,S,HOME IMPRO,0,4,17.439999999999998,21.439999999999998,2,1,0
10289,743.93,S,HOME IMPRO,0,4,17.439999999999998,21.439999999999998,2,1,0
10289,743.93,S,HOME IMPRO,0,4,17.439999999999998,21.439999999999998,2,1,0
10289,743.93,S,HOME IMPRO,0,4,17.439999999999998,21.439999999999998,2,1,0
10295,363.91,S,RETAIL,0,2,1.44,3.44,1,1,0
10295,363.91,S,RETAIL,0,2,1.44,3.44,1,1,0
10295,363.91,S,RETAIL,0,2,1.44,3.44,1,1,0
10295,363.91,S,RETAIL,0,2,1.44,3.44,1,1,0
10301,171.28,S,POSTOFFICE,0,0.48,0.96,1.44,0,0,1
10301,171.28,S,POSTOFFICE,0,0.48,0.96,1.44,0,0,1
10301,171.28,S,POSTOFFICE,0,0.48,0.96,1.44,0,0,1
10306,97.87,S,OFFICE BLD,0,0.48,0.48,0.96,0,0,1
10306,97.87,S,OFFICE BLD,0,0.48,0.48,0.96,0,0,1
10310,97.87,S,OFFICE BLD,0,0.48,0.48,0.96,0,0,1
10310,97.87,S,OFFICE BLD,0,0.48,0.48,0.96,0,0,1
10316,363.91,S,CONTRACTOR,0,2,0,2,1,1,0
10317,505.47,S,AUTO,0.96,2,6.96,9.92,1,1,0
10317,505.47,S,AUTO,0.96,2,6.96,9.92,1,1,0
10317,505.47,S,AUTO,0.96,2,6.96,9.92,1,1,0
10317,505.47,S,AUTO,0.96,2,6.96,9.92,1,1,0
10317,505.47,S,AUTO,0.96,2,6.96,9.92,1,1,0
10318,668.93,S,UTILITY,0,4,0.48,4.48,2,1,0
10318,668.93,S,UTILITY,0,4,0.48,4.48,2,1,0
10321,743.93,S,AUTO,0.48,4,5.4399999999999995,9.92,2,1,0
10321,743.93,S,AUTO,0.48,4,5.4399999999999995,9.92,2,1,0
10321,743.93,S,AUTO,0.48,4,5.4399999999999995,9.92,2,1,0
10321,743.93,S,AUTO,0.48,4,5.4399999999999995,9.92,2,1,0
10323,1843.37,S,MULTIFAMIL,5.279999999999999,9.76,2.88,17.919999999999998,5,3,0
10323,1843.37,S,MULTIFAMIL,5.279999999999999,9.76,2.88,17.919999999999998,5,3,0
10323,1843.37,S,MULTIFAMIL,5.279999999999999,9.76,2.88,17.919999999999998,5,3,0
10323,1843.37,S,MULTIFAMIL,5.279999999999999,9.76,2.88,17.919999999999998,5,3,0
10325,97.87,S,COMMUNITY,0.48,0.48,0.48,1.44,0,0,1
10325,97.87,S,COMMUNITY,0.48,0.48,0.48,1.44,0,0,1
10325,97.87,S,COMMUNITY,0.48,0.48,0.48,1.44,0,0,1
10327,97.87,S,VINEYARD,0,0.48,0.48,0.96,0,0,1
10327,97.87,S,VINEYARD,0,0.48,0.48,0.96,0,0,1
10328,1500.79,S,BAKERY,8.64,16,18.4,43.04,8,5,1
10328,1500.79,S,BAKERY,8.64,16,18.4,43.04,8,5,1
10328,1500.79,S,BAKERY,8.64,16,18.4,43.04,8,5,1
10328,1500.79,S,BAKERY,8.64,16,18.4,43.04,8,5,1
10328,1500.79,S,BAKERY,8.64,16,18.4,43.04,8,5,1
10328,1500.79,S,BAKERY,8.64,16,18.4,43.04,8,5,1
10328,1500.79,S,BAKERY,8.64,16,18.4,43.04,8,5,1
10328,1500.79,S,BAKERY,8.64,16,18.4,43.04,8,5,1
10328,1500.79,S,BAKERY,8.64,16,18.4,43.04,8,5,1
10328,1500.79,S,BAKERY,8.64,16,18.4,43.04,8,5,1
10328,1500.79,S,BAKERY,8.64,16,18.4,43.04,8,5,1
10328,1500.79,S,BAKERY,8.64,16,18.4,43.04,8,5,1
10333,195.75,S,MULTIFAMIL,0.48,0.96,0.96,2.4,0,0,1
10333,195.75,S,MULTIFAMIL,0.48,0.96,0.96,2.4,0,0,1
10333,195.75,S,MULTIFAMIL,0.48,0.96,0.96,2.4,0,0,1
10333,195.75,S,MULTIFAMIL,0.48,0.96,0.96,2.4,0,0,1
10333,195.75,S,MULTIFAMIL,0.48,0.96,0.96,2.4,0,0,1
10333,195.75,S,MULTIFAMIL,0.48,0.96,0.96,2.4,0,0,1
10334,363.91,S,GROCERY,0.48,2,1.44,3.92,1,1,0
10334,363.91,S,GROCERY,0.48,2,1.44,3.92,1,1,0
10334,363.91,S,GROCERY,0.48,2,1.44,3.92,1,1,0
10335,363.91,S,SCHOOL,0.48,2,1.44,3.92,1,1,0
10335,363.91,S,SCHOOL,0.48,2,1.44,3.92,1,1,0
10335,363.91,S,SCHOOL,0.48,2,1.44,3.92,1,1,0
10335,363.91,S,SCHOOL,0.48,2,1.44,3.92,1,1,0
10335,363.91,S,SCHOOL,0.48,2,1.44,3.92,1,1,0
10340,97.87,S,OFFICE BLD,0.48,0.48,0.48,1.44,0,0,1
10340,97.87,S,OFFICE BLD,0.48,0.48,0.48,1.44,0,0,1
10340,97.87,S,OFFICE BLD,0.48,0.48,0.48,1.44,0,0,1
10342,391.48,S,MEDICAL,0.48,3.84,0.96,5.28,2,1,0
10342,391.48,S,MEDICAL,0.48,3.84,0.96,5.28,2,1,0
10342,391.48,S,MEDICAL,0.48,3.84,0.96,5.28,2,1,0
10342,391.48,S,MEDICAL,0.48,3.84,0.96,5.28,2,1,0
10343,3208.23,S,HOA,4,12,10,26,6,4,1
10343,3208.23,S,HOA,4,12,10,26,6,4,1
10343,3208.23,S,HOA,4,12,10,26,6,4,1
10343,3208.23,S,HOA,4,12,10,26,6,4,1
10343,3208.23,S,HOA,4,12,10,26,6,4,1
10344,7013.3,S,MOBILEHOME,0,34.4,105.11999999999999,139.51999999999998,17,11,0
10344,7013.3,S,MOBILEHOME,0,34.4,105.11999999999999,139.51999999999998,17,11,0
10345,668.93,S,INDUSTRIAL,0,4,1.44,5.4399999999999995,2,1,0
10345,668.93,S,INDUSTRIAL,0,4,1.44,5.4399999999999995,2,1,0
10346,363.91,S,WINERY,0,2,0.48,2.48,1,1,0
10346,363.91,S,WINERY,0,2,0.48,2.48,1,1,0
10347,2036.81,S,NRSG HOME,0.96,36,1.44,38.4,18,12,0
10347,2036.81,S,NRSG HOME,0.96,36,1.44,38.4,18,12,0
10347,2036.81,S,NRSG HOME,0.96,36,1.44,38.4,18,12,0
10347,2036.81,S,NRSG HOME,0.96,36,1.44,38.4,18,12,0
10347,2036.81,S,NRSG HOME,0.96,36,1.44,38.4,18,12,0
10347,2036.81,S,NRSG HOME,0.96,36,1.44,38.4,18,12,0
10348,1170.63,S,MULTIFAMIL,0,4,4,8,2,1,0
10348,1170.63,S,MULTIFAMIL,0,4,4,8,2,1,0
10349,413.91,S,MULTIFAMIL,0.48,2,0.96,3.44,1,1,0
10349,413.91,S,MULTIFAMIL,0.48,2,0.96,3.44,1,1,0
10349,413.91,S,MULTIFAMIL,0.48,2,0.96,3.44,1,1,0
10355,668.93,S,OFFICE BLD,0.48,4,0.96,5.44,2,1,0
10355,668.93,S,OFFICE BLD,0.48,4,0.96,5.44,2,1,0
10355,668.93,S,OFFICE BLD,0.48,4,0.96,5.44,2,1,0
10366,506.7,C,MULTIFAMIL,0,2.4,0,2.4,1,1,0
10368,1658.21,COUNTY,LODGING-FW,2.88,4,4,10.879999999999999,2,1,1
10368,1658.21,COUNTY,LODGING-FW,2.88,4,4,10.879999999999999,2,1,1
10368,1658.21,COUNTY,LODGING-FW,2.88,4,4,10.879999999999999,2,1,1
10368,1658.21,COUNTY,LODGING-FW,2.88,4,4,10.879999999999999,2,1,1
10368,1658.21,COUNTY,LODGING-FW,2.88,4,4,10.879999999999999,2,1,1
10373,363.91,S,CHURCH,1.12,2,2.4,5.52,1,1,1
10373,363.91,S,CHURCH,1.12,2,2.4,5.52,1,1,1
10373,363.91,S,CHURCH,1.12,2,2.4,5.52,1,1,1
10373,363.91,S,CHURCH,1.12,2,2.4,5.52,1,1,1
10373,363.91,S,CHURCH,1.12,2,2.4,5.52,1,1,1
10374,363.91,S,COMMUNITY,0,2,0.96,2.96,1,1,0
10374,363.91,S,COMMUNITY,0,2,0.96,2.96,1,1,0
10374,363.91,S,COMMUNITY,0,2,0.96,2.96,1,1,0
10378,430.47,S,CHURCH,0.96,2,0.48,3.44,1,1,0
10378,430.47,S,CHURCH,0.96,2,0.48,3.44,1,1,0
10378,430.47,S,CHURCH,0.96,2,0.48,3.44,1,1,0
10378,430.47,S,CHURCH,0.96,2,0.48,3.44,1,1,0
10383,2804.07,S,OFFICE BLD,0,54,0.48,54.48,27,18,0
10383,2804.07,S,OFFICE BLD,0,54,0.48,54.48,27,18,0
10383,2804.07,S,OFFICE BLD,0,54,0.48,54.48,27,18,0
10383,2804.07,S,OFFICE BLD,0,54,0.48,54.48,27,18,0
10384,363.91,S,CONTRACTOR,0,2,0.96,2.96,1,1,0
10384,363.91,S,CONTRACTOR,0,2,0.96,2.96,1,1,0
10390,101.24,Y,CHURCH,0.48,0.48,0.48,1.44,0,0,1
10390,101.24,Y,CHURCH,0.48,0.48,0.48,1.44,0,0,1
10390,101.24,Y,CHURCH,0.48,0.48,0.48,1.44,0,0,1
10394,8471.2,Y,MOBILEHOME,5.279999999999999,40.16,114.24,159.68,20,13,0
10394,8471.2,Y,MOBILEHOME,5.279999999999999,40.16,114.24,159.68,20,13,0
10394,8471.2,Y,MOBILEHOME,5.279999999999999,40.16,114.24,159.68,20,13,0
10394,8471.2,Y,MOBILEHOME,5.279999999999999,40.16,114.24,159.68,20,13,0
10394,8471.2,Y,MOBILEHOME,5.279999999999999,40.16,114.24,159.68,20,13,0
10395,1601.16,Y,LODGING,0.32,16,4.96,21.28,8,5,0
10395,1601.16,Y,LODGING,0.32,16,4.96,21.28,8,5,0
10395,1601.16,Y,LODGING,0.32,16,4.96,21.28,8,5,0
10395,1601.16,Y,LODGING,0.32,16,4.96,21.28,8,5,0
10395,1601.16,Y,LODGING,0.32,16,4.96,21.28,8,5,0
10400,101.24,Y,OFFICE BLD,0,0.48,0.48,0.96,0,0,1
10400,101.24,Y,OFFICE BLD,0,0.48,0.48,0.96,0,0,1
10403,1548.35,Y,STRIP MALL,0,1.44,16.48,17.92,1,0,1
10403,1548.35,Y,STRIP MALL,0,1.44,16.48,17.92,1,0,1
10403,1548.35,Y,STRIP MALL,0,1.44,16.48,17.92,1,0,1
10403,1548.35,Y,STRIP MALL,0,1.44,16.48,17.92,1,0,1
10410,103.93,C,LODGING-FW,0.48,0.48,0.48,1.44,0,0,1
10410,103.93,C,LODGING-FW,0.48,0.48,0.48,1.44,0,0,1
10410,103.93,C,LODGING-FW,0.48,0.48,0.48,1.44,0,0,1
10411,802.51,C,LODGING,1.44,3.36,26.88,31.68,2,1,1
10411,802.51,C,LODGING,1.44,3.36,26.88,31.68,2,1,1
10411,802.51,C,LODGING,1.44,3.36,26.88,31.68,2,1,1
10411,802.51,C,LODGING,1.44,3.36,26.88,31.68,2,1,1
10411,802.51,C,LODGING,1.44,3.36,26.88,31.68,2,1,1
10418,101.24,Y,CHURCH,0.48,0.48,0.48,1.44,0,0,1
10418,101.24,Y,CHURCH,0.48,0.48,0.48,1.44,0,0,1
10418,101.24,Y,CHURCH,0.48,0.48,0.48,1.44,0,0,1
10432,1649.14,Y,NRSG HOME,1.92,16,1.44,19.360000000000003,8,5,0
10432,1649.14,Y,NRSG HOME,1.92,16,1.44,19.360000000000003,8,5,0
10432,1649.14,Y,NRSG HOME,1.92,16,1.44,19.360000000000003,8,5,0
10432,1649.14,Y,NRSG HOME,1.92,16,1.44,19.360000000000003,8,5,0
10432,1649.14,Y,NRSG HOME,1.92,16,1.44,19.360000000000003,8,5,0
10432,1649.14,Y,NRSG HOME,1.92,16,1.44,19.360000000000003,8,5,0
10432,1649.14,Y,NRSG HOME,1.92,16,1.44,19.360000000000003,8,5,0
10432,1649.14,Y,NRSG HOME,1.92,16,1.44,19.360000000000003,8,5,0
10432,1649.14,Y,NRSG HOME,1.92,16,1.44,19.360000000000003,8,5,0
10435,890.4,COUNTY,VINEYARD,0,4,1.44,5.4399999999999995,2,1,0
10435,890.4,COUNTY,VINEYARD,0,4,1.44,5.4399999999999995,2,1,0
10435,890.4,COUNTY,VINEYARD,0,4,1.44,5.4399999999999995,2,1,0
10435,890.4,COUNTY,VINEYARD,0,4,1.44,5.4399999999999995,2,1,0
10438,1966.06,COUNTY,GROUP HOME,2.56,6,5.440000000000001,14.000000000000002,3,2,1
10438,1966.06,COUNTY,GROUP HOME,2.56,6,5.440000000000001,14.000000000000002,3,2,1
10438,1966.06,COUNTY,GROUP HOME,2.56,6,5.440000000000001,14.000000000000002,3,2,1
10438,1966.06,COUNTY,GROUP HOME,2.56,6,5.440000000000001,14.000000000000002,3,2,1
10438,1966.06,COUNTY,GROUP HOME,2.56,6,5.440000000000001,14.000000000000002,3,2,1
10438,1966.06,COUNTY,GROUP HOME,2.56,6,5.440000000000001,14.000000000000002,3,2,1
10438,1966.06,COUNTY,GROUP HOME,2.56,6,5.440000000000001,14.000000000000002,3,2,1
10442,1585.28,COUNTY,INDUSTRIAL,0,4,5.440000000000001,9.440000000000001,2,1,0
10442,1585.28,COUNTY,INDUSTRIAL,0,4,5.440000000000001,9.440000000000001,2,1,0
10442,1585.28,COUNTY,INDUSTRIAL,0,4,5.440000000000001,9.440000000000001,2,1,0
10442,1585.28,COUNTY,INDUSTRIAL,0,4,5.440000000000001,9.440000000000001,2,1,0
10442,1585.28,COUNTY,INDUSTRIAL,0,4,5.440000000000001,9.440000000000001,2,1,0
10445,1488.25,COUNTY,WINERY,0,6,9.44,15.44,3,2,0
10445,1488.25,COUNTY,WINERY,0,6,9.44,15.44,3,2,0
10445,1488.25,COUNTY,WINERY,0,6,9.44,15.44,3,2,0
10445,1488.25,COUNTY,WINERY,0,6,9.44,15.44,3,2,0
10448,3499.08,COUNTY,HOSPITAL,0,12.48,0,12.48,6,4,0
10453,482.56,COUNTY,MOBILEHOME,0.48,2,1.44,3.92,1,1,0
10453,482.56,COUNTY,MOBILEHOME,0.48,2,1.44,3.92,1,1,0
10453,482.56,COUNTY,MOBILEHOME,0.48,2,1.44,3.92,1,1,0
10453,482.56,COUNTY,MOBILEHOME,0.48,2,1.44,3.92,1,1,0
10453,482.56,COUNTY,MOBILEHOME,0.48,2,1.44,3.92,1,1,0
10459,482.56,COUNTY,HOSPITAL,0,2,0.48,2.48,1,1,0
10459,482.56,COUNTY,HOSPITAL,0,2,0.48,2.48,1,1,0
10461,890.4,COUNTY,WINERY,1.28,4,0.96,6.24,2,1,0
10461,890.4,COUNTY,WINERY,1.28,4,0.96,6.24,2,1,0
10461,890.4,COUNTY,WINERY,1.28,4,0.96,6.24,2,1,0
10461,890.4,COUNTY,WINERY,1.28,4,0.96,6.24,2,1,0
10461,890.4,COUNTY,WINERY,1.28,4,0.96,6.24,2,1,0
10461,890.4,COUNTY,WINERY,1.28,4,0.96,6.24,2,1,0
10471,965.4,COUNTY,POLICEFIRE,0.96,4,4.48,9.440000000000001,2,1,0
10471,965.4,COUNTY,POLICEFIRE,0.96,4,4.48,9.440000000000001,2,1,0
10471,965.4,COUNTY,POLICEFIRE,0.96,4,4.48,9.440000000000001,2,1,0
10471,965.4,COUNTY,POLICEFIRE,0.96,4,4.48,9.440000000000001,2,1,0
10475,965.4,COUNTY,WINERY,0,4,6.96,10.96,2,1,0
10475,965.4,COUNTY,WINERY,0,4,6.96,10.96,2,1,0
10475,965.4,COUNTY,WINERY,0,4,6.96,10.96,2,1,0
10475,965.4,COUNTY,WINERY,0,4,6.96,10.96,2,1,0
10480,134.57,COUNTY,SCHOOL,0.48,0.48,0.48,1.44,0,0,1
10480,134.57,COUNTY,SCHOOL,0.48,0.48,0.48,1.44,0,0,1
10480,134.57,COUNTY,SCHOOL,0.48,0.48,0.48,1.44,0,0,1
10483,890.4,COUNTY,VINEYARD,0,4,1.44,5.4399999999999995,2,1,0
10483,890.4,COUNTY,VINEYARD,0,4,1.44,5.4399999999999995,2,1,0
10483,890.4,COUNTY,VINEYARD,0,4,1.44,5.4399999999999995,2,1,0
10483,890.4,COUNTY,VINEYARD,0,4,1.44,5.4399999999999995,2,1,0
10487,482.56,COUNTY,CHURCH,0.48,2,1.44,3.92,1,1,0
10487,482.56,COUNTY,CHURCH,0.48,2,1.44,3.92,1,1,0
10487,482.56,COUNTY,CHURCH,0.48,2,1.44,3.92,1,1,0
10488,699.2,COUNTY,SCHOOL,0.48,1.92,2.56,4.96,1,1,0
10488,699.2,COUNTY,SCHOOL,0.48,1.92,2.56,4.96,1,1,0
10488,699.2,COUNTY,SCHOOL,0.48,1.92,2.56,4.96,1,1,0
10488,699.2,COUNTY,SCHOOL,0.48,1.92,2.56,4.96,1,1,0
10488,699.2,COUNTY,SCHOOL,0.48,1.92,2.56,4.96,1,1,0
10490,482.56,COUNTY,SCHOOL,1.44,2,3.52,6.96,1,1,1
10490,482.56,COUNTY,SCHOOL,1.44,2,3.52,6.96,1,1,1
10490,482.56,COUNTY,SCHOOL,1.44,2,3.52,6.96,1,1,1
10490,482.56,COUNTY,SCHOOL,1.44,2,3.52,6.96,1,1,1
10490,482.56,COUNTY,SCHOOL,1.44,2,3.52,6.96,1,1,1
10490,482.56,COUNTY,SCHOOL,1.44,2,3.52,6.96,1,1,1
10490,482.56,COUNTY,SCHOOL,1.44,2,3.52,6.96,1,1,1
10490,482.56,COUNTY,SCHOOL,1.44,2,3.52,6.96,1,1,1
10490,482.56,COUNTY,SCHOOL,1.44,2,3.52,6.96,1,1,1
10490,482.56,COUNTY,SCHOOL,1.44,2,3.52,6.96,1,1,1
10490,482.56,COUNTY,SCHOOL,1.44,2,3.52,6.96,1,1,1
10500,363.91,S,MINI MART,0,2,1.44,3.44,1,1,0
10500,363.91,S,MINI MART,0,2,1.44,3.44,1,1,0
10503,667.81,COUNTY,VINEYARD,0,0,4,4,0,0,1
10507,965.4,COUNTY,WINERY,0.48,4,7.4399999999999995,11.92,2,1,0
10507,965.4,COUNTY,WINERY,0.48,4,7.4399999999999995,11.92,2,1,0
10507,965.4,COUNTY,WINERY,0.48,4,7.4399999999999995,11.92,2,1,0
10507,965.4,COUNTY,WINERY,0.48,4,7.4399999999999995,11.92,2,1,0
10510,1447.1,COUNTY,VINEYARD,0,4,0,4,2,1,0
10512,134.57,COUNTY,WINERY,0.48,0.48,0.48,1.44,0,0,1
10512,134.57,COUNTY,WINERY,0.48,0.48,0.48,1.44,0,0,1
10512,134.57,COUNTY,WINERY,0.48,0.48,0.48,1.44,0,0,1
10516,890.4,COUNTY,VINEYARD,0,4,1.44,5.4399999999999995,2,1,0
10516,890.4,COUNTY,VINEYARD,0,4,1.44,5.4399999999999995,2,1,0
10516,890.4,COUNTY,VINEYARD,0,4,1.44,5.4399999999999995,2,1,0
10516,890.4,COUNTY,VINEYARD,0,4,1.44,5.4399999999999995,2,1,0
10519,0,COUNTY,WINERY,0,3.5,7,10.5,2,1,0
10519,0,COUNTY,WINERY,0,3.5,7,10.5,2,1,0
10519,0,COUNTY,WINERY,0,3.5,7,10.5,2,1,0
10521,2440.1,COUNTY,WINERY,6,4,11.44,21.439999999999998,2,1,1
10521,2440.1,COUNTY,WINERY,6,4,11.44,21.439999999999998,2,1,1
10521,2440.1,COUNTY,WINERY,6,4,11.44,21.439999999999998,2,1,1
10521,2440.1,COUNTY,WINERY,6,4,11.44,21.439999999999998,2,1,1
10521,2440.1,COUNTY,WINERY,6,4,11.44,21.439999999999998,2,1,1
10521,2440.1,COUNTY,WINERY,6,4,11.44,21.439999999999998,2,1,1
10521,2440.1,COUNTY,WINERY,6,4,11.44,21.439999999999998,2,1,1
10521,2440.1,COUNTY,WINERY,6,4,11.44,21.439999999999998,2,1,1
10521,2440.1,COUNTY,WINERY,6,4,11.44,21.439999999999998,2,1,1
10522,134.57,COUNTY,POSTOFFICE,0,0.48,0.48,0.96,0,0,1
10522,134.57,COUNTY,POSTOFFICE,0,0.48,0.48,0.96,0,0,1
10523,1708.21,COUNTY,WINERY,0,4,13.44,17.439999999999998,2,1,0
10523,1708.21,COUNTY,WINERY,0,4,13.44,17.439999999999998,2,1,0
10523,1708.21,COUNTY,WINERY,0,4,13.44,17.439999999999998,2,1,0
10523,1708.21,COUNTY,WINERY,0,4,13.44,17.439999999999998,2,1,0
10523,1708.21,COUNTY,WINERY,0,4,13.44,17.439999999999998,2,1,0
10524,1373.25,COUNTY,GROCERY,5.76,6,4,15.76,3,2,1
10524,1373.25,COUNTY,GROCERY,5.76,6,4,15.76,3,2,1
10524,1373.25,COUNTY,GROCERY,5.76,6,4,15.76,3,2,1
10524,1373.25,COUNTY,GROCERY,5.76,6,4,15.76,3,2,1
10524,1373.25,COUNTY,GROCERY,5.76,6,4,15.76,3,2,1
10525,3579.43,COUNTY,WINERY,2.56,6,4,12.56,3,2,1
10525,3579.43,COUNTY,WINERY,2.56,6,4,12.56,3,2,1
10525,3579.43,COUNTY,WINERY,2.56,6,4,12.56,3,2,1
10525,3579.43,COUNTY,WINERY,2.56,6,4,12.56,3,2,1
10531,2532.43,COUNTY,VINEYARD,0,4,4,8,2,1,0
10531,2532.43,COUNTY,VINEYARD,0,4,4,8,2,1,0
10532,2721.53,COUNTY,WINERY,4,6,15.44,25.439999999999998,3,2,1
10532,2721.53,COUNTY,WINERY,4,6,15.44,25.439999999999998,3,2,1
10532,2721.53,COUNTY,WINERY,4,6,15.44,25.439999999999998,3,2,1
10532,2721.53,COUNTY,WINERY,4,6,15.44,25.439999999999998,3,2,1
10532,2721.53,COUNTY,WINERY,4,6,15.44,25.439999999999998,3,2,1
10532,2721.53,COUNTY,WINERY,4,6,15.44,25.439999999999998,3,2,1
10532,2721.53,COUNTY,WINERY,4,6,15.44,25.439999999999998,3,2,1
10532,2721.53,COUNTY,WINERY,4,6,15.44,25.439999999999998,3,2,1
10535,890.4,COUNTY,VINEYARD,0,4,0.48,4.48,2,1,0
10535,890.4,COUNTY,VINEYARD,0,4,0.48,4.48,2,1,0
10550,363.91,S,AUTO,0,2,1.44,3.44,1,1,0
10550,363.91,S,AUTO,0,2,1.44,3.44,1,1,0
10553,405.39,S,CONTRACTOR,1.92,0,2.4,4.32,0,0,1
10553,405.39,S,CONTRACTOR,1.92,0,2.4,4.32,0,0,1
10553,405.39,S,CONTRACTOR,1.92,0,2.4,4.32,0,0,1
10553,405.39,S,CONTRACTOR,1.92,0,2.4,4.32,0,0,1
10556,1197.36,S,WINERY,0,6,21.92,27.92,3,2,0
10556,1197.36,S,WINERY,0,6,21.92,27.92,3,2,0
10556,1197.36,S,WINERY,0,6,21.92,27.92,3,2,0
10556,1197.36,S,WINERY,0,6,21.92,27.92,3,2,0
10556,1197.36,S,WINERY,0,6,21.92,27.92,3,2,0
10556,1197.36,S,WINERY,0,6,21.92,27.92,3,2,0
10558,2327.97,Y,GROCERY,5.76,36,55.44,97.19999999999999,18,12,0
10558,2327.97,Y,GROCERY,5.76,36,55.44,97.19999999999999,18,12,0
10558,2327.97,Y,GROCERY,5.76,36,55.44,97.19999999999999,18,12,0
10558,2327.97,Y,GROCERY,5.76,36,55.44,97.19999999999999,18,12,0
10558,2327.97,Y,GROCERY,5.76,36,55.44,97.19999999999999,18,12,0
10558,2327.97,Y,GROCERY,5.76,36,55.44,97.19999999999999,18,12,0
10558,2327.97,Y,GROCERY,5.76,36,55.44,97.19999999999999,18,12,0
10558,2327.97,Y,GROCERY,5.76,36,55.44,97.19999999999999,18,12,0
10558,2327.97,Y,GROCERY,5.76,36,55.44,97.19999999999999,18,12,0
10558,2327.97,Y,GROCERY,5.76,36,55.44,97.19999999999999,18,12,0
10561,1861.82,Y,MULTIFAMIL,5.280000000000001,16,8.32,29.6,8,5,1
10561,1861.82,Y,MULTIFAMIL,5.280000000000001,16,8.32,29.6,8,5,1
10561,1861.82,Y,MULTIFAMIL,5.280000000000001,16,8.32,29.6,8,5,1
10561,1861.82,Y,MULTIFAMIL,5.280000000000001,16,8.32,29.6,8,5,1
10561,1861.82,Y,MULTIFAMIL,5.280000000000001,16,8.32,29.6,8,5,1
10561,1861.82,Y,MULTIFAMIL,5.280000000000001,16,8.32,29.6,8,5,1
10561,1861.82,Y,MULTIFAMIL,5.280000000000001,16,8.32,29.6,8,5,1
10561,1861.82,Y,MULTIFAMIL,5.280000000000001,16,8.32,29.6,8,5,1
10613,482.56,COUNTY,CONTRACTOR,0,2,0,2,1,1,0
10626,438.91,S,HOME IMPRO,0,2,16,18,1,1,0
10626,438.91,S,HOME IMPRO,0,2,16,18,1,1,0
10626,438.91,S,HOME IMPRO,0,2,16,18,1,1,0
10628,515.46,C,MEDICAL,0.48,2,1.92,4.4,1,1,0
10628,515.46,C,MEDICAL,0.48,2,1.92,4.4,1,1,0
10628,515.46,C,MEDICAL,0.48,2,1.92,4.4,1,1,0
10628,515.46,C,MEDICAL,0.48,2,1.92,4.4,1,1,0
10628,515.46,C,MEDICAL,0.48,2,1.92,4.4,1,1,0
10628,515.46,C,MEDICAL,0.48,2,1.92,4.4,1,1,0
10638,413.91,S,OFFICE BLD,0,2,1.44,3.44,1,1,0
10638,413.91,S,OFFICE BLD,0,2,1.44,3.44,1,1,0
10642,363.91,S,LODGING,0,2,0.96,2.96,1,1,0
10642,363.91,S,LODGING,0,2,0.96,2.96,1,1,0
10648,1788.94,COUNTY,WINERY,0.32,8,5.4399999999999995,13.76,4,3,0
10648,1788.94,COUNTY,WINERY,0.32,8,5.4399999999999995,13.76,4,3,0
10648,1788.94,COUNTY,WINERY,0.32,8,5.4399999999999995,13.76,4,3,0
10648,1788.94,COUNTY,WINERY,0.32,8,5.4399999999999995,13.76,4,3,0
10648,1788.94,COUNTY,WINERY,0.32,8,5.4399999999999995,13.76,4,3,0
10648,1788.94,COUNTY,WINERY,0.32,8,5.4399999999999995,13.76,4,3,0
10648,1788.94,COUNTY,WINERY,0.32,8,5.4399999999999995,13.76,4,3,0
10669,233.06,COUNTY,WINERY,0,0.64,0.48,1.12,0,0,1
10669,233.06,COUNTY,WINERY,0,0.64,0.48,1.12,0,0,1
10730,1856.1,COUNTY,WINERY,0,16,8.96,24.96,8,5,0
10730,1856.1,COUNTY,WINERY,0,16,8.96,24.96,8,5,0
10730,1856.1,COUNTY,WINERY,0,16,8.96,24.96,8,5,0
10730,1856.1,COUNTY,WINERY,0,16,8.96,24.96,8,5,0
10730,1856.1,COUNTY,WINERY,0,16,8.96,24.96,8,5,0
10730,1856.1,COUNTY,WINERY,0,16,8.96,24.96,8,5,0
10771,1040.4,COUNTY,WINERY,0,4,20,24,2,1,0
10771,1040.4,COUNTY,WINERY,0,4,20,24,2,1,0
10771,1040.4,COUNTY,WINERY,0,4,20,24,2,1,0
10771,1040.4,COUNTY,WINERY,0,4,20,24,2,1,0
10778,32.62,S,ENTERTAINM,0,0.16,0.48,0.64,0,0,1
10778,32.62,S,ENTERTAINM,0,0.16,0.48,0.64,0,0,1
10791,131.25,COUNTY,WINERY,0.48,0.32,0.48,1.28,0,0,1
10791,131.25,COUNTY,WINERY,0.48,0.32,0.48,1.28,0,0,1
10791,131.25,COUNTY,WINERY,0.48,0.32,0.48,1.28,0,0,1
10831,503.88,S,OFFICE BLD,0.96,2,1.92,4.88,1,1,0
10831,503.88,S,OFFICE BLD,0.96,2,1.92,4.88,1,1,0
10831,503.88,S,OFFICE BLD,0.96,2,1.92,4.88,1,1,0
10831,503.88,S,OFFICE BLD,0.96,2,1.92,4.88,1,1,0
10831,503.88,S,OFFICE BLD,0.96,2,1.92,4.88,1,1,0
10870,1040.4,COUNTY,WINERY,0,4,10,14,2,1,0
10870,1040.4,COUNTY,WINERY,0,4,10,14,2,1,0
10870,1040.4,COUNTY,WINERY,0,4,10,14,2,1,0
10922,1353.97,S,OFFICE BLD,0,16,4.48,20.48,8,5,0
10922,1353.97,S,OFFICE BLD,0,16,4.48,20.48,8,5,0
10922,1353.97,S,OFFICE BLD,0,16,4.48,20.48,8,5,0
10922,1353.97,S,OFFICE BLD,0,16,4.48,20.48,8,5,0
10924,89.71,COUNTY,HOME IMPRO,0.48,0.32,0.48,1.28,0,0,1
10924,89.71,COUNTY,HOME IMPRO,0.48,0.32,0.48,1.28,0,0,1
10924,89.71,COUNTY,HOME IMPRO,0.48,0.32,0.48,1.28,0,0,1
10929,134.57,COUNTY,WINERY,0.48,0.48,0.48,1.44,0,0,1
10929,134.57,COUNTY,WINERY,0.48,0.48,0.48,1.44,0,0,1
10929,134.57,COUNTY,WINERY,0.48,0.48,0.48,1.44,0,0,1
10959,813.49,COUNTY,WINERY,0.8,2,11.92,14.719999999999999,1,1,0
10959,813.49,COUNTY,WINERY,0.8,2,11.92,14.719999999999999,1,1,0
10959,813.49,COUNTY,WINERY,0.8,2,11.92,14.719999999999999,1,1,0
10959,813.49,COUNTY,WINERY,0.8,2,11.92,14.719999999999999,1,1,0
10959,813.49,COUNTY,WINERY,0.8,2,11.92,14.719999999999999,1,1,0
10959,813.49,COUNTY,WINERY,0.8,2,11.92,14.719999999999999,1,1,0
10959,813.49,COUNTY,WINERY,0.8,2,11.92,14.719999999999999,1,1,0
10959,813.49,COUNTY,WINERY,0.8,2,11.92,14.719999999999999,1,1,0
10959,813.49,COUNTY,WINERY,0.8,2,11.92,14.719999999999999,1,1,0
10964,743.93,S,UTILITY,0,4,4.48,8.48,2,1,0
10964,743.93,S,UTILITY,0,4,4.48,8.48,2,1,0
10964,743.93,S,UTILITY,0,4,4.48,8.48,2,1,0
11025,202.68,C,MULTIFAMIL,0.48,0.96,1.92,3.36,0,0,1
11025,202.68,C,MULTIFAMIL,0.48,0.96,1.92,3.36,0,0,1
11025,202.68,C,MULTIFAMIL,0.48,0.96,1.92,3.36,0,0,1
11025,202.68,C,MULTIFAMIL,0.48,0.96,1.92,3.36,0,0,1
11025,202.68,C,MULTIFAMIL,0.48,0.96,1.92,3.36,0,0,1
11025,202.68,C,MULTIFAMIL,0.48,0.96,1.92,3.36,0,0,1
11049,2032.03,COUNTY,WINERY,0,16,53.92,69.92,8,5,0
11049,2032.03,COUNTY,WINERY,0,16,53.92,69.92,8,5,0
11049,2032.03,COUNTY,WINERY,0,16,53.92,69.92,8,5,0
11049,2032.03,COUNTY,WINERY,0,16,53.92,69.92,8,5,0
11049,2032.03,COUNTY,WINERY,0,16,53.92,69.92,8,5,0
11049,2032.03,COUNTY,WINERY,0,16,53.92,69.92,8,5,0
11049,2032.03,COUNTY,WINERY,0,16,53.92,69.92,8,5,0
11049,2032.03,COUNTY,WINERY,0,16,53.92,69.92,8,5,0
11049,2032.03,COUNTY,WINERY,0,16,53.92,69.92,8,5,0
11049,2032.03,COUNTY,WINERY,0,16,53.92,69.92,8,5,0
11049,2032.03,COUNTY,WINERY,0,16,53.92,69.92,8,5,0
11086,482.56,COUNTY,VINEYARD,0.48,2,0.48,2.96,1,1,0
11086,482.56,COUNTY,VINEYARD,0.48,2,0.48,2.96,1,1,0
11086,482.56,COUNTY,VINEYARD,0.48,2,0.48,2.96,1,1,0
11110,103.93,C,MEDICAL,0.48,0.48,0,0.96,0,0,1
11110,103.93,C,MEDICAL,0.48,0.48,0,0.96,0,0,1
11132,168.9,C,MULTIFAMIL,2.4,0.8,2.4,5.6,0,0,1
11132,168.9,C,MULTIFAMIL,2.4,0.8,2.4,5.6,0,0,1
11132,168.9,C,MULTIFAMIL,2.4,0.8,2.4,5.6,0,0,1
11132,168.9,C,MULTIFAMIL,2.4,0.8,2.4,5.6,0,0,1
11132,168.9,C,MULTIFAMIL,2.4,0.8,2.4,5.6,0,0,1
11132,168.9,C,MULTIFAMIL,2.4,0.8,2.4,5.6,0,0,1
11132,168.9,C,MULTIFAMIL,2.4,0.8,2.4,5.6,0,0,1
11132,168.9,C,MULTIFAMIL,2.4,0.8,2.4,5.6,0,0,1
11132,168.9,C,MULTIFAMIL,2.4,0.8,2.4,5.6,0,0,1
11132,168.9,C,MULTIFAMIL,2.4,0.8,2.4,5.6,0,0,1
11132,168.9,C,MULTIFAMIL,2.4,0.8,2.4,5.6,0,0,1
11147,7995.2,C,MOBILEHOME,91.2,30.400000000000002,92.16000000000001,213.76000000000002,15,10,1
11147,7995.2,C,MOBILEHOME,91.2,30.400000000000002,92.16000000000001,213.76000000000002,15,10,1
11147,7995.2,C,MOBILEHOME,91.2,30.400000000000002,92.16000000000001,213.76000000000002,15,10,1
11147,7995.2,C,MOBILEHOME,91.2,30.400000000000002,92.16000000000001,213.76000000000002,15,10,1
11147,7995.2,C,MOBILEHOME,91.2,30.400000000000002,92.16000000000001,213.76000000000002,15,10,1
11157,32.62,S,RETAIL,0,0.16,0,0.16,0,0,1
11162,1723.97,COUNTY,WINERY,0.32,8,6.400000000000001,14.720000000000002,4,3,0
11162,1723.97,COUNTY,WINERY,0.32,8,6.400000000000001,14.720000000000002,4,3,0
11162,1723.97,COUNTY,WINERY,0.32,8,6.400000000000001,14.720000000000002,4,3,0
11162,1723.97,COUNTY,WINERY,0.32,8,6.400000000000001,14.720000000000002,4,3,0
11162,1723.97,COUNTY,WINERY,0.32,8,6.400000000000001,14.720000000000002,4,3,0
11162,1723.97,COUNTY,WINERY,0.32,8,6.400000000000001,14.720000000000002,4,3,0
11162,1723.97,COUNTY,WINERY,0.32,8,6.400000000000001,14.720000000000002,4,3,0
11162,1723.97,COUNTY,WINERY,0.32,8,6.400000000000001,14.720000000000002,4,3,0
11174,890.4,COUNTY,WINERY,0.8,4,1.44,6.24,2,1,0
11174,890.4,COUNTY,WINERY,0.8,4,1.44,6.24,2,1,0
11174,890.4,COUNTY,WINERY,0.8,4,1.44,6.24,2,1,0
11174,890.4,COUNTY,WINERY,0.8,4,1.44,6.24,2,1,0
11224,103.92,C,MULTIFAMIL,0.48,0.48,1.44,2.4,0,0,1
11224,103.92,C,MULTIFAMIL,0.48,0.48,1.44,2.4,0,0,1
11224,103.92,C,MULTIFAMIL,0.48,0.48,1.44,2.4,0,0,1
11224,103.92,C,MULTIFAMIL,0.48,0.48,1.44,2.4,0,0,1
11224,103.92,C,MULTIFAMIL,0.48,0.48,1.44,2.4,0,0,1
11224,103.92,C,MULTIFAMIL,0.48,0.48,1.44,2.4,0,0,1
11224,103.92,C,MULTIFAMIL,0.48,0.48,1.44,2.4,0,0,1
11255,1048.95,S,SCHOOL,0.48,6,4,10.48,3,2,0
11255,1048.95,S,SCHOOL,0.48,6,4,10.48,3,2,0
11255,1048.95,S,SCHOOL,0.48,6,4,10.48,3,2,0
11256,146.82,S,SCHOOL,6.5600000000000005,0,2.4,8.96,0,0,1
11256,146.82,S,SCHOOL,6.5600000000000005,0,2.4,8.96,0,0,1
11256,146.82,S,SCHOOL,6.5600000000000005,0,2.4,8.96,0,0,1
11256,146.82,S,SCHOOL,6.5600000000000005,0,2.4,8.96,0,0,1
11256,146.82,S,SCHOOL,6.5600000000000005,0,2.4,8.96,0,0,1
11256,146.82,S,SCHOOL,6.5600000000000005,0,2.4,8.96,0,0,1
11256,146.82,S,SCHOOL,6.5600000000000005,0,2.4,8.96,0,0,1
11282,97.87,S,COMMUNITY,0.8,0.48,0.48,1.76,0,0,1
11282,97.87,S,COMMUNITY,0.8,0.48,0.48,1.76,0,0,1
11282,97.87,S,COMMUNITY,0.8,0.48,0.48,1.76,0,0,1
11282,97.87,S,COMMUNITY,0.8,0.48,0.48,1.76,0,0,1
11302,1481.22,S,WINERY,6.48,4,9.44,19.92,2,1,1
11302,1481.22,S,WINERY,6.48,4,9.44,19.92,2,1,1
11302,1481.22,S,WINERY,6.48,4,9.44,19.92,2,1,1
11302,1481.22,S,WINERY,6.48,4,9.44,19.92,2,1,1
11302,1481.22,S,WINERY,6.48,4,9.44,19.92,2,1,1
11302,1481.22,S,WINERY,6.48,4,9.44,19.92,2,1,1
11309,3698.56,COUNTY,WINERY,0,4,34,38,2,1,0
11309,3698.56,COUNTY,WINERY,0,4,34,38,2,1,0
11309,3698.56,COUNTY,WINERY,0,4,34,38,2,1,0
11309,3698.56,COUNTY,WINERY,0,4,34,38,2,1,0
11309,3698.56,COUNTY,WINERY,0,4,34,38,2,1,0
11342,435.94,Y,BAR NO FW,0,2,0,2,1,1,0
11349,365.88,COUNTY,PARK,0,0.96,0.96,1.92,0,0,1
11349,365.88,COUNTY,PARK,0,0.96,0.96,1.92,0,0,1
11349,365.88,COUNTY,PARK,0,0.96,0.96,1.92,0,0,1
11349,365.88,COUNTY,PARK,0,0.96,0.96,1.92,0,0,1
11370,2266.06,COUNTY,WINERY,0.48,6,61.44,67.92,3,2,0
11370,2266.06,COUNTY,WINERY,0.48,6,61.44,67.92,3,2,0
11370,2266.06,COUNTY,WINERY,0.48,6,61.44,67.92,3,2,0
11370,2266.06,COUNTY,WINERY,0.48,6,61.44,67.92,3,2,0
11370,2266.06,COUNTY,WINERY,0.48,6,61.44,67.92,3,2,0
11370,2266.06,COUNTY,WINERY,0.48,6,61.44,67.92,3,2,0
11370,2266.06,COUNTY,WINERY,0.48,6,61.44,67.92,3,2,0
11370,2266.06,COUNTY,WINERY,0.48,6,61.44,67.92,3,2,0
11370,2266.06,COUNTY,WINERY,0.48,6,61.44,67.92,3,2,0
11370,2266.06,COUNTY,WINERY,0.48,6,61.44,67.92,3,2,0
11370,2266.06,COUNTY,WINERY,0.48,6,61.44,67.92,3,2,0
11370,2266.06,COUNTY,WINERY,0.48,6,61.44,67.92,3,2,0
11402,2139.51,C,LODGING-FW,12.48,6,30.720000000000002,49.2,3,2,1
11402,2139.51,C,LODGING-FW,12.48,6,30.720000000000002,49.2,3,2,1
11402,2139.51,C,LODGING-FW,12.48,6,30.720000000000002,49.2,3,2,1
11402,2139.51,C,LODGING-FW,12.48,6,30.720000000000002,49.2,3,2,1
11402,2139.51,C,LODGING-FW,12.48,6,30.720000000000002,49.2,3,2,1
11402,2139.51,C,LODGING-FW,12.48,6,30.720000000000002,49.2,3,2,1
11402,2139.51,C,LODGING-FW,12.48,6,30.720000000000002,49.2,3,2,1
11402,2139.51,C,LODGING-FW,12.48,6,30.720000000000002,49.2,3,2,1
11402,2139.51,C,LODGING-FW,12.48,6,30.720000000000002,49.2,3,2,1
11402,2139.51,C,LODGING-FW,12.48,6,30.720000000000002,49.2,3,2,1
11402,2139.51,C,LODGING-FW,12.48,6,30.720000000000002,49.2,3,2,1
11402,2139.51,C,LODGING-FW,12.48,6,30.720000000000002,49.2,3,2,1
11436,892.19,S,WINERY,4.48,2,1.92,8.4,1,1,1
11436,892.19,S,WINERY,4.48,2,1.92,8.4,1,1,1
11436,892.19,S,WINERY,4.48,2,1.92,8.4,1,1,1
11436,892.19,S,WINERY,4.48,2,1.92,8.4,1,1,1
11436,892.19,S,WINERY,4.48,2,1.92,8.4,1,1,1
11451,862.31,C,MULTIFAMIL,0.96,4,0.96,5.92,2,1,0
11451,862.31,C,MULTIFAMIL,0.96,4,0.96,5.92,2,1,0
11451,862.31,C,MULTIFAMIL,0.96,4,0.96,5.92,2,1,0
11451,862.31,C,MULTIFAMIL,0.96,4,0.96,5.92,2,1,0
11451,862.31,C,MULTIFAMIL,0.96,4,0.96,5.92,2,1,0
11457,363.91,S,RETAIL,0,2,0.96,2.96,1,1,0
11457,363.91,S,RETAIL,0,2,0.96,2.96,1,1,0
11474,32.62,S,COMMUNITY,0,0.16,0.48,0.64,0,0,1
11474,32.62,S,COMMUNITY,0,0.16,0.48,0.64,0,0,1
11483,3450.26,COUNTY,WINERY,0.96,16,24.96,41.92,8,5,0
11483,3450.26,COUNTY,WINERY,0.96,16,24.96,41.92,8,5,0
11483,3450.26,COUNTY,WINERY,0.96,16,24.96,41.92,8,5,0
11483,3450.26,COUNTY,WINERY,0.96,16,24.96,41.92,8,5,0
11483,3450.26,COUNTY,WINERY,0.96,16,24.96,41.92,8,5,0
11483,3450.26,COUNTY,WINERY,0.96,16,24.96,41.92,8,5,0
11483,3450.26,COUNTY,WINERY,0.96,16,24.96,41.92,8,5,0
11483,3450.26,COUNTY,WINERY,0.96,16,24.96,41.92,8,5,0
11483,3450.26,COUNTY,WINERY,0.96,16,24.96,41.92,8,5,0
11512,163.1,S,MULTIFAMIL,0.48,0.8,0.96,2.24,0,0,1
11512,163.1,S,MULTIFAMIL,0.48,0.8,0.96,2.24,0,0,1
11512,163.1,S,MULTIFAMIL,0.48,0.8,0.96,2.24,0,0,1
11513,965.4,COUNTY,WINERY,0.48,4,7.4399999999999995,11.92,2,1,0
11513,965.4,COUNTY,WINERY,0.48,4,7.4399999999999995,11.92,2,1,0
11513,965.4,COUNTY,WINERY,0.48,4,7.4399999999999995,11.92,2,1,0
11513,965.4,COUNTY,WINERY,0.48,4,7.4399999999999995,11.92,2,1,0
11513,965.4,COUNTY,WINERY,0.48,4,7.4399999999999995,11.92,2,1,0
11513,965.4,COUNTY,WINERY,0.48,4,7.4399999999999995,11.92,2,1,0
11522,540.19,COUNTY,WINERY,0,2,1.44,3.44,1,1,0
11522,540.19,COUNTY,WINERY,0,2,1.44,3.44,1,1,0
11522,540.19,COUNTY,WINERY,0,2,1.44,3.44,1,1,0
11522,540.19,COUNTY,WINERY,0,2,1.44,3.44,1,1,0
11529,363.91,S,WINERY,0,2,1.44,3.44,1,1,0
11529,363.91,S,WINERY,0,2,1.44,3.44,1,1,0
11529,363.91,S,WINERY,0,2,1.44,3.44,1,1,0
11529,363.91,S,WINERY,0,2,1.44,3.44,1,1,0
11536,293.71,COUNTY,WINERY,0,0.48,5.4399999999999995,5.92,0,0,1
11536,293.71,COUNTY,WINERY,0,0.48,5.4399999999999995,5.92,0,0,1
11536,293.71,COUNTY,WINERY,0,0.48,5.4399999999999995,5.92,0,0,1
11554,2671.79,COUNTY,RESTAURANT,14.879999999999999,24,59.44,98.32,12,8,1
11554,2671.79,COUNTY,RESTAURANT,14.879999999999999,24,59.44,98.32,12,8,1
11554,2671.79,COUNTY,RESTAURANT,14.879999999999999,24,59.44,98.32,12,8,1
11554,2671.79,COUNTY,RESTAURANT,14.879999999999999,24,59.44,98.32,12,8,1
11554,2671.79,COUNTY,RESTAURANT,14.879999999999999,24,59.44,98.32,12,8,1
11554,2671.79,COUNTY,RESTAURANT,14.879999999999999,24,59.44,98.32,12,8,1
11554,2671.79,COUNTY,RESTAURANT,14.879999999999999,24,59.44,98.32,12,8,1
11554,2671.79,COUNTY,RESTAURANT,14.879999999999999,24,59.44,98.32,12,8,1
11554,2671.79,COUNTY,RESTAURANT,14.879999999999999,24,59.44,98.32,12,8,1
11554,2671.79,COUNTY,RESTAURANT,14.879999999999999,24,59.44,98.32,12,8,1
11554,2671.79,COUNTY,RESTAURANT,14.879999999999999,24,59.44,98.32,12,8,1
11554,2671.79,COUNTY,RESTAURANT,14.879999999999999,24,59.44,98.32,12,8,1
11554,2671.79,COUNTY,RESTAURANT,14.879999999999999,24,59.44,98.32,12,8,1
11563,33.75,Y,HOA,0,0.16,0.48,0.64,0,0,1
11563,33.75,Y,HOA,0,0.16,0.48,0.64,0,0,1
11565,363.91,S,LANDSCAPER,0,2,0,2,1,1,0
11567,0,COUNTY,WINERY,0,3.5,4.9399999999999995,8.44,2,1,0
11567,0,COUNTY,WINERY,0,3.5,4.9399999999999995,8.44,2,1,0
11567,0,COUNTY,WINERY,0,3.5,4.9399999999999995,8.44,2,1,0
11570,269.13,COUNTY,WINERY,0.48,0.96,1.44,2.88,0,0,1
11570,269.13,COUNTY,WINERY,0.48,0.96,1.44,2.88,0,0,1
11570,269.13,COUNTY,WINERY,0.48,0.96,1.44,2.88,0,0,1
11570,269.13,COUNTY,WINERY,0.48,0.96,1.44,2.88,0,0,1
11570,269.13,COUNTY,WINERY,0.48,0.96,1.44,2.88,0,0,1
11570,269.13,COUNTY,WINERY,0.48,0.96,1.44,2.88,0,0,1
11570,269.13,COUNTY,WINERY,0.48,0.96,1.44,2.88,0,0,1
11607,284.84,Y,FOURPLEX,0.48,0.96,0.96,2.4,0,0,1
11607,284.84,Y,FOURPLEX,0.48,0.96,0.96,2.4,0,0,1
11607,284.84,Y,FOURPLEX,0.48,0.96,0.96,2.4,0,0,1
11607,284.84,Y,FOURPLEX,0.48,0.96,0.96,2.4,0,0,1
11643,617.13,COUNTY,OFFICE BLD,0.48,2.48,0.48,3.44,1,1,0
11643,617.13,COUNTY,OFFICE BLD,0.48,2.48,0.48,3.44,1,1,0
11643,617.13,COUNTY,OFFICE BLD,0.48,2.48,0.48,3.44,1,1,0
11643,617.13,COUNTY,OFFICE BLD,0.48,2.48,0.48,3.44,1,1,0
11664,2116.06,COUNTY,WINERY,0,6,44,50,3,2,0
11664,2116.06,COUNTY,WINERY,0,6,44,50,3,2,0
11664,2116.06,COUNTY,WINERY,0,6,44,50,3,2,0
11664,2116.06,COUNTY,WINERY,0,6,44,50,3,2,0
11664,2116.06,COUNTY,WINERY,0,6,44,50,3,2,0
11664,2116.06,COUNTY,WINERY,0,6,44,50,3,2,0
11689,32.62,S,OFFICE BLD,0,0.16,0.48,0.64,0,0,1
11689,32.62,S,OFFICE BLD,0,0.16,0.48,0.64,0,0,1
11723,1040.4,COUNTY,WINERY,0,4,8,12,2,1,0
11723,1040.4,COUNTY,WINERY,0,4,8,12,2,1,0
11723,1040.4,COUNTY,WINERY,0,4,8,12,2,1,0
11728,134.57,COUNTY,OFFICE BLD,0,0.48,0.48,0.96,0,0,1
11728,134.57,COUNTY,OFFICE BLD,0,0.48,0.48,0.96,0,0,1
11731,130.5,S,RETAIL,0,1.28,0.48,1.76,1,0,0
11731,130.5,S,RETAIL,0,1.28,0.48,1.76,1,0,0
11731,130.5,S,RETAIL,0,1.28,0.48,1.76,1,0,0
11739,1121.14,COUNTY,VINEYARD,0,4,0,4,2,1,0
11750,195.74,S,CHURCH,0.96,0.96,0.96,2.88,0,0,1
11750,195.74,S,CHURCH,0.96,0.96,0.96,2.88,0,0,1
11750,195.74,S,CHURCH,0.96,0.96,0.96,2.88,0,0,1
11760,4606.93,C,LODGING,0,18,54,72,9,6,0
11760,4606.93,C,LODGING,0,18,54,72,9,6,0
11760,4606.93,C,LODGING,0,18,54,72,9,6,0
11760,4606.93,C,LODGING,0,18,54,72,9,6,0
11766,3884.06,C,RESTAURANT,0,36,52,88,18,12,0
11766,3884.06,C,RESTAURANT,0,36,52,88,18,12,0
11766,3884.06,C,RESTAURANT,0,36,52,88,18,12,0
11766,3884.06,C,RESTAURANT,0,36,52,88,18,12,0
11766,3884.06,C,RESTAURANT,0,36,52,88,18,12,0
11766,3884.06,C,RESTAURANT,0,36,52,88,18,12,0
11766,3884.06,C,RESTAURANT,0,36,52,88,18,12,0
11766,3884.06,C,RESTAURANT,0,36,52,88,18,12,0
11788,1158.56,C,MULTIFAMIL,0.48,6,1.44,7.92,3,2,0
11788,1158.56,C,MULTIFAMIL,0.48,6,1.44,7.92,3,2,0
11788,1158.56,C,MULTIFAMIL,0.48,6,1.44,7.92,3,2,0
11788,1158.56,C,MULTIFAMIL,0.48,6,1.44,7.92,3,2,0
11788,1158.56,C,MULTIFAMIL,0.48,6,1.44,7.92,3,2,0
11806,793.4,C,MULTIFAMIL,0,4,0,4,2,1,0
11807,557.56,COUNTY,WINERY,0,2,4.96,6.96,1,1,0
11807,557.56,COUNTY,WINERY,0,2,4.96,6.96,1,1,0
11807,557.56,COUNTY,WINERY,0,2,4.96,6.96,1,1,0
11808,97.87,S,OFFICE BLD,0,0.48,0.48,0.96,0,0,1
11808,97.87,S,OFFICE BLD,0,0.48,0.48,0.96,0,0,1
11841,1522.1,COUNTY,WINERY,0,4,0,4,2,1,0
11850,195.74,S,CHURCH,0.48,0.96,0.48,1.92,0,0,1
11850,195.74,S,CHURCH,0.48,0.96,0.48,1.92,0,0,1
11850,195.74,S,CHURCH,0.48,0.96,0.48,1.92,0,0,1
11852,32.62,S,MULTIFAMIL,0.48,0.16,0.48,1.12,0,0,1
11852,32.62,S,MULTIFAMIL,0.48,0.16,0.48,1.12,0,0,1
11852,32.62,S,MULTIFAMIL,0.48,0.16,0.48,1.12,0,0,1
11861,1150.37,COUNTY,WINERY,0.48,2,4,6.48,1,1,0
11861,1150.37,COUNTY,WINERY,0.48,2,4,6.48,1,1,0
11861,1150.37,COUNTY,WINERY,0.48,2,4,6.48,1,1,0
11870,97.87,S,WINERY,0,0.48,0.48,0.96,0,0,1
11870,97.87,S,WINERY,0,0.48,0.48,0.96,0,0,1
11890,97.87,S,RETAIL,0,0.48,0.48,0.96,0,0,1
11890,97.87,S,RETAIL,0,0.48,0.48,0.96,0,0,1
11911,318.1,S,RESTAURANT,5.76,0.48,1.92,8.16,0,0,1
11911,318.1,S,RESTAURANT,5.76,0.48,1.92,8.16,0,0,1
11911,318.1,S,RESTAURANT,5.76,0.48,1.92,8.16,0,0,1
11911,318.1,S,RESTAURANT,5.76,0.48,1.92,8.16,0,0,1
11911,318.1,S,RESTAURANT,5.76,0.48,1.92,8.16,0,0,1
11911,318.1,S,RESTAURANT,5.76,0.48,1.92,8.16,0,0,1
11911,318.1,S,RESTAURANT,5.76,0.48,1.92,8.16,0,0,1
11911,318.1,S,RESTAURANT,5.76,0.48,1.92,8.16,0,0,1
11920,2596.5,COUNTY,MEDICAL,0,12,3.84,15.84,6,4,0
11920,2596.5,COUNTY,MEDICAL,0,12,3.84,15.84,6,4,0
11920,2596.5,COUNTY,MEDICAL,0,12,3.84,15.84,6,4,0
11920,2596.5,COUNTY,MEDICAL,0,12,3.84,15.84,6,4,0
11920,2596.5,COUNTY,MEDICAL,0,12,3.84,15.84,6,4,0
11920,2596.5,COUNTY,MEDICAL,0,12,3.84,15.84,6,4,0
11920,2596.5,COUNTY,MEDICAL,0,12,3.84,15.84,6,4,0
11920,2596.5,COUNTY,MEDICAL,0,12,3.84,15.84,6,4,0
11920,2596.5,COUNTY,MEDICAL,0,12,3.84,15.84,6,4,0
11920,2596.5,COUNTY,MEDICAL,0,12,3.84,15.84,6,4,0
11956,65.25,S,RETAIL,0,0.32,0.48,0.8,0,0,1
11956,65.25,S,RETAIL,0,0.32,0.48,0.8,0,0,1
11972,2348.22,Y,HOA,0,8,4,12,4,3,0
11972,2348.22,Y,HOA,0,8,4,12,4,3,0
11972,2348.22,Y,HOA,0,8,4,12,4,3,0
11994,506.7,C,MULTIFAMIL,0.48,2.4,1.92,4.8,1,1,0
11994,506.7,C,MULTIFAMIL,0.48,2.4,1.92,4.8,1,1,0
11994,506.7,C,MULTIFAMIL,0.48,2.4,1.92,4.8,1,1,0
11994,506.7,C,MULTIFAMIL,0.48,2.4,1.92,4.8,1,1,0
11994,506.7,C,MULTIFAMIL,0.48,2.4,1.92,4.8,1,1,0
12074,103.93,C,UTILITY,0.48,0.48,0.48,1.44,0,0,1
12074,103.93,C,UTILITY,0.48,0.48,0.48,1.44,0,0,1
12074,103.93,C,UTILITY,0.48,0.48,0.48,1.44,0,0,1
12099,97.87,S,DELI/CAFE,0,0.48,0.48,0.96,0,0,1
12099,97.87,S,DELI/CAFE,0,0.48,0.48,0.96,0,0,1
12171,743.93,S,CATERING,11.52,4,97.44,112.96,2,1,1
12171,743.93,S,CATERING,11.52,4,97.44,112.96,2,1,1
12171,743.93,S,CATERING,11.52,4,97.44,112.96,2,1,1
12171,743.93,S,CATERING,11.52,4,97.44,112.96,2,1,1
12171,743.93,S,CATERING,11.52,4,97.44,112.96,2,1,1
12171,743.93,S,CATERING,11.52,4,97.44,112.96,2,1,1
12171,743.93,S,CATERING,11.52,4,97.44,112.96,2,1,1
12171,743.93,S,CATERING,11.52,4,97.44,112.96,2,1,1
12171,743.93,S,CATERING,11.52,4,97.44,112.96,2,1,1
12171,743.93,S,CATERING,11.52,4,97.44,112.96,2,1,1
12171,743.93,S,CATERING,11.52,4,97.44,112.96,2,1,1
12188,2011.34,COUNTY,MEMBER,0,8,0.96,8.96,4,3,0
12188,2011.34,COUNTY,MEMBER,0,8,0.96,8.96,4,3,0
12188,2011.34,COUNTY,MEMBER,0,8,0.96,8.96,4,3,0
12188,2011.34,COUNTY,MEMBER,0,8,0.96,8.96,4,3,0
12227,3129.38,COUNTY,WINERY,6.5600000000000005,16,4,26.560000000000002,8,5,0
12227,3129.38,COUNTY,WINERY,6.5600000000000005,16,4,26.560000000000002,8,5,0
12227,3129.38,COUNTY,WINERY,6.5600000000000005,16,4,26.560000000000002,8,5,0
12227,3129.38,COUNTY,WINERY,6.5600000000000005,16,4,26.560000000000002,8,5,0
12227,3129.38,COUNTY,WINERY,6.5600000000000005,16,4,26.560000000000002,8,5,0
12227,3129.38,COUNTY,WINERY,6.5600000000000005,16,4,26.560000000000002,8,5,0
12263,139.98,S,CHURCH,0,0.48,0,0.48,0,0,1
12270,605.47,COUNTY,WINERY,4,0,1.44,5.4399999999999995,0,0,1
12270,605.47,COUNTY,WINERY,4,0,1.44,5.4399999999999995,0,0,1
12276,134.57,COUNTY,VINEYARD,0,0.48,0.48,0.96,0,0,1
12276,134.57,COUNTY,VINEYARD,0,0.48,0.48,0.96,0,0,1
12317,1532.6,C,MULTIFAMIL,0,4,4,8,2,1,0
12317,1532.6,C,MULTIFAMIL,0,4,4,8,2,1,0
12347,482.56,COUNTY,VINEYARD,0.48,2,0.48,2.96,1,1,0
12347,482.56,COUNTY,VINEYARD,0.48,2,0.48,2.96,1,1,0
12347,482.56,COUNTY,VINEYARD,0.48,2,0.48,2.96,1,1,0
12359,1460.92,S,WINERY,0.32,0,12,12.32,0,0,1
12359,1460.92,S,WINERY,0.32,0,12,12.32,0,0,1
12359,1460.92,S,WINERY,0.32,0,12,12.32,0,0,1
12379,34.64,C,RETAIL,0,0.16,0.48,0.64,0,0,1
12379,34.64,C,RETAIL,0,0.16,0.48,0.64,0,0,1
12383,33.75,Y,WINERY,0,0.16,0.48,0.64,0,0,1
12383,33.75,Y,WINERY,0,0.16,0.48,0.64,0,0,1
12413,417.56,S,WINERY,0.48,0.96,5.92,7.359999999999999,0,0,1
12413,417.56,S,WINERY,0.48,0.96,5.92,7.359999999999999,0,0,1
12413,417.56,S,WINERY,0.48,0.96,5.92,7.359999999999999,0,0,1
12413,417.56,S,WINERY,0.48,0.96,5.92,7.359999999999999,0,0,1
12413,417.56,S,WINERY,0.48,0.96,5.92,7.359999999999999,0,0,1
12415,2271.94,COUNTY,WINERY,0,6,6,12,3,2,0
12415,2271.94,COUNTY,WINERY,0,6,6,12,3,2,0
12446,134.57,COUNTY,WINERY,0.48,0.48,0.48,1.44,0,0,1
12446,134.57,COUNTY,WINERY,0.48,0.48,0.48,1.44,0,0,1
12446,134.57,COUNTY,WINERY,0.48,0.48,0.48,1.44,0,0,1
12469,1558.21,COUNTY,WINERY,0.32,4,4,8.32,2,1,0
12469,1558.21,COUNTY,WINERY,0.32,4,4,8.32,2,1,0
12469,1558.21,COUNTY,WINERY,0.32,4,4,8.32,2,1,0
12470,482.56,COUNTY,POLICEFIRE,0,2,0.96,2.96,1,1,0
12470,482.56,COUNTY,POLICEFIRE,0,2,0.96,2.96,1,1,0
12522,44.86,COUNTY,CONTRACTOR,0,0.16,0.48,0.64,0,0,1
12522,44.86,COUNTY,CONTRACTOR,0,0.16,0.48,0.64,0,0,1
12731,34.64,C,OFFICE BLD,0,0.16,0.48,0.64,0,0,1
12731,34.64,C,OFFICE BLD,0,0.16,0.48,0.64,0,0,1
12740,67.49,Y,OFFICE BLD,0.48,0.32,0.48,1.28,0,0,1
12740,67.49,Y,OFFICE BLD,0.48,0.32,0.48,1.28,0,0,1
12740,67.49,Y,OFFICE BLD,0.48,0.32,0.48,1.28,0,0,1
12752,89.71,COUNTY,COMMUNITY,0.48,0.32,0.48,1.28,0,0,1
12752,89.71,COUNTY,COMMUNITY,0.48,0.32,0.48,1.28,0,0,1
12752,89.71,COUNTY,COMMUNITY,0.48,0.32,0.48,1.28,0,0,1
12848,134.57,COUNTY,WINERY,0.48,0.48,0.96,1.92,0,0,1
12848,134.57,COUNTY,WINERY,0.48,0.48,0.96,1.92,0,0,1
12848,134.57,COUNTY,WINERY,0.48,0.48,0.96,1.92,0,0,1
12848,134.57,COUNTY,WINERY,0.48,0.48,0.96,1.92,0,0,1
12917,810.72,C,MULTIFAMIL,1.44,3.84,2.4,7.68,2,1,1
12917,810.72,C,MULTIFAMIL,1.44,3.84,2.4,7.68,2,1,1
12917,810.72,C,MULTIFAMIL,1.44,3.84,2.4,7.68,2,1,1
12917,810.72,C,MULTIFAMIL,1.44,3.84,2.4,7.68,2,1,1
12917,810.72,C,MULTIFAMIL,1.44,3.84,2.4,7.68,2,1,1
12929,3553.81,Y,LODGING-FW,5.76,36,20,61.76,18,12,0
12929,3553.81,Y,LODGING-FW,5.76,36,20,61.76,18,12,0
12929,3553.81,Y,LODGING-FW,5.76,36,20,61.76,18,12,0
12929,3553.81,Y,LODGING-FW,5.76,36,20,61.76,18,12,0
12929,3553.81,Y,LODGING-FW,5.76,36,20,61.76,18,12,0
12929,3553.81,Y,LODGING-FW,5.76,36,20,61.76,18,12,0
12929,3553.81,Y,LODGING-FW,5.76,36,20,61.76,18,12,0
12929,3553.81,Y,LODGING-FW,5.76,36,20,61.76,18,12,0
12929,3553.81,Y,LODGING-FW,5.76,36,20,61.76,18,12,0
13041,166.73,S,OFFICE BLD,0.8,0.32,1.44,2.56,0,0,1
13041,166.73,S,OFFICE BLD,0.8,0.32,1.44,2.56,0,0,1
13041,166.73,S,OFFICE BLD,0.8,0.32,1.44,2.56,0,0,1
13041,166.73,S,OFFICE BLD,0.8,0.32,1.44,2.56,0,0,1
13041,166.73,S,OFFICE BLD,0.8,0.32,1.44,2.56,0,0,1
13066,44.86,COUNTY,OFFICE BLD,0.48,0.16,0.48,1.12,0,0,1
13066,44.86,COUNTY,OFFICE BLD,0.48,0.16,0.48,1.12,0,0,1
13066,44.86,COUNTY,OFFICE BLD,0.48,0.16,0.48,1.12,0,0,1
13130,269.14,COUNTY,MULTIFAMIL,0,0.96,0.96,1.92,0,0,1
13130,269.14,COUNTY,MULTIFAMIL,0,0.96,0.96,1.92,0,0,1
13130,269.14,COUNTY,MULTIFAMIL,0,0.96,0.96,1.92,0,0,1
13130,269.14,COUNTY,MULTIFAMIL,0,0.96,0.96,1.92,0,0,1
13143,147.96,S,VINEYARD,0,0.16,0.96,1.1199999999999999,0,0,1
13143,147.96,S,VINEYARD,0,0.16,0.96,1.1199999999999999,0,0,1
13143,147.96,S,VINEYARD,0,0.16,0.96,1.1199999999999999,0,0,1
13144,735.49,S,LODGING,0.96,8,1.44,10.4,4,3,0
13144,735.49,S,LODGING,0.96,8,1.44,10.4,4,3,0
13144,735.49,S,LODGING,0.96,8,1.44,10.4,4,3,0
13144,735.49,S,LODGING,0.96,8,1.44,10.4,4,3,0
13144,735.49,S,LODGING,0.96,8,1.44,10.4,4,3,0
13145,3983.89,S,RESTAURANT,31.68,16,77.75999999999999,125.44,8,5,1
13145,3983.89,S,RESTAURANT,31.68,16,77.75999999999999,125.44,8,5,1
13145,3983.89,S,RESTAURANT,31.68,16,77.75999999999999,125.44,8,5,1
13145,3983.89,S,RESTAURANT,31.68,16,77.75999999999999,125.44,8,5,1
13145,3983.89,S,RESTAURANT,31.68,16,77.75999999999999,125.44,8,5,1
13145,3983.89,S,RESTAURANT,31.68,16,77.75999999999999,125.44,8,5,1
13145,3983.89,S,RESTAURANT,31.68,16,77.75999999999999,125.44,8,5,1
13145,3983.89,S,RESTAURANT,31.68,16,77.75999999999999,125.44,8,5,1
13145,3983.89,S,RESTAURANT,31.68,16,77.75999999999999,125.44,8,5,1
13145,3983.89,S,RESTAURANT,31.68,16,77.75999999999999,125.44,8,5,1
13145,3983.89,S,RESTAURANT,31.68,16,77.75999999999999,125.44,8,5,1
13145,3983.89,S,RESTAURANT,31.68,16,77.75999999999999,125.44,8,5,1
13145,3983.89,S,RESTAURANT,31.68,16,77.75999999999999,125.44,8,5,1
13340,134.57,COUNTY,CONTRACTOR,0,0.48,0.48,0.96,0,0,1
13340,134.57,COUNTY,CONTRACTOR,0,0.48,0.48,0.96,0,0,1
13431,4095.03,COUNTY,WINERY,0.32,12,22,34.32,6,4,0
13431,4095.03,COUNTY,WINERY,0.32,12,22,34.32,6,4,0
13431,4095.03,COUNTY,WINERY,0.32,12,22,34.32,6,4,0
13431,4095.03,COUNTY,WINERY,0.32,12,22,34.32,6,4,0
13431,4095.03,COUNTY,WINERY,0.32,12,22,34.32,6,4,0
13431,4095.03,COUNTY,WINERY,0.32,12,22,34.32,6,4,0
13452,1966.06,COUNTY,PARK,0,6,4,10,3,2,0
13452,1966.06,COUNTY,PARK,0,6,4,10,3,2,0
13457,303.72,Y,OFFICE BLD,0.48,1.44,1.44,3.36,1,0,1
13457,303.72,Y,OFFICE BLD,0.48,1.44,1.44,3.36,1,0,1
13457,303.72,Y,OFFICE BLD,0.48,1.44,1.44,3.36,1,0,1
13457,303.72,Y,OFFICE BLD,0.48,1.44,1.44,3.36,1,0,1
13457,303.72,Y,OFFICE BLD,0.48,1.44,1.44,3.36,1,0,1
13557,6836.26,Y,RESTAURANT,0,80,128,208,40,27,0
13557,6836.26,Y,RESTAURANT,0,80,128,208,40,27,0
13557,6836.26,Y,RESTAURANT,0,80,128,208,40,27,0
13557,6836.26,Y,RESTAURANT,0,80,128,208,40,27,0
13557,6836.26,Y,RESTAURANT,0,80,128,208,40,27,0
13557,6836.26,Y,RESTAURANT,0,80,128,208,40,27,0
13557,6836.26,Y,RESTAURANT,0,80,128,208,40,27,0
13557,6836.26,Y,RESTAURANT,0,80,128,208,40,27,0
13557,6836.26,Y,RESTAURANT,0,80,128,208,40,27,0
13557,6836.26,Y,RESTAURANT,0,80,128,208,40,27,0
13557,6836.26,Y,RESTAURANT,0,80,128,208,40,27,0
13557,6836.26,Y,RESTAURANT,0,80,128,208,40,27,0
13636,130.5,S,WINERY,0.96,0.64,0.96,2.56,0,0,1
13636,130.5,S,WINERY,0.96,0.64,0.96,2.56,0,0,1
13636,130.5,S,WINERY,0.96,0.64,0.96,2.56,0,0,1
13636,130.5,S,WINERY,0.96,0.64,0.96,2.56,0,0,1
13636,130.5,S,WINERY,0.96,0.64,0.96,2.56,0,0,1
13699,97.87,S,RETAIL,0,0.48,0.48,0.96,0,0,1
13699,97.87,S,RETAIL,0,0.48,0.48,0.96,0,0,1
13711,1252.72,COUNTY,VINEYARD,0,4,0,4,2,1,0
13720,101.24,Y,LODGING,0.48,0.48,0.48,1.44,0,0,1
13720,101.24,Y,LODGING,0.48,0.48,0.48,1.44,0,0,1
13720,101.24,Y,LODGING,0.48,0.48,0.48,1.44,0,0,1
13735,965.4,COUNTY,WINERY,0,4,5.4399999999999995,9.44,2,1,0
13735,965.4,COUNTY,WINERY,0,4,5.4399999999999995,9.44,2,1,0
13735,965.4,COUNTY,WINERY,0,4,5.4399999999999995,9.44,2,1,0
13735,965.4,COUNTY,WINERY,0,4,5.4399999999999995,9.44,2,1,0
13735,965.4,COUNTY,WINERY,0,4,5.4399999999999995,9.44,2,1,0
13760,130.5,S,WINERY,0.96,0.64,0.96,2.56,0,0,1
13760,130.5,S,WINERY,0.96,0.64,0.96,2.56,0,0,1
13760,130.5,S,WINERY,0.96,0.64,0.96,2.56,0,0,1
13760,130.5,S,WINERY,0.96,0.64,0.96,2.56,0,0,1
13760,130.5,S,WINERY,0.96,0.64,0.96,2.56,0,0,1
13760,130.5,S,WINERY,0.96,0.64,0.96,2.56,0,0,1
13843,75,COUNTY,WINERY,0,0,16,16,0,0,1
13843,75,COUNTY,WINERY,0,0,16,16,0,0,1
13865,97.87,S,OFFICE BLD,0,0.48,0.48,0.96,0,0,1
13865,97.87,S,OFFICE BLD,0,0.48,0.48,0.96,0,0,1
13913,727.82,S,SCHOOL,0,4,2.88,6.88,2,1,0
13913,727.82,S,SCHOOL,0,4,2.88,6.88,2,1,0
13913,727.82,S,SCHOOL,0,4,2.88,6.88,2,1,0
13979,708.68,Y,MULTIFAMIL,0,3.36,3.36,6.72,2,1,0
13979,708.68,Y,MULTIFAMIL,0,3.36,3.36,6.72,2,1,0
14030,44.86,COUNTY,CHURCH,0,0.16,0.48,0.64,0,0,1
14030,44.86,COUNTY,CHURCH,0,0.16,0.48,0.64,0,0,1
14081,2979.38,COUNTY,WINERY,4,16,4,24,8,5,0
14081,2979.38,COUNTY,WINERY,4,16,4,24,8,5,0
14081,2979.38,COUNTY,WINERY,4,16,4,24,8,5,0
14081,2979.38,COUNTY,WINERY,4,16,4,24,8,5,0
14177,207.86,C,MEDICAL,0,0.96,0.48,1.44,0,0,1
14177,207.86,C,MEDICAL,0,0.96,0.48,1.44,0,0,1
14193,439.46,C,MULTIFAMIL,0.48,2,1.44,3.92,1,1,0
14193,439.46,C,MULTIFAMIL,0.48,2,1.44,3.92,1,1,0
14193,439.46,C,MULTIFAMIL,0.48,2,1.44,3.92,1,1,0
14193,439.46,C,MULTIFAMIL,0.48,2,1.44,3.92,1,1,0
14193,439.46,C,MULTIFAMIL,0.48,2,1.44,3.92,1,1,0
14209,2671.8,COUNTY,WINERY,5.12,36,17.439999999999998,58.559999999999995,18,12,0
14209,2671.8,COUNTY,WINERY,5.12,36,17.439999999999998,58.559999999999995,18,12,0
14209,2671.8,COUNTY,WINERY,5.12,36,17.439999999999998,58.559999999999995,18,12,0
14209,2671.8,COUNTY,WINERY,5.12,36,17.439999999999998,58.559999999999995,18,12,0
14209,2671.8,COUNTY,WINERY,5.12,36,17.439999999999998,58.559999999999995,18,12,0
14209,2671.8,COUNTY,WINERY,5.12,36,17.439999999999998,58.559999999999995,18,12,0
14209,2671.8,COUNTY,WINERY,5.12,36,17.439999999999998,58.559999999999995,18,12,0
14209,2671.8,COUNTY,WINERY,5.12,36,17.439999999999998,58.559999999999995,18,12,0
14209,2671.8,COUNTY,WINERY,5.12,36,17.439999999999998,58.559999999999995,18,12,0
14209,2671.8,COUNTY,WINERY,5.12,36,17.439999999999998,58.559999999999995,18,12,0
14225,269.14,COUNTY,WINERY,0,0.96,0.96,1.92,0,0,1
14225,269.14,COUNTY,WINERY,0,0.96,0.96,1.92,0,0,1
14225,269.14,COUNTY,WINERY,0,0.96,0.96,1.92,0,0,1
14325,278.4,Y,POSTOFFICE,0,0.96,1.44,2.4,0,0,1
14325,278.4,Y,POSTOFFICE,0,0.96,1.44,2.4,0,0,1
14325,278.4,Y,POSTOFFICE,0,0.96,1.44,2.4,0,0,1
14325,278.4,Y,POSTOFFICE,0,0.96,1.44,2.4,0,0,1
14334,2866.26,S,MULTIFAMIL,0,32,2.88,34.88,16,11,0
14334,2866.26,S,MULTIFAMIL,0,32,2.88,34.88,16,11,0
14334,2866.26,S,MULTIFAMIL,0,32,2.88,34.88,16,11,0
14377,1048.95,S,WINERY,12,6,25.44,43.44,3,2,1
14377,1048.95,S,WINERY,12,6,25.44,43.44,3,2,1
14377,1048.95,S,WINERY,12,6,25.44,43.44,3,2,1
14377,1048.95,S,WINERY,12,6,25.44,43.44,3,2,1
14377,1048.95,S,WINERY,12,6,25.44,43.44,3,2,1
14377,1048.95,S,WINERY,12,6,25.44,43.44,3,2,1
14377,1048.95,S,WINERY,12,6,25.44,43.44,3,2,1
14377,1048.95,S,WINERY,12,6,25.44,43.44,3,2,1
14379,0,COUNTY,HOSPITAL,6.4,0,11.52,17.92,0,0,1
14379,0,COUNTY,HOSPITAL,6.4,0,11.52,17.92,0,0,1
14379,0,COUNTY,HOSPITAL,6.4,0,11.52,17.92,0,0,1
14379,0,COUNTY,HOSPITAL,6.4,0,11.52,17.92,0,0,1
14381,134.57,COUNTY,MEDICAL,0,0.48,0.48,0.96,0,0,1
14381,134.57,COUNTY,MEDICAL,0,0.48,0.48,0.96,0,0,1
14520,34.64,C,WINERY,0,0.16,0.48,0.64,0,0,1
14520,34.64,C,WINERY,0,0.16,0.48,0.64,0,0,1
14553,103.93,C,CHURCH,0.48,0.48,0.48,1.44,0,0,1
14553,103.93,C,CHURCH,0.48,0.48,0.48,1.44,0,0,1
14553,103.93,C,CHURCH,0.48,0.48,0.48,1.44,0,0,1
14590,2283.3,COUNTY,WINERY,0,6,10.96,16.96,3,2,0
14590,2283.3,COUNTY,WINERY,0,6,10.96,16.96,3,2,0
14590,2283.3,COUNTY,WINERY,0,6,10.96,16.96,3,2,0
14590,2283.3,COUNTY,WINERY,0,6,10.96,16.96,3,2,0
14590,2283.3,COUNTY,WINERY,0,6,10.96,16.96,3,2,0
14652,1503.97,S,RESTAURANT,8.64,16,21.439999999999998,46.08,8,5,1
14652,1503.97,S,RESTAURANT,8.64,16,21.439999999999998,46.08,8,5,1
14652,1503.97,S,RESTAURANT,8.64,16,21.439999999999998,46.08,8,5,1
14652,1503.97,S,RESTAURANT,8.64,16,21.439999999999998,46.08,8,5,1
14652,1503.97,S,RESTAURANT,8.64,16,21.439999999999998,46.08,8,5,1
14652,1503.97,S,RESTAURANT,8.64,16,21.439999999999998,46.08,8,5,1
14652,1503.97,S,RESTAURANT,8.64,16,21.439999999999998,46.08,8,5,1
14652,1503.97,S,RESTAURANT,8.64,16,21.439999999999998,46.08,8,5,1
14652,1503.97,S,RESTAURANT,8.64,16,21.439999999999998,46.08,8,5,1
14682,44.86,COUNTY,VINEYARD,0.48,0.16,0.48,1.12,0,0,1
14682,44.86,COUNTY,VINEYARD,0.48,0.16,0.48,1.12,0,0,1
14682,44.86,COUNTY,VINEYARD,0.48,0.16,0.48,1.12,0,0,1
14698,179.42,COUNTY,LODGING-FW,0.48,0.32,0.96,1.76,0,0,1
14698,179.42,COUNTY,LODGING-FW,0.48,0.32,0.96,1.76,0,0,1
14698,179.42,COUNTY,LODGING-FW,0.48,0.32,0.96,1.76,0,0,1
14698,179.42,COUNTY,LODGING-FW,0.48,0.32,0.96,1.76,0,0,1
14772,69.28,C,WINERY,0.48,0.32,0.48,1.28,0,0,1
14772,69.28,C,WINERY,0.48,0.32,0.48,1.28,0,0,1
14772,69.28,C,WINERY,0.48,0.32,0.48,1.28,0,0,1
14793,311.79,C,LODGING,0.48,1.44,1.44,3.36,1,0,1
14793,311.79,C,LODGING,0.48,1.44,1.44,3.36,1,0,1
14793,311.79,C,LODGING,0.48,1.44,1.44,3.36,1,0,1
14849,283.86,C,WINERY,0.96,0.96,0.96,2.88,0,0,1
14849,283.86,C,WINERY,0.96,0.96,0.96,2.88,0,0,1
14849,283.86,C,WINERY,0.96,0.96,0.96,2.88,0,0,1
14849,283.86,C,WINERY,0.96,0.96,0.96,2.88,0,0,1
14953,890.4,COUNTY,MULTIFAMIL,0.64,4,1.44,6.08,2,1,0
14953,890.4,COUNTY,MULTIFAMIL,0.64,4,1.44,6.08,2,1,0
14953,890.4,COUNTY,MULTIFAMIL,0.64,4,1.44,6.08,2,1,0
14953,890.4,COUNTY,MULTIFAMIL,0.64,4,1.44,6.08,2,1,0
14953,890.4,COUNTY,MULTIFAMIL,0.64,4,1.44,6.08,2,1,0
14989,103.93,C,LODGING-FW,0.48,0.48,0.48,1.44,0,0,1
14989,103.93,C,LODGING-FW,0.48,0.48,0.48,1.44,0,0,1
14989,103.93,C,LODGING-FW,0.48,0.48,0.48,1.44,0,0,1
15156,32.62,S,OFFICE BLD,0,0.16,0.48,0.64,0,0,1
15156,32.62,S,OFFICE BLD,0,0.16,0.48,0.64,0,0,1
15204,89.71,COUNTY,POLICEFIRE,0,0.32,0.48,0.8,0,0,1
15204,89.71,COUNTY,POLICEFIRE,0,0.32,0.48,0.8,0,0,1
15224,0,C,SCHOOL,5.12,0,0.96,6.08,0,0,1
15224,0,C,SCHOOL,5.12,0,0.96,6.08,0,0,1
15224,0,C,SCHOOL,5.12,0,0.96,6.08,0,0,1
15224,0,C,SCHOOL,5.12,0,0.96,6.08,0,0,1
15226,179.42,COUNTY,WINERY,0.48,0.64,0.96,2.08,0,0,1
15226,179.42,COUNTY,WINERY,0.48,0.64,0.96,2.08,0,0,1
15226,179.42,COUNTY,WINERY,0.48,0.64,0.96,2.08,0,0,1
15226,179.42,COUNTY,WINERY,0.48,0.64,0.96,2.08,0,0,1
15226,179.42,COUNTY,WINERY,0.48,0.64,0.96,2.08,0,0,1
15246,1170.67,COUNTY,WINERY,0,2,4,6,1,1,0
15246,1170.67,COUNTY,WINERY,0,2,4,6,1,1,0
15246,1170.67,COUNTY,WINERY,0,2,4,6,1,1,0
15259,1071.82,S,VINEYARD,0,6.48,1.92,8.4,3,2,0
15259,1071.82,S,VINEYARD,0,6.48,1.92,8.4,3,2,0
15259,1071.82,S,VINEYARD,0,6.48,1.92,8.4,3,2,0
15259,1071.82,S,VINEYARD,0,6.48,1.92,8.4,3,2,0
15259,1071.82,S,VINEYARD,0,6.48,1.92,8.4,3,2,0
15259,1071.82,S,VINEYARD,0,6.48,1.92,8.4,3,2,0
15290,97.87,S,MIXED USE,0.48,0.48,0.48,1.44,0,0,1
15290,97.87,S,MIXED USE,0.48,0.48,0.48,1.44,0,0,1
15290,97.87,S,MIXED USE,0.48,0.48,0.48,1.44,0,0,1
15344,7267.84,COUNTY,WINERY,12,24,80.48,116.48,12,8,1
15344,7267.84,COUNTY,WINERY,12,24,80.48,116.48,12,8,1
15344,7267.84,COUNTY,WINERY,12,24,80.48,116.48,12,8,1
15344,7267.84,COUNTY,WINERY,12,24,80.48,116.48,12,8,1
15344,7267.84,COUNTY,WINERY,12,24,80.48,116.48,12,8,1
15344,7267.84,COUNTY,WINERY,12,24,80.48,116.48,12,8,1
15344,7267.84,COUNTY,WINERY,12,24,80.48,116.48,12,8,1
15344,7267.84,COUNTY,WINERY,12,24,80.48,116.48,12,8,1
15344,7267.84,COUNTY,WINERY,12,24,80.48,116.48,12,8,1
15344,7267.84,COUNTY,WINERY,12,24,80.48,116.48,12,8,1
15408,631.71,COUNTY,VINEYARD,0.96,2,0.48,3.44,1,1,0
15408,631.71,COUNTY,VINEYARD,0.96,2,0.48,3.44,1,1,0
15408,631.71,COUNTY,VINEYARD,0.96,2,0.48,3.44,1,1,0
15408,631.71,COUNTY,VINEYARD,0.96,2,0.48,3.44,1,1,0
15431,242.99,COUNTY,VINEYARD,0.48,0,0,0.48,0,0,1
15460,303.72,Y,RESTAURANT,0,1.44,1.44,2.88,1,0,1
15460,303.72,Y,RESTAURANT,0,1.44,1.44,2.88,1,0,1
15481,1373.25,COUNTY,WINERY,0,6,6.96,12.96,3,2,0
15481,1373.25,COUNTY,WINERY,0,6,6.96,12.96,3,2,0
15481,1373.25,COUNTY,WINERY,0,6,6.96,12.96,3,2,0
15481,1373.25,COUNTY,WINERY,0,6,6.96,12.96,3,2,0
15511,708.93,S,LODGING,0.48,4,1.44,5.92,2,1,0
15511,708.93,S,LODGING,0.48,4,1.44,5.92,2,1,0
15511,708.93,S,LODGING,0.48,4,1.44,5.92,2,1,0
15548,195.74,S,RESTAURANT,0,0.96,0.96,1.92,0,0,1
15548,195.74,S,RESTAURANT,0,0.96,0.96,1.92,0,0,1
15548,195.74,S,RESTAURANT,0,0.96,0.96,1.92,0,0,1
15548,195.74,S,RESTAURANT,0,0.96,0.96,1.92,0,0,1
15640,415.72,C,LODGING,0.96,1.92,1.44,4.32,1,1,0
15640,415.72,C,LODGING,0.96,1.92,1.44,4.32,1,1,0
15640,415.72,C,LODGING,0.96,1.92,1.44,4.32,1,1,0
15640,415.72,C,LODGING,0.96,1.92,1.44,4.32,1,1,0
15640,415.72,C,LODGING,0.96,1.92,1.44,4.32,1,1,0
15640,415.72,C,LODGING,0.96,1.92,1.44,4.32,1,1,0
15640,415.72,C,LODGING,0.96,1.92,1.44,4.32,1,1,0
15640,415.72,C,LODGING,0.96,1.92,1.44,4.32,1,1,0
15641,179.44,COUNTY,MULTIFAMIL,0,0.64,0.96,1.6,0,0,1
15641,179.44,COUNTY,MULTIFAMIL,0,0.64,0.96,1.6,0,0,1
15650,813.98,C,MINI MART,0,4,0,4,2,1,0
15672,391.48,S,MULTIFAMIL,0.48,1.92,1.44,3.84,1,1,0
15672,391.48,S,MULTIFAMIL,0.48,1.92,1.44,3.84,1,1,0
15672,391.48,S,MULTIFAMIL,0.48,1.92,1.44,3.84,1,1,0
15673,391.48,S,MULTIFAMIL,0.48,1.92,1.92,4.32,1,1,0
15673,391.48,S,MULTIFAMIL,0.48,1.92,1.92,4.32,1,1,0
15673,391.48,S,MULTIFAMIL,0.48,1.92,1.92,4.32,1,1,0
15678,482.56,COUNTY,UTILITY,0,2,0.48,2.48,1,1,0
15678,482.56,COUNTY,UTILITY,0,2,0.48,2.48,1,1,0
15833,742.46,C,DELI/CAFE,11.52,2,6.88,20.4,1,1,1
15833,742.46,C,DELI/CAFE,11.52,2,6.88,20.4,1,1,1
15833,742.46,C,DELI/CAFE,11.52,2,6.88,20.4,1,1,1
15833,742.46,C,DELI/CAFE,11.52,2,6.88,20.4,1,1,1
15833,742.46,C,DELI/CAFE,11.52,2,6.88,20.4,1,1,1
15833,742.46,C,DELI/CAFE,11.52,2,6.88,20.4,1,1,1
15833,742.46,C,DELI/CAFE,11.52,2,6.88,20.4,1,1,1
15850,195.74,S,COMMUNITY,0,0.96,0.96,1.92,0,0,1
15850,195.74,S,COMMUNITY,0,0.96,0.96,1.92,0,0,1
15850,195.74,S,COMMUNITY,0,0.96,0.96,1.92,0,0,1
15850,195.74,S,COMMUNITY,0,0.96,0.96,1.92,0,0,1
15882,293.61,S,MULTIFAMIL,0.48,1.44,1.44,3.36,1,0,1
15882,293.61,S,MULTIFAMIL,0.48,1.44,1.44,3.36,1,0,1
15882,293.61,S,MULTIFAMIL,0.48,1.44,1.44,3.36,1,0,1
15882,293.61,S,MULTIFAMIL,0.48,1.44,1.44,3.36,1,0,1
15940,65.25,S,HOME IMPRO,0,0.32,0.48,0.8,0,0,1
15940,65.25,S,HOME IMPRO,0,0.32,0.48,0.8,0,0,1
15996,771.01,S,WINERY,0.48,4,5.4399999999999995,9.92,2,1,0
15996,771.01,S,WINERY,0.48,4,5.4399999999999995,9.92,2,1,0
15996,771.01,S,WINERY,0.48,4,5.4399999999999995,9.92,2,1,0
15996,771.01,S,WINERY,0.48,4,5.4399999999999995,9.92,2,1,0
16032,97.87,S,AUTO,0,0.48,0.48,0.96,0,0,1
16032,97.87,S,AUTO,0,0.48,0.48,0.96,0,0,1
16189,1040.4,COUNTY,WINERY,0,4,9.44,13.44,2,1,0
16189,1040.4,COUNTY,WINERY,0,4,9.44,13.44,2,1,0
16189,1040.4,COUNTY,WINERY,0,4,9.44,13.44,2,1,0
16189,1040.4,COUNTY,WINERY,0,4,9.44,13.44,2,1,0
16189,1040.4,COUNTY,WINERY,0,4,9.44,13.44,2,1,0
16189,1040.4,COUNTY,WINERY,0,4,9.44,13.44,2,1,0
16319,331.93,C,WINERY,0,0.48,2.4,2.88,0,0,1
16319,331.93,C,WINERY,0,0.48,2.4,2.88,0,0,1
16319,331.93,C,WINERY,0,0.48,2.4,2.88,0,0,1
16319,331.93,C,WINERY,0,0.48,2.4,2.88,0,0,1
16564,89.71,COUNTY,WINERY,0,0.32,0.48,0.8,0,0,1
16564,89.71,COUNTY,WINERY,0,0.32,0.48,0.8,0,0,1
16565,34.64,C,UTILITY,0.48,0.16,0.48,1.12,0,0,1
16565,34.64,C,UTILITY,0.48,0.16,0.48,1.12,0,0,1
16565,34.64,C,UTILITY,0.48,0.16,0.48,1.12,0,0,1
16605,890.4,COUNTY,WINERY,0,4,1.44,5.4399999999999995,2,1,0
16605,890.4,COUNTY,WINERY,0,4,1.44,5.4399999999999995,2,1,0
16607,171.28,S,WINERY,0,0.48,0.96,1.44,0,0,1
16607,171.28,S,WINERY,0,0.48,0.96,1.44,0,0,1
16607,171.28,S,WINERY,0,0.48,0.96,1.44,0,0,1
16628,207.86,C,RESTAURANT,0.32,0.96,0.96,2.24,0,0,1
16628,207.86,C,RESTAURANT,0.32,0.96,0.96,2.24,0,0,1
16628,207.86,C,RESTAURANT,0.32,0.96,0.96,2.24,0,0,1
16628,207.86,C,RESTAURANT,0.32,0.96,0.96,2.24,0,0,1
16795,195.74,S,MULTIFAMIL,0.96,0.96,0.96,2.88,0,0,1
16795,195.74,S,MULTIFAMIL,0.96,0.96,0.96,2.88,0,0,1
16795,195.74,S,MULTIFAMIL,0.96,0.96,0.96,2.88,0,0,1
16795,195.74,S,MULTIFAMIL,0.96,0.96,0.96,2.88,0,0,1
16795,195.74,S,MULTIFAMIL,0.96,0.96,0.96,2.88,0,0,1
17255,515.46,C,BAR NO FW,0,2,1.92,3.92,1,1,0
17255,515.46,C,BAR NO FW,0,2,1.92,3.92,1,1,0
17255,515.46,C,BAR NO FW,0,2,1.92,3.92,1,1,0
17255,515.46,C,BAR NO FW,0,2,1.92,3.92,1,1,0
17255,515.46,C,BAR NO FW,0,2,1.92,3.92,1,1,0
17422,439.46,C,BAKERY,0,2,1.44,3.44,1,1,0
17422,439.46,C,BAKERY,0,2,1.44,3.44,1,1,0
17422,439.46,C,BAKERY,0,2,1.44,3.44,1,1,0
17422,439.46,C,BAKERY,0,2,1.44,3.44,1,1,0
17965,6969.08,Y,RESTAURANT,11.52,104,41.760000000000005,157.28,52,35,0
17965,6969.08,Y,RESTAURANT,11.52,104,41.760000000000005,157.28,52,35,0
17965,6969.08,Y,RESTAURANT,11.52,104,41.760000000000005,157.28,52,35,0
17965,6969.08,Y,RESTAURANT,11.52,104,41.760000000000005,157.28,52,35,0
17965,6969.08,Y,RESTAURANT,11.52,104,41.760000000000005,157.28,52,35,0
17965,6969.08,Y,RESTAURANT,11.52,104,41.760000000000005,157.28,52,35,0
17965,6969.08,Y,RESTAURANT,11.52,104,41.760000000000005,157.28,52,35,0
17965,6969.08,Y,RESTAURANT,11.52,104,41.760000000000005,157.28,52,35,0
17965,6969.08,Y,RESTAURANT,11.52,104,41.760000000000005,157.28,52,35,0
17965,6969.08,Y,RESTAURANT,11.52,104,41.760000000000005,157.28,52,35,0
17965,6969.08,Y,RESTAURANT,11.52,104,41.760000000000005,157.28,52,35,0
17965,6969.08,Y,RESTAURANT,11.52,104,41.760000000000005,157.28,52,35,0
17965,6969.08,Y,RESTAURANT,11.52,104,41.760000000000005,157.28,52,35,0
17965,6969.08,Y,RESTAURANT,11.52,104,41.760000000000005,157.28,52,35,0
18015,673.21,COUNTY,WINERY,0,2.3200000000000003,1.92,4.24,1,1,0
18015,673.21,COUNTY,WINERY,0,2.3200000000000003,1.92,4.24,1,1,0
18015,673.21,COUNTY,WINERY,0,2.3200000000000003,1.92,4.24,1,1,0
18015,673.21,COUNTY,WINERY,0,2.3200000000000003,1.92,4.24,1,1,0
18015,673.21,COUNTY,WINERY,0,2.3200000000000003,1.92,4.24,1,1,0
18015,673.21,COUNTY,WINERY,0,2.3200000000000003,1.92,4.24,1,1,0
18015,673.21,COUNTY,WINERY,0,2.3200000000000003,1.92,4.24,1,1,0
18599,255.93,C,RESTAURANT,2.88,0.48,1.44,4.8,0,0,1
18599,255.93,C,RESTAURANT,2.88,0.48,1.44,4.8,0,0,1
18599,255.93,C,RESTAURANT,2.88,0.48,1.44,4.8,0,0,1
18599,255.93,C,RESTAURANT,2.88,0.48,1.44,4.8,0,0,1
18599,255.93,C,RESTAURANT,2.88,0.48,1.44,4.8,0,0,1
18599,255.93,C,RESTAURANT,2.88,0.48,1.44,4.8,0,0,1
19151,2015.04,C,MULTIFAMIL,0,14,2.88,16.88,7,5,0
19151,2015.04,C,MULTIFAMIL,0,14,2.88,16.88,7,5,0
19151,2015.04,C,MULTIFAMIL,0,14,2.88,16.88,7,5,0
19151,2015.04,C,MULTIFAMIL,0,14,2.88,16.88,7,5,0
19151,2015.04,C,MULTIFAMIL,0,14,2.88,16.88,7,5,0
19206,311.79,C,RESTAURANT,0,1.44,0.96,2.4,1,0,0
19206,311.79,C,RESTAURANT,0,1.44,0.96,2.4,1,0,0
19206,311.79,C,RESTAURANT,0,1.44,0.96,2.4,1,0,0
19206,311.79,C,RESTAURANT,0,1.44,0.96,2.4,1,0,0
19206,311.79,C,RESTAURANT,0,1.44,0.96,2.4,1,0,0
20233,1039.3,C,MULTIFAMIL,0.96,4.800000000000001,2.4,8.16,2,2,0
20233,1039.3,C,MULTIFAMIL,0.96,4.800000000000001,2.4,8.16,2,2,0
20233,1039.3,C,MULTIFAMIL,0.96,4.800000000000001,2.4,8.16,2,2,0
20233,1039.3,C,MULTIFAMIL,0.96,4.800000000000001,2.4,8.16,2,2,0
20233,1039.3,C,MULTIFAMIL,0.96,4.800000000000001,2.4,8.16,2,2,0
20233,1039.3,C,MULTIFAMIL,0.96,4.800000000000001,2.4,8.16,2,2,0
20233,1039.3,C,MULTIFAMIL,0.96,4.800000000000001,2.4,8.16,2,2,0
20233,1039.3,C,MULTIFAMIL,0.96,4.800000000000001,2.4,8.16,2,2,0
20233,1039.3,C,MULTIFAMIL,0.96,4.800000000000001,2.4,8.16,2,2,0
20233,1039.3,C,MULTIFAMIL,0.96,4.800000000000001,2.4,8.16,2,2,0
20233,1039.3,C,MULTIFAMIL,0.96,4.800000000000001,2.4,8.16,2,2,0
20233,1039.3,C,MULTIFAMIL,0.96,4.800000000000001,2.4,8.16,2,2,0
21438,34.64,C,RETAIL,0.48,0.16,0.48,1.12,0,0,1
21438,34.64,C,RETAIL,0.48,0.16,0.48,1.12,0,0,1
21438,34.64,C,RETAIL,0.48,0.16,0.48,1.12,0,0,1
21896,283.86,C,RESTAURANT,0.32,0.96,1.44,2.7199999999999998,0,0,1
21896,283.86,C,RESTAURANT,0.32,0.96,1.44,2.7199999999999998,0,0,1
21896,283.86,C,RESTAURANT,0.32,0.96,1.44,2.7199999999999998,0,0,1
21896,283.86,C,RESTAURANT,0.32,0.96,1.44,2.7199999999999998,0,0,1
21896,283.86,C,RESTAURANT,0.32,0.96,1.44,2.7199999999999998,0,0,1
23489,813.98,C,LODGING,0.48,4,1.44,5.92,2,1,0
23489,813.98,C,LODGING,0.48,4,1.44,5.92,2,1,0
23489,813.98,C,LODGING,0.48,4,1.44,5.92,2,1,0
23821,415.72,C,LODGING-FW,0.48,1.92,1.44,3.84,1,1,0
23821,415.72,C,LODGING-FW,0.48,1.92,1.44,3.84,1,1,0
23821,415.72,C,LODGING-FW,0.48,1.92,1.44,3.84,1,1,0
23821,415.72,C,LODGING-FW,0.48,1.92,1.44,3.84,1,1,0
23821,415.72,C,LODGING-FW,0.48,1.92,1.44,3.84,1,1,0
24144,97.87,S,UTILITY,0.48,0.48,0.48,1.44,0,0,1
24144,97.87,S,UTILITY,0.48,0.48,0.48,1.44,0,0,1
24144,97.87,S,UTILITY,0.48,0.48,0.48,1.44,0,0,1
24664,1150.37,COUNTY,WINERY,0,2,4.960000000000001,6.960000000000001,1,1,0
24664,1150.37,COUNTY,WINERY,0,2,4.960000000000001,6.960000000000001,1,1,0
24664,1150.37,COUNTY,WINERY,0,2,4.960000000000001,6.960000000000001,1,1,0
24664,1150.37,COUNTY,WINERY,0,2,4.960000000000001,6.960000000000001,1,1,0
25255,1627.98,C,MULTIFAMIL,0,16,2.88,18.88,8,5,0
25255,1627.98,C,MULTIFAMIL,0,16,2.88,18.88,8,5,0
25255,1627.98,C,MULTIFAMIL,0,16,2.88,18.88,8,5,0
25255,1627.98,C,MULTIFAMIL,0,16,2.88,18.88,8,5,0
25255,1627.98,C,MULTIFAMIL,0,16,2.88,18.88,8,5,0
25969,3536.24,Y,RESTAURANT,0,40,5.76,45.76,20,13,0
25969,3536.24,Y,RESTAURANT,0,40,5.76,45.76,20,13,0
25969,3536.24,Y,RESTAURANT,0,40,5.76,45.76,20,13,0
25969,3536.24,Y,RESTAURANT,0,40,5.76,45.76,20,13,0
25969,3536.24,Y,RESTAURANT,0,40,5.76,45.76,20,13,0
25969,3536.24,Y,RESTAURANT,0,40,5.76,45.76,20,13,0
26052,519.65,C,LODGING-FW,0,2.4,1.44,3.84,1,1,0
26052,519.65,C,LODGING-FW,0,2.4,1.44,3.84,1,1,0
26052,519.65,C,LODGING-FW,0,2.4,1.44,3.84,1,1,0
26600,103.93,C,RESTAURANT,2.56,0.48,0.48,3.52,0,0,1
26600,103.93,C,RESTAURANT,2.56,0.48,0.48,3.52,0,0,1
26600,103.93,C,RESTAURANT,2.56,0.48,0.48,3.52,0,0,1
26600,103.93,C,RESTAURANT,2.56,0.48,0.48,3.52,0,0,1
26948,202.48,Y,POLICEFIRE,0.48,0.96,0.96,2.4,0,0,1
26948,202.48,Y,POLICEFIRE,0.48,0.96,0.96,2.4,0,0,1
26948,202.48,Y,POLICEFIRE,0.48,0.96,0.96,2.4,0,0,1
27143,405.36,C,MULTIFAMIL,0.48,1.92,0.96,3.36,1,1,0
27143,405.36,C,MULTIFAMIL,0.48,1.92,0.96,3.36,1,1,0
27143,405.36,C,MULTIFAMIL,0.48,1.92,0.96,3.36,1,1,0
28630,514.46,C,DELI/CAFE,0,2,7.4399999999999995,9.44,1,1,0
28630,514.46,C,DELI/CAFE,0,2,7.4399999999999995,9.44,1,1,0
28630,514.46,C,DELI/CAFE,0,2,7.4399999999999995,9.44,1,1,0
29563,311.79,C,RESTAURANT,3.84,1.44,0,5.279999999999999,1,0,0
29563,311.79,C,RESTAURANT,3.84,1.44,0,5.279999999999999,1,0,0
29563,311.79,C,RESTAURANT,3.84,1.44,0,5.279999999999999,1,0,0
30883,58.27,COUNTY,RETAIL,0.48,0.16,0.48,1.12,0,0,1
30883,58.27,COUNTY,RETAIL,0.48,0.16,0.48,1.12,0,0,1
30883,58.27,COUNTY,RETAIL,0.48,0.16,0.48,1.12,0,0,1
30927,101.24,Y,WINERY,0.48,0.48,0.48,1.44,0,0,1
30927,101.24,Y,WINERY,0.48,0.48,0.48,1.44,0,0,1
30927,101.24,Y,WINERY,0.48,0.48,0.48,1.44,0,0,1
30930,207.86,C,PRESCHOOL,0,0.96,0.48,1.44,0,0,1
30930,207.86,C,PRESCHOOL,0,0.96,0.48,1.44,0,0,1
30930,207.86,C,PRESCHOOL,0,0.96,0.48,1.44,0,0,1
30931,34.64,C,RETAIL,0,0.16,0.48,0.64,0,0,1
30931,34.64,C,RETAIL,0,0.16,0.48,0.64,0,0,1
31126,69.28,C,ENTERTAINM,0,0.32,0.48,0.8,0,0,1
31126,69.28,C,ENTERTAINM,0,0.32,0.48,0.8,0,0,1
31133,34.64,C,BAKERY,0.48,0.16,0.48,1.12,0,0,1
31133,34.64,C,BAKERY,0.48,0.16,0.48,1.12,0,0,1
31133,34.64,C,BAKERY,0.48,0.16,0.48,1.12,0,0,1
31134,102.69,C,MULTIFAMIL,0.96,0.16,0.48,1.5999999999999999,0,0,1
31134,102.69,C,MULTIFAMIL,0.96,0.16,0.48,1.5999999999999999,0,0,1
31134,102.69,C,MULTIFAMIL,0.96,0.16,0.48,1.5999999999999999,0,0,1
31134,102.69,C,MULTIFAMIL,0.96,0.16,0.48,1.5999999999999999,0,0,1
31160,1398.87,Y,RESTAURANT,0,4,4,8,2,1,0
31160,1398.87,Y,RESTAURANT,0,4,4,8,2,1,0
31230,482.56,COUNTY,CONTRACTOR,0,2,0,2,1,1,0
31241,103.93,C,GROCERY,0.32,0.48,0.48,1.28,0,0,1
31241,103.93,C,GROCERY,0.32,0.48,0.48,1.28,0,0,1
31241,103.93,C,GROCERY,0.32,0.48,0.48,1.28,0,0,1
31249,134.57,COUNTY,LODGING,0.48,0.48,0.48,1.44,0,0,1
31249,134.57,COUNTY,LODGING,0.48,0.48,0.48,1.44,0,0,1
31249,134.57,COUNTY,LODGING,0.48,0.48,0.48,1.44,0,0,1
31304,130.48,S,FOURPLEX,0.48,0.64,1.92,3.04,0,0,1
31304,130.48,S,FOURPLEX,0.48,0.64,1.92,3.04,0,0,1
31304,130.48,S,FOURPLEX,0.48,0.64,1.92,3.04,0,0,1
31364,171.28,S,OFFICE BLD,0,0.48,0.96,1.44,0,0,1
31364,171.28,S,OFFICE BLD,0,0.48,0.96,1.44,0,0,1
31364,171.28,S,OFFICE BLD,0,0.48,0.96,1.44,0,0,1
31550,134.57,COUNTY,WINERY,0.48,0.48,0.48,1.44,0,0,1
31550,134.57,COUNTY,WINERY,0.48,0.48,0.48,1.44,0,0,1
31550,134.57,COUNTY,WINERY,0.48,0.48,0.48,1.44,0,0,1
31573,650.33,COUNTY,VINEYARD,4,0.16,0.48,4.640000000000001,0,0,1
31573,650.33,COUNTY,VINEYARD,4,0.16,0.48,4.640000000000001,0,0,1
31573,650.33,COUNTY,VINEYARD,4,0.16,0.48,4.640000000000001,0,0,1
31588,179.93,C,WINERY,0.48,0.48,0.96,1.92,0,0,1
31588,179.93,C,WINERY,0.48,0.48,0.96,1.92,0,0,1
31588,179.93,C,WINERY,0.48,0.48,0.96,1.92,0,0,1
31588,179.93,C,WINERY,0.48,0.48,0.96,1.92,0,0,1
31591,482.56,COUNTY,LANDSCAPER,0,2,0,2,1,1,0
31593,890.4,COUNTY,CONTRACTOR,0,4,0,4,2,1,0
31607,202.68,C,MULTIFAMIL,0.48,0.96,0.48,1.92,0,0,1
31607,202.68,C,MULTIFAMIL,0.48,0.96,0.48,1.92,0,0,1
31607,202.68,C,MULTIFAMIL,0.48,0.96,0.48,1.92,0,0,1
31644,335.71,S,MULTIFAMIL,0.96,0.96,0.96,2.88,0,0,1
31644,335.71,S,MULTIFAMIL,0.96,0.96,0.96,2.88,0,0,1
31644,335.71,S,MULTIFAMIL,0.96,0.96,0.96,2.88,0,0,1
31644,335.71,S,MULTIFAMIL,0.96,0.96,0.96,2.88,0,0,1
31644,335.71,S,MULTIFAMIL,0.96,0.96,0.96,2.88,0,0,1
31660,134.57,COUNTY,MIXED USE,0.48,0.48,0.48,1.44,0,0,1
31660,134.57,COUNTY,MIXED USE,0.48,0.48,0.48,1.44,0,0,1
31660,134.57,COUNTY,MIXED USE,0.48,0.48,0.48,1.44,0,0,1
31675,134.57,COUNTY,LODGING-FW,0.48,0.48,0.48,1.44,0,0,1
31675,134.57,COUNTY,LODGING-FW,0.48,0.48,0.48,1.44,0,0,1
31675,134.57,COUNTY,LODGING-FW,0.48,0.48,0.48,1.44,0,0,1
31676,1456.25,COUNTY,WINERY,0,2,6,8,1,1,0
31676,1456.25,COUNTY,WINERY,0,2,6,8,1,1,0
31679,65.25,S,WINERY,0,0.32,0.48,0.8,0,0,1
31679,65.25,S,WINERY,0,0.32,0.48,0.8,0,0,1
