cust,monthly_bill,tax_body,biz_type,compost,garbage,recycle,total_yards,needed_recycle,needed_compost
218,965.4,COUNTY,WINERY,0.48,4,5.440000000000001,9.920000000000002,5.440000000000001,0.48
218,965.4,COUNTY,WINERY,0.48,4,5.440000000000001,9.920000000000002,5.440000000000001,0.48
218,965.4,COUNTY,WINERY,0.48,4,5.440000000000001,9.920000000000002,5.440000000000001,0.48
218,965.4,COUNTY,WINERY,0.48,4,5.440000000000001,9.920000000000002,5.440000000000001,0.48
218,965.4,COUNTY,WINERY,0.48,4,5.440000000000001,9.920000000000002,5.440000000000001,0.48
218,965.4,COUNTY,WINERY,0.48,4,5.440000000000001,9.920000000000002,5.440000000000001,0.48
767,89.71,COUNTY,WINERY,0.48,0.32,0.48,1.28,0.48,0.48
767,89.71,COUNTY,WINERY,0.48,0.32,0.48,1.28,0.48,0.48
767,89.71,COUNTY,WINERY,0.48,0.32,0.48,1.28,0.48,0.48
939,195.74,S,OFFICE BLD,1.44,0.96,0.48,2.88,0.48,1.44
939,195.74,S,OFFICE BLD,1.44,0.96,0.48,2.88,0.48,1.44
939,195.74,S,OFFICE BLD,1.44,0.96,0.48,2.88,0.48,1.44
939,195.74,S,OFFICE BLD,1.44,0.96,0.48,2.88,0.48,1.44
939,195.74,S,OFFICE BLD,1.44,0.96,0.48,2.88,0.48,1.44
1084,1835.23,COUNTY,WINERY,0.48,16,5.440000000000001,21.92,5.440000000000001,0.48
1084,1835.23,COUNTY,WINERY,0.48,16,5.440000000000001,21.92,5.440000000000001,0.48
1084,1835.23,COUNTY,WINERY,0.48,16,5.440000000000001,21.92,5.440000000000001,0.48
1084,1835.23,COUNTY,WINERY,0.48,16,5.440000000000001,21.92,5.440000000000001,0.48
1084,1835.23,COUNTY,WINERY,0.48,16,5.440000000000001,21.92,5.440000000000001,0.48
1084,1835.23,COUNTY,WINERY,0.48,16,5.440000000000001,21.92,5.440000000000001,0.48
1084,1835.23,COUNTY,WINERY,0.48,16,5.440000000000001,21.92,5.440000000000001,0.48
1742,44.86,COUNTY,PRESCHOOL,0.48,0.16,0.48,1.12,0.48,0.48
1742,44.86,COUNTY,PRESCHOOL,0.48,0.16,0.48,1.12,0.48,0.48
1742,44.86,COUNTY,PRESCHOOL,0.48,0.16,0.48,1.12,0.48,0.48
1767,363.91,S,FLORIST,0.96,2,1.44,4.4,1.44,0.96
1767,363.91,S,FLORIST,0.96,2,1.44,4.4,1.44,0.96
1767,363.91,S,FLORIST,0.96,2,1.44,4.4,1.44,0.96
2064,1693.5,COUNTY,WINERY,8.48,2,0.96,11.440000000000001,0.96,8.48
2064,1693.5,COUNTY,WINERY,8.48,2,0.96,11.440000000000001,0.96,8.48
2064,1693.5,COUNTY,WINERY,8.48,2,0.96,11.440000000000001,0.96,8.48
2064,1693.5,COUNTY,WINERY,8.48,2,0.96,11.440000000000001,0.96,8.48
2064,1693.5,COUNTY,WINERY,8.48,2,0.96,11.440000000000001,0.96,8.48
2064,1693.5,COUNTY,WINERY,8.48,2,0.96,11.440000000000001,0.96,8.48
2253,97.87,S,CHURCH,0.48,0.48,0.48,1.44,0.48,0.48
2253,97.87,S,CHURCH,0.48,0.48,0.48,1.44,0.48,0.48
2253,97.87,S,CHURCH,0.48,0.48,0.48,1.44,0.48,0.48
2754,1227.47,C,MULTIFAMIL,0.96,6,1.44,8.4,1.44,0.96
2754,1227.47,C,MULTIFAMIL,0.96,6,1.44,8.4,1.44,0.96
2754,1227.47,C,MULTIFAMIL,0.96,6,1.44,8.4,1.44,0.96
2754,1227.47,C,MULTIFAMIL,0.96,6,1.44,8.4,1.44,0.96
2754,1227.47,C,MULTIFAMIL,0.96,6,1.44,8.4,1.44,0.96
2810,67.49,Y,PRESCHOOL,0.48,0.32,0.48,1.28,0.48,0.48
2810,67.49,Y,PRESCHOOL,0.48,0.32,0.48,1.28,0.48,0.48
2810,67.49,Y,PRESCHOOL,0.48,0.32,0.48,1.28,0.48,0.48
3723,195.74,S,MEDICAL,0.96,0.96,0.96,2.88,0.96,0.96
3723,195.74,S,MEDICAL,0.96,0.96,0.96,2.88,0.96,0.96
3723,195.74,S,MEDICAL,0.96,0.96,0.96,2.88,0.96,0.96
3842,632.56,COUNTY,WINERY,0.8,2,10.48,13.280000000000001,10.48,0.8
3842,632.56,COUNTY,WINERY,0.8,2,10.48,13.280000000000001,10.48,0.8
3842,632.56,COUNTY,WINERY,0.8,2,10.48,13.280000000000001,10.48,0.8
3842,632.56,COUNTY,WINERY,0.8,2,10.48,13.280000000000001,10.48,0.8
3842,632.56,COUNTY,WINERY,0.8,2,10.48,13.280000000000001,10.48,0.8
3842,632.56,COUNTY,WINERY,0.8,2,10.48,13.280000000000001,10.48,0.8
3844,1005.67,COUNTY,MIXED USE,0.64,4,1.44,6.08,1.44,0.64
3844,1005.67,COUNTY,MIXED USE,0.64,4,1.44,6.08,1.44,0.64
3844,1005.67,COUNTY,MIXED USE,0.64,4,1.44,6.08,1.44,0.64
3844,1005.67,COUNTY,MIXED USE,0.64,4,1.44,6.08,1.44,0.64
3844,1005.67,COUNTY,MIXED USE,0.64,4,1.44,6.08,1.44,0.64
4126,597.92,COUNTY,WINERY,0.48,2,1.44,3.92,1.44,0.48
4126,597.92,COUNTY,WINERY,0.48,2,1.44,3.92,1.44,0.48
4126,597.92,COUNTY,WINERY,0.48,2,1.44,3.92,1.44,0.48
4196,2798.11,COUNTY,WINERY,0.32,6.48,14,20.8,14,0.32
4196,2798.11,COUNTY,WINERY,0.32,6.48,14,20.8,14,0.32
4196,2798.11,COUNTY,WINERY,0.32,6.48,14,20.8,14,0.32
4196,2798.11,COUNTY,WINERY,0.32,6.48,14,20.8,14,0.32
4196,2798.11,COUNTY,WINERY,0.32,6.48,14,20.8,14,0.32
4196,2798.11,COUNTY,WINERY,0.32,6.48,14,20.8,14,0.32
4226,632.56,COUNTY,WINERY,0.48,2,10.96,13.440000000000001,10.96,0.48
4226,632.56,COUNTY,WINERY,0.48,2,10.96,13.440000000000001,10.96,0.48
4226,632.56,COUNTY,WINERY,0.48,2,10.96,13.440000000000001,10.96,0.48
4226,632.56,COUNTY,WINERY,0.48,2,10.96,13.440000000000001,10.96,0.48
4226,632.56,COUNTY,WINERY,0.48,2,10.96,13.440000000000001,10.96,0.48
4445,134.57,COUNTY,WINERY,0.48,0.48,0.48,1.44,0.48,0.48
4445,134.57,COUNTY,WINERY,0.48,0.48,0.48,1.44,0.48,0.48
4445,134.57,COUNTY,WINERY,0.48,0.48,0.48,1.44,0.48,0.48
4454,135.12,C,SCHOOL,0.48,0,0.48,0.96,0.48,0.48
4454,135.12,C,SCHOOL,0.48,0,0.48,0.96,0.48,0.48
4477,134.57,COUNTY,WINERY,0.48,0.48,0.48,1.44,0.48,0.48
4477,134.57,COUNTY,WINERY,0.48,0.48,0.48,1.44,0.48,0.48
4477,134.57,COUNTY,WINERY,0.48,0.48,0.48,1.44,0.48,0.48
4520,101.24,Y,MULTIFAMIL,0.48,0.48,0.48,1.44,0.48,0.48
4520,101.24,Y,MULTIFAMIL,0.48,0.48,0.48,1.44,0.48,0.48
4520,101.24,Y,MULTIFAMIL,0.48,0.48,0.48,1.44,0.48,0.48
4631,370.07,COUNTY,WINERY,0.48,0.96,1.44,2.88,1.44,0.48
4631,370.07,COUNTY,WINERY,0.48,0.96,1.44,2.88,1.44,0.48
4631,370.07,COUNTY,WINERY,0.48,0.96,1.44,2.88,1.44,0.48
4631,370.07,COUNTY,WINERY,0.48,0.96,1.44,2.88,1.44,0.48
4631,370.07,COUNTY,WINERY,0.48,0.96,1.44,2.88,1.44,0.48
4686,439.46,C,STRIP MALL,0.48,2,1.44,3.92,1.44,0.48
4686,439.46,C,STRIP MALL,0.48,2,1.44,3.92,1.44,0.48
4686,439.46,C,STRIP MALL,0.48,2,1.44,3.92,1.44,0.48
4781,89.71,COUNTY,WINERY,0.48,0.32,0.48,1.28,0.48,0.48
4781,89.71,COUNTY,WINERY,0.48,0.32,0.48,1.28,0.48,0.48
4781,89.71,COUNTY,WINERY,0.48,0.32,0.48,1.28,0.48,0.48
4831,69.28,C,FOURPLEX,0.96,0.32,0.96,2.24,0.96,0.96
4831,69.28,C,FOURPLEX,0.96,0.32,0.96,2.24,0.96,0.96
4831,69.28,C,FOURPLEX,0.96,0.32,0.96,2.24,0.96,0.96
5311,358.85,COUNTY,WINERY,0.48,1.28,1.44,3.2,1.44,0.48
5311,358.85,COUNTY,WINERY,0.48,1.28,1.44,3.2,1.44,0.48
5311,358.85,COUNTY,WINERY,0.48,1.28,1.44,3.2,1.44,0.48
5311,358.85,COUNTY,WINERY,0.48,1.28,1.44,3.2,1.44,0.48
5311,358.85,COUNTY,WINERY,0.48,1.28,1.44,3.2,1.44,0.48
5401,253.08,Y,WINERY,0.32,0.48,1.44,2.24,1.44,0.32
5401,253.08,Y,WINERY,0.32,0.48,1.44,2.24,1.44,0.32
5401,253.08,Y,WINERY,0.32,0.48,1.44,2.24,1.44,0.32
5401,253.08,Y,WINERY,0.32,0.48,1.44,2.24,1.44,0.32
5401,253.08,Y,WINERY,0.32,0.48,1.44,2.24,1.44,0.32
6090,130.5,S,UTILITY,0.48,0.64,0.48,1.6,0.48,0.48
6090,130.5,S,UTILITY,0.48,0.64,0.48,1.6,0.48,0.48
6090,130.5,S,UTILITY,0.48,0.64,0.48,1.6,0.48,0.48
6090,130.5,S,UTILITY,0.48,0.64,0.48,1.6,0.48,0.48
6205,89.71,COUNTY,CONTRACTOR,0.48,0.32,0.48,1.28,0.48,0.48
6205,89.71,COUNTY,CONTRACTOR,0.48,0.32,0.48,1.28,0.48,0.48
6205,89.71,COUNTY,CONTRACTOR,0.48,0.32,0.48,1.28,0.48,0.48
6413,665.6,COUNTY,MIXED USE,1.44,2,0.48,3.92,0.48,1.44
6413,665.6,COUNTY,MIXED USE,1.44,2,0.48,3.92,0.48,1.44
6413,665.6,COUNTY,MIXED USE,1.44,2,0.48,3.92,0.48,1.44
6413,665.6,COUNTY,MIXED USE,1.44,2,0.48,3.92,0.48,1.44
6413,665.6,COUNTY,MIXED USE,1.44,2,0.48,3.92,0.48,1.44
6640,514.46,C,RESTAURANT,6.24,2,6.4,14.64,6.4,6.24
6640,514.46,C,RESTAURANT,6.24,2,6.4,14.64,6.4,6.24
6640,514.46,C,RESTAURANT,6.24,2,6.4,14.64,6.4,6.24
6640,514.46,C,RESTAURANT,6.24,2,6.4,14.64,6.4,6.24
6640,514.46,C,RESTAURANT,6.24,2,6.4,14.64,6.4,6.24
6640,514.46,C,RESTAURANT,6.24,2,6.4,14.64,6.4,6.24
6640,514.46,C,RESTAURANT,6.24,2,6.4,14.64,6.4,6.24
6640,514.46,C,RESTAURANT,6.24,2,6.4,14.64,6.4,6.24
6640,514.46,C,RESTAURANT,6.24,2,6.4,14.64,6.4,6.24
6796,1772.84,COUNTY,RESTAURANT,17.28,4,69.28,90.56,69.28,17.28
6796,1772.84,COUNTY,RESTAURANT,17.28,4,69.28,90.56,69.28,17.28
6796,1772.84,COUNTY,RESTAURANT,17.28,4,69.28,90.56,69.28,17.28
6796,1772.84,COUNTY,RESTAURANT,17.28,4,69.28,90.56,69.28,17.28
6796,1772.84,COUNTY,RESTAURANT,17.28,4,69.28,90.56,69.28,17.28
6796,1772.84,COUNTY,RESTAURANT,17.28,4,69.28,90.56,69.28,17.28
6796,1772.84,COUNTY,RESTAURANT,17.28,4,69.28,90.56,69.28,17.28
6796,1772.84,COUNTY,RESTAURANT,17.28,4,69.28,90.56,69.28,17.28
6796,1772.84,COUNTY,RESTAURANT,17.28,4,69.28,90.56,69.28,17.28
6796,1772.84,COUNTY,RESTAURANT,17.28,4,69.28,90.56,69.28,17.28
6796,1772.84,COUNTY,RESTAURANT,17.28,4,69.28,90.56,69.28,17.28
6796,1772.84,COUNTY,RESTAURANT,17.28,4,69.28,90.56,69.28,17.28
6796,1772.84,COUNTY,RESTAURANT,17.28,4,69.28,90.56,69.28,17.28
6796,1772.84,COUNTY,RESTAURANT,17.28,4,69.28,90.56,69.28,17.28
6796,1772.84,COUNTY,RESTAURANT,17.28,4,69.28,90.56,69.28,17.28
6796,1772.84,COUNTY,RESTAURANT,17.28,4,69.28,90.56,69.28,17.28
8041,134.57,COUNTY,LODGING,0.48,0.48,0.48,1.44,0.48,0.48
8041,134.57,COUNTY,LODGING,0.48,0.48,0.48,1.44,0.48,0.48
8041,134.57,COUNTY,LODGING,0.48,0.48,0.48,1.44,0.48,0.48
8045,179.42,COUNTY,WINERY,0.96,0.64,0.96,2.56,0.96,0.96
8045,179.42,COUNTY,WINERY,0.96,0.64,0.96,2.56,0.96,0.96
8045,179.42,COUNTY,WINERY,0.96,0.64,0.96,2.56,0.96,0.96
8045,179.42,COUNTY,WINERY,0.96,0.64,0.96,2.56,0.96,0.96
8045,179.42,COUNTY,WINERY,0.96,0.64,0.96,2.56,0.96,0.96
8045,179.42,COUNTY,WINERY,0.96,0.64,0.96,2.56,0.96,0.96
8063,1048.95,S,GROCERY,2.56,18,37.44,58,37.44,2.56
8063,1048.95,S,GROCERY,2.56,18,37.44,58,37.44,2.56
8063,1048.95,S,GROCERY,2.56,18,37.44,58,37.44,2.56
8063,1048.95,S,GROCERY,2.56,18,37.44,58,37.44,2.56
8063,1048.95,S,GROCERY,2.56,18,37.44,58,37.44,2.56
8063,1048.95,S,GROCERY,2.56,18,37.44,58,37.44,2.56
8063,1048.95,S,GROCERY,2.56,18,37.44,58,37.44,2.56
8063,1048.95,S,GROCERY,2.56,18,37.44,58,37.44,2.56
8063,1048.95,S,GROCERY,2.56,18,37.44,58,37.44,2.56
8141,540.19,COUNTY,WINERY,0.48,2,1.44,3.92,1.44,0.48
8141,540.19,COUNTY,WINERY,0.48,2,1.44,3.92,1.44,0.48
8141,540.19,COUNTY,WINERY,0.48,2,1.44,3.92,1.44,0.48
8141,540.19,COUNTY,WINERY,0.48,2,1.44,3.92,1.44,0.48
8141,540.19,COUNTY,WINERY,0.48,2,1.44,3.92,1.44,0.48
8212,269.13,S,MULTIFAMIL,1.44,0.96,3.36,5.76,3.36,1.44
8212,269.13,S,MULTIFAMIL,1.44,0.96,3.36,5.76,3.36,1.44
8212,269.13,S,MULTIFAMIL,1.44,0.96,3.36,5.76,3.36,1.44
8212,269.13,S,MULTIFAMIL,1.44,0.96,3.36,5.76,3.36,1.44
8213,65.24,S,DUPLEX,0.48,0.32,0.96,1.76,0.96,0.48
8213,65.24,S,DUPLEX,0.48,0.32,0.96,1.76,0.96,0.48
8213,65.24,S,DUPLEX,0.48,0.32,0.96,1.76,0.96,0.48
8213,65.24,S,DUPLEX,0.48,0.32,0.96,1.76,0.96,0.48
8213,65.24,S,DUPLEX,0.48,0.32,0.96,1.76,0.96,0.48
8327,89.71,COUNTY,WINERY,0.48,0.32,0.48,1.28,0.48,0.48
8327,89.71,COUNTY,WINERY,0.48,0.32,0.48,1.28,0.48,0.48
8327,89.71,COUNTY,WINERY,0.48,0.32,0.48,1.28,0.48,0.48
8626,89.71,COUNTY,WINERY,0.48,0.32,0.48,1.28,0.48,0.48
8626,89.71,COUNTY,WINERY,0.48,0.32,0.48,1.28,0.48,0.48
8626,89.71,COUNTY,WINERY,0.48,0.32,0.48,1.28,0.48,0.48
8747,583.49,COUNTY,WINERY,0.48,2,1.92,4.4,1.92,0.48
8747,583.49,COUNTY,WINERY,0.48,2,1.92,4.4,1.92,0.48
8747,583.49,COUNTY,WINERY,0.48,2,1.92,4.4,1.92,0.48
8747,583.49,COUNTY,WINERY,0.48,2,1.92,4.4,1.92,0.48
8747,583.49,COUNTY,WINERY,0.48,2,1.92,4.4,1.92,0.48
8747,583.49,COUNTY,WINERY,0.48,2,1.92,4.4,1.92,0.48
8800,304.02,C,MULTIFAMIL,0.48,1.44,0.96,2.88,0.96,0.48
8800,304.02,C,MULTIFAMIL,0.48,1.44,0.96,2.88,0.96,0.48
8800,304.02,C,MULTIFAMIL,0.48,1.44,0.96,2.88,0.96,0.48
8800,304.02,C,MULTIFAMIL,0.48,1.44,0.96,2.88,0.96,0.48
8800,304.02,C,MULTIFAMIL,0.48,1.44,0.96,2.88,0.96,0.48
8800,304.02,C,MULTIFAMIL,0.48,1.44,0.96,2.88,0.96,0.48
8818,370.07,COUNTY,WINERY,0.48,0.96,0.96,2.4,0.96,0.48
8818,370.07,COUNTY,WINERY,0.48,0.96,0.96,2.4,0.96,0.48
8818,370.07,COUNTY,WINERY,0.48,0.96,0.96,2.4,0.96,0.48
8818,370.07,COUNTY,WINERY,0.48,0.96,0.96,2.4,0.96,0.48
8818,370.07,COUNTY,WINERY,0.48,0.96,0.96,2.4,0.96,0.48
8959,844.48,COUNTY,WINERY,0.96,2,2,4.96,2,0.96
8959,844.48,COUNTY,WINERY,0.96,2,2,4.96,2,0.96
8959,844.48,COUNTY,WINERY,0.96,2,2,4.96,2,0.96
8959,844.48,COUNTY,WINERY,0.96,2,2,4.96,2,0.96
9121,1624.18,COUNTY,WINERY,0.48,6,33.92,40.400000000000006,33.92,0.48
9121,1624.18,COUNTY,WINERY,0.48,6,33.92,40.400000000000006,33.92,0.48
9121,1624.18,COUNTY,WINERY,0.48,6,33.92,40.400000000000006,33.92,0.48
9121,1624.18,COUNTY,WINERY,0.48,6,33.92,40.400000000000006,33.92,0.48
9121,1624.18,COUNTY,WINERY,0.48,6,33.92,40.400000000000006,33.92,0.48
9121,1624.18,COUNTY,WINERY,0.48,6,33.92,40.400000000000006,33.92,0.48
9121,1624.18,COUNTY,WINERY,0.48,6,33.92,40.400000000000006,33.92,0.48
9121,1624.18,COUNTY,WINERY,0.48,6,33.92,40.400000000000006,33.92,0.48
9121,1624.18,COUNTY,WINERY,0.48,6,33.92,40.400000000000006,33.92,0.48
9121,1624.18,COUNTY,WINERY,0.48,6,33.92,40.400000000000006,33.92,0.48
9195,134.57,COUNTY,WINERY,0.48,0.48,0.48,1.44,0.48,0.48
9195,134.57,COUNTY,WINERY,0.48,0.48,0.48,1.44,0.48,0.48
9195,134.57,COUNTY,WINERY,0.48,0.48,0.48,1.44,0.48,0.48
9368,1638.21,COUNTY,WINERY,0.96,4,4,8.96,4,0.96
9368,1638.21,COUNTY,WINERY,0.96,4,4,8.96,4,0.96
9368,1638.21,COUNTY,WINERY,0.96,4,4,8.96,4,0.96
9368,1638.21,COUNTY,WINERY,0.96,4,4,8.96,4,0.96
9376,1185.33,S,RESTAURANT,44.32000000000001,0,6,50.32000000000001,6,44.32000000000001
9376,1185.33,S,RESTAURANT,44.32000000000001,0,6,50.32000000000001,6,44.32000000000001
9376,1185.33,S,RESTAURANT,44.32000000000001,0,6,50.32000000000001,6,44.32000000000001
9376,1185.33,S,RESTAURANT,44.32000000000001,0,6,50.32000000000001,6,44.32000000000001
9376,1185.33,S,RESTAURANT,44.32000000000001,0,6,50.32000000000001,6,44.32000000000001
9784,134.57,COUNTY,VINEYARD,0.48,0.48,0.48,1.44,0.48,0.48
9784,134.57,COUNTY,VINEYARD,0.48,0.48,0.48,1.44,0.48,0.48
9784,134.57,COUNTY,VINEYARD,0.48,0.48,0.48,1.44,0.48,0.48
9920,2317.12,C,MULTIFAMIL,0.48,24,1.92,26.4,1.92,0.48
9920,2317.12,C,MULTIFAMIL,0.48,24,1.92,26.4,1.92,0.48
9920,2317.12,C,MULTIFAMIL,0.48,24,1.92,26.4,1.92,0.48
9920,2317.12,C,MULTIFAMIL,0.48,24,1.92,26.4,1.92,0.48
9920,2317.12,C,MULTIFAMIL,0.48,24,1.92,26.4,1.92,0.48
9920,2317.12,C,MULTIFAMIL,0.48,24,1.92,26.4,1.92,0.48
9928,269.14,COUNTY,CHURCH,0.48,0.96,0.48,1.92,0.48,0.48
9928,269.14,COUNTY,CHURCH,0.48,0.96,0.48,1.92,0.48,0.48
9928,269.14,COUNTY,CHURCH,0.48,0.96,0.48,1.92,0.48,0.48
9964,276.77,C,MEDICAL,0.96,0.96,0.48,2.4,0.48,0.96
9964,276.77,C,MEDICAL,0.96,0.96,0.48,2.4,0.48,0.96
9964,276.77,C,MEDICAL,0.96,0.96,0.48,2.4,0.48,0.96
9964,276.77,C,MEDICAL,0.96,0.96,0.48,2.4,0.48,0.96
9964,276.77,C,MEDICAL,0.96,0.96,0.48,2.4,0.48,0.96
10065,2816.91,COUNTY,WINERY,2.4,6,8,16.4,8,2.4
10065,2816.91,COUNTY,WINERY,2.4,6,8,16.4,8,2.4
10065,2816.91,COUNTY,WINERY,2.4,6,8,16.4,8,2.4
10065,2816.91,COUNTY,WINERY,2.4,6,8,16.4,8,2.4
10065,2816.91,COUNTY,WINERY,2.4,6,8,16.4,8,2.4
10065,2816.91,COUNTY,WINERY,2.4,6,8,16.4,8,2.4
10071,3322.57,COUNTY,WINERY,4,6,10,20,10,4
10071,3322.57,COUNTY,WINERY,4,6,10,20,10,4
10071,3322.57,COUNTY,WINERY,4,6,10,20,10,4
10071,3322.57,COUNTY,WINERY,4,6,10,20,10,4
10076,1898.55,COUNTY,LODGING-FW,0.96,16,1.92,18.880000000000003,1.92,0.96
10076,1898.55,COUNTY,LODGING-FW,0.96,16,1.92,18.880000000000003,1.92,0.96
10076,1898.55,COUNTY,LODGING-FW,0.96,16,1.92,18.880000000000003,1.92,0.96
10076,1898.55,COUNTY,LODGING-FW,0.96,16,1.92,18.880000000000003,1.92,0.96
10076,1898.55,COUNTY,LODGING-FW,0.96,16,1.92,18.880000000000003,1.92,0.96
10076,1898.55,COUNTY,LODGING-FW,0.96,16,1.92,18.880000000000003,1.92,0.96
10076,1898.55,COUNTY,LODGING-FW,0.96,16,1.92,18.880000000000003,1.92,0.96
10076,1898.55,COUNTY,LODGING-FW,0.96,16,1.92,18.880000000000003,1.92,0.96
10106,1791.03,C,LODGING,0.48,16,2.88,19.36,2.88,0.48
10106,1791.03,C,LODGING,0.48,16,2.88,19.36,2.88,0.48
10106,1791.03,C,LODGING,0.48,16,2.88,19.36,2.88,0.48
10106,1791.03,C,LODGING,0.48,16,2.88,19.36,2.88,0.48
10106,1791.03,C,LODGING,0.48,16,2.88,19.36,2.88,0.48
10106,1791.03,C,LODGING,0.48,16,2.88,19.36,2.88,0.48
10106,1791.03,C,LODGING,0.48,16,2.88,19.36,2.88,0.48
10106,1791.03,C,LODGING,0.48,16,2.88,19.36,2.88,0.48
10106,1791.03,C,LODGING,0.48,16,2.88,19.36,2.88,0.48
10112,202.48,Y,CHURCH,1.44,0.96,0.48,2.88,0.48,1.44
10112,202.48,Y,CHURCH,1.44,0.96,0.48,2.88,0.48,1.44
10112,202.48,Y,CHURCH,1.44,0.96,0.48,2.88,0.48,1.44
10139,1511.27,S,STRIP MALL,0.48,8,3.36,11.84,3.36,0.48
10139,1511.27,S,STRIP MALL,0.48,8,3.36,11.84,3.36,0.48
10139,1511.27,S,STRIP MALL,0.48,8,3.36,11.84,3.36,0.48
10139,1511.27,S,STRIP MALL,0.48,8,3.36,11.84,3.36,0.48
10139,1511.27,S,STRIP MALL,0.48,8,3.36,11.84,3.36,0.48
10144,608.04,C,MULTIFAMIL,1.44,2.88,2.88,7.2,2.88,1.44
10144,608.04,C,MULTIFAMIL,1.44,2.88,2.88,7.2,2.88,1.44
10144,608.04,C,MULTIFAMIL,1.44,2.88,2.88,7.2,2.88,1.44
10144,608.04,C,MULTIFAMIL,1.44,2.88,2.88,7.2,2.88,1.44
10144,608.04,C,MULTIFAMIL,1.44,2.88,2.88,7.2,2.88,1.44
10145,6451.98,C,MOBILEHOME,89.28,30.560000000000002,86.4,206.24,86.4,89.28
10145,6451.98,C,MOBILEHOME,89.28,30.560000000000002,86.4,206.24,86.4,89.28
10145,6451.98,C,MOBILEHOME,89.28,30.560000000000002,86.4,206.24,86.4,89.28
10145,6451.98,C,MOBILEHOME,89.28,30.560000000000002,86.4,206.24,86.4,89.28
10145,6451.98,C,MOBILEHOME,89.28,30.560000000000002,86.4,206.24,86.4,89.28
10145,6451.98,C,MOBILEHOME,89.28,30.560000000000002,86.4,206.24,86.4,89.28
10145,6451.98,C,MOBILEHOME,89.28,30.560000000000002,86.4,206.24,86.4,89.28
10145,6451.98,C,MOBILEHOME,89.28,30.560000000000002,86.4,206.24,86.4,89.28
10145,6451.98,C,MOBILEHOME,89.28,30.560000000000002,86.4,206.24,86.4,89.28
10154,2398.21,C,LODGING,0.48,36,1.44,37.919999999999995,1.44,0.48
10154,2398.21,C,LODGING,0.48,36,1.44,37.919999999999995,1.44,0.48
10154,2398.21,C,LODGING,0.48,36,1.44,37.919999999999995,1.44,0.48
10154,2398.21,C,LODGING,0.48,36,1.44,37.919999999999995,1.44,0.48
10154,2398.21,C,LODGING,0.48,36,1.44,37.919999999999995,1.44,0.48
10209,255.93,C,POSTOFFICE,0.48,0.48,1.44,2.4,1.44,0.48
10209,255.93,C,POSTOFFICE,0.48,0.48,1.44,2.4,1.44,0.48
10209,255.93,C,POSTOFFICE,0.48,0.48,1.44,2.4,1.44,0.48
10209,255.93,C,POSTOFFICE,0.48,0.48,1.44,2.4,1.44,0.48
10224,882.9,C,LODGING,0.96,8,1.44,10.4,1.44,0.96
10224,882.9,C,LODGING,0.96,8,1.44,10.4,1.44,0.96
10224,882.9,C,LODGING,0.96,8,1.44,10.4,1.44,0.96
10224,882.9,C,LODGING,0.96,8,1.44,10.4,1.44,0.96
10224,882.9,C,LODGING,0.96,8,1.44,10.4,1.44,0.96
10224,882.9,C,LODGING,0.96,8,1.44,10.4,1.44,0.96
10224,882.9,C,LODGING,0.96,8,1.44,10.4,1.44,0.96
10227,69.28,C,MEDICAL,0.48,0.32,0.48,1.28,0.48,0.48
10227,69.28,C,MEDICAL,0.48,0.32,0.48,1.28,0.48,0.48
10227,69.28,C,MEDICAL,0.48,0.32,0.48,1.28,0.48,0.48
10233,4931.88,C,MOBILEHOME,1.44,23.36,70.08,94.88,70.08,1.44
10233,4931.88,C,MOBILEHOME,1.44,23.36,70.08,94.88,70.08,1.44
10233,4931.88,C,MOBILEHOME,1.44,23.36,70.08,94.88,70.08,1.44
10247,3008.71,C,GROCERY,14.400000000000002,60,4.96,79.36,4.96,14.400000000000002
10247,3008.71,C,GROCERY,14.400000000000002,60,4.96,79.36,4.96,14.400000000000002
10247,3008.71,C,GROCERY,14.400000000000002,60,4.96,79.36,4.96,14.400000000000002
10247,3008.71,C,GROCERY,14.400000000000002,60,4.96,79.36,4.96,14.400000000000002
10247,3008.71,C,GROCERY,14.400000000000002,60,4.96,79.36,4.96,14.400000000000002
10247,3008.71,C,GROCERY,14.400000000000002,60,4.96,79.36,4.96,14.400000000000002
10247,3008.71,C,GROCERY,14.400000000000002,60,4.96,79.36,4.96,14.400000000000002
10247,3008.71,C,GROCERY,14.400000000000002,60,4.96,79.36,4.96,14.400000000000002
10247,3008.71,C,GROCERY,14.400000000000002,60,4.96,79.36,4.96,14.400000000000002
10247,3008.71,C,GROCERY,14.400000000000002,60,4.96,79.36,4.96,14.400000000000002
10247,3008.71,C,GROCERY,14.400000000000002,60,4.96,79.36,4.96,14.400000000000002
10250,2035.83,S,LODGING-FW,1.44,36,2.4,39.839999999999996,2.4,1.44
10250,2035.83,S,LODGING-FW,1.44,36,2.4,39.839999999999996,2.4,1.44
10250,2035.83,S,LODGING-FW,1.44,36,2.4,39.839999999999996,2.4,1.44
10250,2035.83,S,LODGING-FW,1.44,36,2.4,39.839999999999996,2.4,1.44
10250,2035.83,S,LODGING-FW,1.44,36,2.4,39.839999999999996,2.4,1.44
10250,2035.83,S,LODGING-FW,1.44,36,2.4,39.839999999999996,2.4,1.44
10250,2035.83,S,LODGING-FW,1.44,36,2.4,39.839999999999996,2.4,1.44
10250,2035.83,S,LODGING-FW,1.44,36,2.4,39.839999999999996,2.4,1.44
10260,69.28,C,OFFICE BLD,0.48,0.32,0.96,1.76,0.96,0.48
10260,69.28,C,OFFICE BLD,0.48,0.32,0.96,1.76,0.96,0.48
10260,69.28,C,OFFICE BLD,0.48,0.32,0.96,1.76,0.96,0.48
10260,69.28,C,OFFICE BLD,0.48,0.32,0.96,1.76,0.96,0.48
10265,6347.58,S,GROCERY,28.800000000000004,156,162.88,347.68,162.88,28.800000000000004
10265,6347.58,S,GROCERY,28.800000000000004,156,162.88,347.68,162.88,28.800000000000004
10265,6347.58,S,GROCERY,28.800000000000004,156,162.88,347.68,162.88,28.800000000000004
10265,6347.58,S,GROCERY,28.800000000000004,156,162.88,347.68,162.88,28.800000000000004
10265,6347.58,S,GROCERY,28.800000000000004,156,162.88,347.68,162.88,28.800000000000004
10265,6347.58,S,GROCERY,28.800000000000004,156,162.88,347.68,162.88,28.800000000000004
10265,6347.58,S,GROCERY,28.800000000000004,156,162.88,347.68,162.88,28.800000000000004
10265,6347.58,S,GROCERY,28.800000000000004,156,162.88,347.68,162.88,28.800000000000004
10265,6347.58,S,GROCERY,28.800000000000004,156,162.88,347.68,162.88,28.800000000000004
10265,6347.58,S,GROCERY,28.800000000000004,156,162.88,347.68,162.88,28.800000000000004
10265,6347.58,S,GROCERY,28.800000000000004,156,162.88,347.68,162.88,28.800000000000004
10265,6347.58,S,GROCERY,28.800000000000004,156,162.88,347.68,162.88,28.800000000000004
10265,6347.58,S,GROCERY,28.800000000000004,156,162.88,347.68,162.88,28.800000000000004
10265,6347.58,S,GROCERY,28.800000000000004,156,162.88,347.68,162.88,28.800000000000004
10265,6347.58,S,GROCERY,28.800000000000004,156,162.88,347.68,162.88,28.800000000000004
10265,6347.58,S,GROCERY,28.800000000000004,156,162.88,347.68,162.88,28.800000000000004
10265,6347.58,S,GROCERY,28.800000000000004,156,162.88,347.68,162.88,28.800000000000004
10265,6347.58,S,GROCERY,28.800000000000004,156,162.88,347.68,162.88,28.800000000000004
10265,6347.58,S,GROCERY,28.800000000000004,156,162.88,347.68,162.88,28.800000000000004
10265,6347.58,S,GROCERY,28.800000000000004,156,162.88,347.68,162.88,28.800000000000004
10265,6347.58,S,GROCERY,28.800000000000004,156,162.88,347.68,162.88,28.800000000000004
10265,6347.58,S,GROCERY,28.800000000000004,156,162.88,347.68,162.88,28.800000000000004
10317,505.47,S,AUTO,0.96,2,6.96,9.92,6.96,0.96
10317,505.47,S,AUTO,0.96,2,6.96,9.92,6.96,0.96
10317,505.47,S,AUTO,0.96,2,6.96,9.92,6.96,0.96
10317,505.47,S,AUTO,0.96,2,6.96,9.92,6.96,0.96
10317,505.47,S,AUTO,0.96,2,6.96,9.92,6.96,0.96
10321,743.93,S,AUTO,0.48,4,5.4399999999999995,9.92,5.4399999999999995,0.48
10321,743.93,S,AUTO,0.48,4,5.4399999999999995,9.92,5.4399999999999995,0.48
10321,743.93,S,AUTO,0.48,4,5.4399999999999995,9.92,5.4399999999999995,0.48
10321,743.93,S,AUTO,0.48,4,5.4399999999999995,9.92,5.4399999999999995,0.48
10323,1843.37,S,MULTIFAMIL,5.279999999999999,9.76,2.88,17.919999999999998,2.88,5.279999999999999
10323,1843.37,S,MULTIFAMIL,5.279999999999999,9.76,2.88,17.919999999999998,2.88,5.279999999999999
10323,1843.37,S,MULTIFAMIL,5.279999999999999,9.76,2.88,17.919999999999998,2.88,5.279999999999999
10323,1843.37,S,MULTIFAMIL,5.279999999999999,9.76,2.88,17.919999999999998,2.88,5.279999999999999
10325,97.87,S,COMMUNITY,0.48,0.48,0.48,1.44,0.48,0.48
10325,97.87,S,COMMUNITY,0.48,0.48,0.48,1.44,0.48,0.48
10325,97.87,S,COMMUNITY,0.48,0.48,0.48,1.44,0.48,0.48
10328,1500.79,S,BAKERY,8.64,16,18.4,43.04,18.4,8.64
10328,1500.79,S,BAKERY,8.64,16,18.4,43.04,18.4,8.64
10328,1500.79,S,BAKERY,8.64,16,18.4,43.04,18.4,8.64
10328,1500.79,S,BAKERY,8.64,16,18.4,43.04,18.4,8.64
10328,1500.79,S,BAKERY,8.64,16,18.4,43.04,18.4,8.64
10328,1500.79,S,BAKERY,8.64,16,18.4,43.04,18.4,8.64
10328,1500.79,S,BAKERY,8.64,16,18.4,43.04,18.4,8.64
10328,1500.79,S,BAKERY,8.64,16,18.4,43.04,18.4,8.64
10328,1500.79,S,BAKERY,8.64,16,18.4,43.04,18.4,8.64
10328,1500.79,S,BAKERY,8.64,16,18.4,43.04,18.4,8.64
10328,1500.79,S,BAKERY,8.64,16,18.4,43.04,18.4,8.64
10328,1500.79,S,BAKERY,8.64,16,18.4,43.04,18.4,8.64
10333,195.75,S,MULTIFAMIL,0.48,0.96,0.96,2.4,0.96,0.48
10333,195.75,S,MULTIFAMIL,0.48,0.96,0.96,2.4,0.96,0.48
10333,195.75,S,MULTIFAMIL,0.48,0.96,0.96,2.4,0.96,0.48
10333,195.75,S,MULTIFAMIL,0.48,0.96,0.96,2.4,0.96,0.48
10333,195.75,S,MULTIFAMIL,0.48,0.96,0.96,2.4,0.96,0.48
10333,195.75,S,MULTIFAMIL,0.48,0.96,0.96,2.4,0.96,0.48
10334,363.91,S,GROCERY,0.48,2,1.44,3.92,1.44,0.48
10334,363.91,S,GROCERY,0.48,2,1.44,3.92,1.44,0.48
10334,363.91,S,GROCERY,0.48,2,1.44,3.92,1.44,0.48
10335,363.91,S,SCHOOL,0.48,2,1.44,3.92,1.44,0.48
10335,363.91,S,SCHOOL,0.48,2,1.44,3.92,1.44,0.48
10335,363.91,S,SCHOOL,0.48,2,1.44,3.92,1.44,0.48
10335,363.91,S,SCHOOL,0.48,2,1.44,3.92,1.44,0.48
10335,363.91,S,SCHOOL,0.48,2,1.44,3.92,1.44,0.48
10340,97.87,S,OFFICE BLD,0.48,0.48,0.48,1.44,0.48,0.48
10340,97.87,S,OFFICE BLD,0.48,0.48,0.48,1.44,0.48,0.48
10340,97.87,S,OFFICE BLD,0.48,0.48,0.48,1.44,0.48,0.48
10342,391.48,S,MEDICAL,0.48,3.84,0.96,5.28,0.96,0.48
10342,391.48,S,MEDICAL,0.48,3.84,0.96,5.28,0.96,0.48
10342,391.48,S,MEDICAL,0.48,3.84,0.96,5.28,0.96,0.48
10342,391.48,S,MEDICAL,0.48,3.84,0.96,5.28,0.96,0.48
10343,3208.23,S,HOA,4,12,10,26,10,4
10343,3208.23,S,HOA,4,12,10,26,10,4
10343,3208.23,S,HOA,4,12,10,26,10,4
10343,3208.23,S,HOA,4,12,10,26,10,4
10343,3208.23,S,HOA,4,12,10,26,10,4
10347,2036.81,S,NRSG HOME,0.96,36,1.44,38.4,1.44,0.96
10347,2036.81,S,NRSG HOME,0.96,36,1.44,38.4,1.44,0.96
10347,2036.81,S,NRSG HOME,0.96,36,1.44,38.4,1.44,0.96
10347,2036.81,S,NRSG HOME,0.96,36,1.44,38.4,1.44,0.96
10347,2036.81,S,NRSG HOME,0.96,36,1.44,38.4,1.44,0.96
10347,2036.81,S,NRSG HOME,0.96,36,1.44,38.4,1.44,0.96
10349,413.91,S,MULTIFAMIL,0.48,2,0.96,3.44,0.96,0.48
10349,413.91,S,MULTIFAMIL,0.48,2,0.96,3.44,0.96,0.48
10349,413.91,S,MULTIFAMIL,0.48,2,0.96,3.44,0.96,0.48
10355,668.93,S,OFFICE BLD,0.48,4,0.96,5.44,0.96,0.48
10355,668.93,S,OFFICE BLD,0.48,4,0.96,5.44,0.96,0.48
10355,668.93,S,OFFICE BLD,0.48,4,0.96,5.44,0.96,0.48
10368,1658.21,COUNTY,LODGING-FW,2.88,4,4,10.879999999999999,4,2.88
10368,1658.21,COUNTY,LODGING-FW,2.88,4,4,10.879999999999999,4,2.88
10368,1658.21,COUNTY,LODGING-FW,2.88,4,4,10.879999999999999,4,2.88
10368,1658.21,COUNTY,LODGING-FW,2.88,4,4,10.879999999999999,4,2.88
10368,1658.21,COUNTY,LODGING-FW,2.88,4,4,10.879999999999999,4,2.88
10373,363.91,S,CHURCH,1.12,2,2.4,5.52,2.4,1.12
10373,363.91,S,CHURCH,1.12,2,2.4,5.52,2.4,1.12
10373,363.91,S,CHURCH,1.12,2,2.4,5.52,2.4,1.12
10373,363.91,S,CHURCH,1.12,2,2.4,5.52,2.4,1.12
10373,363.91,S,CHURCH,1.12,2,2.4,5.52,2.4,1.12
10378,430.47,S,CHURCH,0.96,2,0.48,3.44,0.48,0.96
10378,430.47,S,CHURCH,0.96,2,0.48,3.44,0.48,0.96
10378,430.47,S,CHURCH,0.96,2,0.48,3.44,0.48,0.96
10378,430.47,S,CHURCH,0.96,2,0.48,3.44,0.48,0.96
10390,101.24,Y,CHURCH,0.48,0.48,0.48,1.44,0.48,0.48
10390,101.24,Y,CHURCH,0.48,0.48,0.48,1.44,0.48,0.48
10390,101.24,Y,CHURCH,0.48,0.48,0.48,1.44,0.48,0.48
10394,8471.2,Y,MOBILEHOME,5.279999999999999,40.16,114.24,159.68,114.24,5.279999999999999
10394,8471.2,Y,MOBILEHOME,5.279999999999999,40.16,114.24,159.68,114.24,5.279999999999999
10394,8471.2,Y,MOBILEHOME,5.279999999999999,40.16,114.24,159.68,114.24,5.279999999999999
10394,8471.2,Y,MOBILEHOME,5.279999999999999,40.16,114.24,159.68,114.24,5.279999999999999
10394,8471.2,Y,MOBILEHOME,5.279999999999999,40.16,114.24,159.68,114.24,5.279999999999999
10395,1601.16,Y,LODGING,0.32,16,4.96,21.28,4.96,0.32
10395,1601.16,Y,LODGING,0.32,16,4.96,21.28,4.96,0.32
10395,1601.16,Y,LODGING,0.32,16,4.96,21.28,4.96,0.32
10395,1601.16,Y,LODGING,0.32,16,4.96,21.28,4.96,0.32
10395,1601.16,Y,LODGING,0.32,16,4.96,21.28,4.96,0.32
10410,103.93,C,LODGING-FW,0.48,0.48,0.48,1.44,0.48,0.48
10410,103.93,C,LODGING-FW,0.48,0.48,0.48,1.44,0.48,0.48
10410,103.93,C,LODGING-FW,0.48,0.48,0.48,1.44,0.48,0.48
10411,802.51,C,LODGING,1.44,3.36,26.88,31.68,26.88,1.44
10411,802.51,C,LODGING,1.44,3.36,26.88,31.68,26.88,1.44
10411,802.51,C,LODGING,1.44,3.36,26.88,31.68,26.88,1.44
10411,802.51,C,LODGING,1.44,3.36,26.88,31.68,26.88,1.44
10411,802.51,C,LODGING,1.44,3.36,26.88,31.68,26.88,1.44
10418,101.24,Y,CHURCH,0.48,0.48,0.48,1.44,0.48,0.48
10418,101.24,Y,CHURCH,0.48,0.48,0.48,1.44,0.48,0.48
10418,101.24,Y,CHURCH,0.48,0.48,0.48,1.44,0.48,0.48
10432,1649.14,Y,NRSG HOME,1.92,16,1.44,19.360000000000003,1.44,1.92
10432,1649.14,Y,NRSG HOME,1.92,16,1.44,19.360000000000003,1.44,1.92
10432,1649.14,Y,NRSG HOME,1.92,16,1.44,19.360000000000003,1.44,1.92
10432,1649.14,Y,NRSG HOME,1.92,16,1.44,19.360000000000003,1.44,1.92
10432,1649.14,Y,NRSG HOME,1.92,16,1.44,19.360000000000003,1.44,1.92
10432,1649.14,Y,NRSG HOME,1.92,16,1.44,19.360000000000003,1.44,1.92
10432,1649.14,Y,NRSG HOME,1.92,16,1.44,19.360000000000003,1.44,1.92
10432,1649.14,Y,NRSG HOME,1.92,16,1.44,19.360000000000003,1.44,1.92
10432,1649.14,Y,NRSG HOME,1.92,16,1.44,19.360000000000003,1.44,1.92
10438,1966.06,COUNTY,GROUP HOME,2.56,6,5.440000000000001,14.000000000000002,5.440000000000001,2.56
10438,1966.06,COUNTY,GROUP HOME,2.56,6,5.440000000000001,14.000000000000002,5.440000000000001,2.56
10438,1966.06,COUNTY,GROUP HOME,2.56,6,5.440000000000001,14.000000000000002,5.440000000000001,2.56
10438,1966.06,COUNTY,GROUP HOME,2.56,6,5.440000000000001,14.000000000000002,5.440000000000001,2.56
10438,1966.06,COUNTY,GROUP HOME,2.56,6,5.440000000000001,14.000000000000002,5.440000000000001,2.56
10438,1966.06,COUNTY,GROUP HOME,2.56,6,5.440000000000001,14.000000000000002,5.440000000000001,2.56
10438,1966.06,COUNTY,GROUP HOME,2.56,6,5.440000000000001,14.000000000000002,5.440000000000001,2.56
10453,482.56,COUNTY,MOBILEHOME,0.48,2,1.44,3.92,1.44,0.48
10453,482.56,COUNTY,MOBILEHOME,0.48,2,1.44,3.92,1.44,0.48
10453,482.56,COUNTY,MOBILEHOME,0.48,2,1.44,3.92,1.44,0.48
10453,482.56,COUNTY,MOBILEHOME,0.48,2,1.44,3.92,1.44,0.48
10453,482.56,COUNTY,MOBILEHOME,0.48,2,1.44,3.92,1.44,0.48
10461,890.4,COUNTY,WINERY,1.28,4,0.96,6.24,0.96,1.28
10461,890.4,COUNTY,WINERY,1.28,4,0.96,6.24,0.96,1.28
10461,890.4,COUNTY,WINERY,1.28,4,0.96,6.24,0.96,1.28
10461,890.4,COUNTY,WINERY,1.28,4,0.96,6.24,0.96,1.28
10461,890.4,COUNTY,WINERY,1.28,4,0.96,6.24,0.96,1.28
10461,890.4,COUNTY,WINERY,1.28,4,0.96,6.24,0.96,1.28
10471,965.4,COUNTY,POLICEFIRE,0.96,4,4.48,9.440000000000001,4.48,0.96
10471,965.4,COUNTY,POLICEFIRE,0.96,4,4.48,9.440000000000001,4.48,0.96
10471,965.4,COUNTY,POLICEFIRE,0.96,4,4.48,9.440000000000001,4.48,0.96
10471,965.4,COUNTY,POLICEFIRE,0.96,4,4.48,9.440000000000001,4.48,0.96
10480,134.57,COUNTY,SCHOOL,0.48,0.48,0.48,1.44,0.48,0.48
10480,134.57,COUNTY,SCHOOL,0.48,0.48,0.48,1.44,0.48,0.48
10480,134.57,COUNTY,SCHOOL,0.48,0.48,0.48,1.44,0.48,0.48
10487,482.56,COUNTY,CHURCH,0.48,2,1.44,3.92,1.44,0.48
10487,482.56,COUNTY,CHURCH,0.48,2,1.44,3.92,1.44,0.48
10487,482.56,COUNTY,CHURCH,0.48,2,1.44,3.92,1.44,0.48
10488,699.2,COUNTY,SCHOOL,0.48,1.92,2.56,4.96,2.56,0.48
10488,699.2,COUNTY,SCHOOL,0.48,1.92,2.56,4.96,2.56,0.48
10488,699.2,COUNTY,SCHOOL,0.48,1.92,2.56,4.96,2.56,0.48
10488,699.2,COUNTY,SCHOOL,0.48,1.92,2.56,4.96,2.56,0.48
10488,699.2,COUNTY,SCHOOL,0.48,1.92,2.56,4.96,2.56,0.48
10490,482.56,COUNTY,SCHOOL,1.44,2,3.52,6.96,3.52,1.44
10490,482.56,COUNTY,SCHOOL,1.44,2,3.52,6.96,3.52,1.44
10490,482.56,COUNTY,SCHOOL,1.44,2,3.52,6.96,3.52,1.44
10490,482.56,COUNTY,SCHOOL,1.44,2,3.52,6.96,3.52,1.44
10490,482.56,COUNTY,SCHOOL,1.44,2,3.52,6.96,3.52,1.44
10490,482.56,COUNTY,SCHOOL,1.44,2,3.52,6.96,3.52,1.44
10490,482.56,COUNTY,SCHOOL,1.44,2,3.52,6.96,3.52,1.44
10490,482.56,COUNTY,SCHOOL,1.44,2,3.52,6.96,3.52,1.44
10490,482.56,COUNTY,SCHOOL,1.44,2,3.52,6.96,3.52,1.44
10490,482.56,COUNTY,SCHOOL,1.44,2,3.52,6.96,3.52,1.44
10490,482.56,COUNTY,SCHOOL,1.44,2,3.52,6.96,3.52,1.44
10507,965.4,COUNTY,WINERY,0.48,4,7.4399999999999995,11.92,7.4399999999999995,0.48
10507,965.4,COUNTY,WINERY,0.48,4,7.4399999999999995,11.92,7.4399999999999995,0.48
10507,965.4,COUNTY,WINERY,0.48,4,7.4399999999999995,11.92,7.4399999999999995,0.48
10507,965.4,COUNTY,WINERY,0.48,4,7.4399999999999995,11.92,7.4399999999999995,0.48
10512,134.57,COUNTY,WINERY,0.48,0.48,0.48,1.44,0.48,0.48
10512,134.57,COUNTY,WINERY,0.48,0.48,0.48,1.44,0.48,0.48
10512,134.57,COUNTY,WINERY,0.48,0.48,0.48,1.44,0.48,0.48
10521,2440.1,COUNTY,WINERY,6,4,11.44,21.439999999999998,11.44,6
10521,2440.1,COUNTY,WINERY,6,4,11.44,21.439999999999998,11.44,6
10521,2440.1,COUNTY,WINERY,6,4,11.44,21.439999999999998,11.44,6
10521,2440.1,COUNTY,WINERY,6,4,11.44,21.439999999999998,11.44,6
10521,2440.1,COUNTY,WINERY,6,4,11.44,21.439999999999998,11.44,6
10521,2440.1,COUNTY,WINERY,6,4,11.44,21.439999999999998,11.44,6
10521,2440.1,COUNTY,WINERY,6,4,11.44,21.439999999999998,11.44,6
10521,2440.1,COUNTY,WINERY,6,4,11.44,21.439999999999998,11.44,6
10521,2440.1,COUNTY,WINERY,6,4,11.44,21.439999999999998,11.44,6
10524,1373.25,COUNTY,GROCERY,5.76,6,4,15.76,4,5.76
10524,1373.25,COUNTY,GROCERY,5.76,6,4,15.76,4,5.76
10524,1373.25,COUNTY,GROCERY,5.76,6,4,15.76,4,5.76
10524,1373.25,COUNTY,GROCERY,5.76,6,4,15.76,4,5.76
10524,1373.25,COUNTY,GROCERY,5.76,6,4,15.76,4,5.76
10525,3579.43,COUNTY,WINERY,2.56,6,4,12.56,4,2.56
10525,3579.43,COUNTY,WINERY,2.56,6,4,12.56,4,2.56
10525,3579.43,COUNTY,WINERY,2.56,6,4,12.56,4,2.56
10525,3579.43,COUNTY,WINERY,2.56,6,4,12.56,4,2.56
10532,2721.53,COUNTY,WINERY,4,6,15.44,25.439999999999998,15.44,4
10532,2721.53,COUNTY,WINERY,4,6,15.44,25.439999999999998,15.44,4
10532,2721.53,COUNTY,WINERY,4,6,15.44,25.439999999999998,15.44,4
10532,2721.53,COUNTY,WINERY,4,6,15.44,25.439999999999998,15.44,4
10532,2721.53,COUNTY,WINERY,4,6,15.44,25.439999999999998,15.44,4
10532,2721.53,COUNTY,WINERY,4,6,15.44,25.439999999999998,15.44,4
10532,2721.53,COUNTY,WINERY,4,6,15.44,25.439999999999998,15.44,4
10532,2721.53,COUNTY,WINERY,4,6,15.44,25.439999999999998,15.44,4
10553,405.39,S,CONTRACTOR,1.92,0,2.4,4.32,2.4,1.92
10553,405.39,S,CONTRACTOR,1.92,0,2.4,4.32,2.4,1.92
10553,405.39,S,CONTRACTOR,1.92,0,2.4,4.32,2.4,1.92
10553,405.39,S,CONTRACTOR,1.92,0,2.4,4.32,2.4,1.92
10558,2327.97,Y,GROCERY,5.76,36,55.44,97.19999999999999,55.44,5.76
10558,2327.97,Y,GROCERY,5.76,36,55.44,97.19999999999999,55.44,5.76
10558,2327.97,Y,GROCERY,5.76,36,55.44,97.19999999999999,55.44,5.76
10558,2327.97,Y,GROCERY,5.76,36,55.44,97.19999999999999,55.44,5.76
10558,2327.97,Y,GROCERY,5.76,36,55.44,97.19999999999999,55.44,5.76
10558,2327.97,Y,GROCERY,5.76,36,55.44,97.19999999999999,55.44,5.76
10558,2327.97,Y,GROCERY,5.76,36,55.44,97.19999999999999,55.44,5.76
10558,2327.97,Y,GROCERY,5.76,36,55.44,97.19999999999999,55.44,5.76
10558,2327.97,Y,GROCERY,5.76,36,55.44,97.19999999999999,55.44,5.76
10558,2327.97,Y,GROCERY,5.76,36,55.44,97.19999999999999,55.44,5.76
10561,1861.82,Y,MULTIFAMIL,5.280000000000001,16,8.32,29.6,8.32,5.280000000000001
10561,1861.82,Y,MULTIFAMIL,5.280000000000001,16,8.32,29.6,8.32,5.280000000000001
10561,1861.82,Y,MULTIFAMIL,5.280000000000001,16,8.32,29.6,8.32,5.280000000000001
10561,1861.82,Y,MULTIFAMIL,5.280000000000001,16,8.32,29.6,8.32,5.280000000000001
10561,1861.82,Y,MULTIFAMIL,5.280000000000001,16,8.32,29.6,8.32,5.280000000000001
10561,1861.82,Y,MULTIFAMIL,5.280000000000001,16,8.32,29.6,8.32,5.280000000000001
10561,1861.82,Y,MULTIFAMIL,5.280000000000001,16,8.32,29.6,8.32,5.280000000000001
10561,1861.82,Y,MULTIFAMIL,5.280000000000001,16,8.32,29.6,8.32,5.280000000000001
10628,515.46,C,MEDICAL,0.48,2,1.92,4.4,1.92,0.48
10628,515.46,C,MEDICAL,0.48,2,1.92,4.4,1.92,0.48
10628,515.46,C,MEDICAL,0.48,2,1.92,4.4,1.92,0.48
10628,515.46,C,MEDICAL,0.48,2,1.92,4.4,1.92,0.48
10628,515.46,C,MEDICAL,0.48,2,1.92,4.4,1.92,0.48
10628,515.46,C,MEDICAL,0.48,2,1.92,4.4,1.92,0.48
10648,1788.94,COUNTY,WINERY,0.32,8,5.4399999999999995,13.76,5.4399999999999995,0.32
10648,1788.94,COUNTY,WINERY,0.32,8,5.4399999999999995,13.76,5.4399999999999995,0.32
10648,1788.94,COUNTY,WINERY,0.32,8,5.4399999999999995,13.76,5.4399999999999995,0.32
10648,1788.94,COUNTY,WINERY,0.32,8,5.4399999999999995,13.76,5.4399999999999995,0.32
10648,1788.94,COUNTY,WINERY,0.32,8,5.4399999999999995,13.76,5.4399999999999995,0.32
10648,1788.94,COUNTY,WINERY,0.32,8,5.4399999999999995,13.76,5.4399999999999995,0.32
10648,1788.94,COUNTY,WINERY,0.32,8,5.4399999999999995,13.76,5.4399999999999995,0.32
10791,131.25,COUNTY,WINERY,0.48,0.32,0.48,1.28,0.48,0.48
10791,131.25,COUNTY,WINERY,0.48,0.32,0.48,1.28,0.48,0.48
10791,131.25,COUNTY,WINERY,0.48,0.32,0.48,1.28,0.48,0.48
10831,503.88,S,OFFICE BLD,0.96,2,1.92,4.88,1.92,0.96
10831,503.88,S,OFFICE BLD,0.96,2,1.92,4.88,1.92,0.96
10831,503.88,S,OFFICE BLD,0.96,2,1.92,4.88,1.92,0.96
10831,503.88,S,OFFICE BLD,0.96,2,1.92,4.88,1.92,0.96
10831,503.88,S,OFFICE BLD,0.96,2,1.92,4.88,1.92,0.96
10924,89.71,COUNTY,HOME IMPRO,0.48,0.32,0.48,1.28,0.48,0.48
10924,89.71,COUNTY,HOME IMPRO,0.48,0.32,0.48,1.28,0.48,0.48
10924,89.71,COUNTY,HOME IMPRO,0.48,0.32,0.48,1.28,0.48,0.48
10929,134.57,COUNTY,WINERY,0.48,0.48,0.48,1.44,0.48,0.48
10929,134.57,COUNTY,WINERY,0.48,0.48,0.48,1.44,0.48,0.48
10929,134.57,COUNTY,WINERY,0.48,0.48,0.48,1.44,0.48,0.48
10959,813.49,COUNTY,WINERY,0.8,2,11.92,14.719999999999999,11.92,0.8
10959,813.49,COUNTY,WINERY,0.8,2,11.92,14.719999999999999,11.92,0.8
10959,813.49,COUNTY,WINERY,0.8,2,11.92,14.719999999999999,11.92,0.8
10959,813.49,COUNTY,WINERY,0.8,2,11.92,14.719999999999999,11.92,0.8
10959,813.49,COUNTY,WINERY,0.8,2,11.92,14.719999999999999,11.92,0.8
10959,813.49,COUNTY,WINERY,0.8,2,11.92,14.719999999999999,11.92,0.8
10959,813.49,COUNTY,WINERY,0.8,2,11.92,14.719999999999999,11.92,0.8
10959,813.49,COUNTY,WINERY,0.8,2,11.92,14.719999999999999,11.92,0.8
10959,813.49,COUNTY,WINERY,0.8,2,11.92,14.719999999999999,11.92,0.8
11025,202.68,C,MULTIFAMIL,0.48,0.96,1.92,3.36,1.92,0.48
11025,202.68,C,MULTIFAMIL,0.48,0.96,1.92,3.36,1.92,0.48
11025,202.68,C,MULTIFAMIL,0.48,0.96,1.92,3.36,1.92,0.48
11025,202.68,C,MULTIFAMIL,0.48,0.96,1.92,3.36,1.92,0.48
11025,202.68,C,MULTIFAMIL,0.48,0.96,1.92,3.36,1.92,0.48
11025,202.68,C,MULTIFAMIL,0.48,0.96,1.92,3.36,1.92,0.48
11086,482.56,COUNTY,VINEYARD,0.48,2,0.48,2.96,0.48,0.48
11086,482.56,COUNTY,VINEYARD,0.48,2,0.48,2.96,0.48,0.48
11086,482.56,COUNTY,VINEYARD,0.48,2,0.48,2.96,0.48,0.48
11132,168.9,C,MULTIFAMIL,2.4,0.8,2.4,5.6,2.4,2.4
11132,168.9,C,MULTIFAMIL,2.4,0.8,2.4,5.6,2.4,2.4
11132,168.9,C,MULTIFAMIL,2.4,0.8,2.4,5.6,2.4,2.4
11132,168.9,C,MULTIFAMIL,2.4,0.8,2.4,5.6,2.4,2.4
11132,168.9,C,MULTIFAMIL,2.4,0.8,2.4,5.6,2.4,2.4
11132,168.9,C,MULTIFAMIL,2.4,0.8,2.4,5.6,2.4,2.4
11132,168.9,C,MULTIFAMIL,2.4,0.8,2.4,5.6,2.4,2.4
11132,168.9,C,MULTIFAMIL,2.4,0.8,2.4,5.6,2.4,2.4
11132,168.9,C,MULTIFAMIL,2.4,0.8,2.4,5.6,2.4,2.4
11132,168.9,C,MULTIFAMIL,2.4,0.8,2.4,5.6,2.4,2.4
11132,168.9,C,MULTIFAMIL,2.4,0.8,2.4,5.6,2.4,2.4
11147,7995.2,C,MOBILEHOME,91.2,30.400000000000002,92.16000000000001,213.76000000000002,92.16000000000001,91.2
11147,7995.2,C,MOBILEHOME,91.2,30.400000000000002,92.16000000000001,213.76000000000002,92.16000000000001,91.2
11147,7995.2,C,MOBILEHOME,91.2,30.400000000000002,92.16000000000001,213.76000000000002,92.16000000000001,91.2
11147,7995.2,C,MOBILEHOME,91.2,30.400000000000002,92.16000000000001,213.76000000000002,92.16000000000001,91.2
11147,7995.2,C,MOBILEHOME,91.2,30.400000000000002,92.16000000000001,213.76000000000002,92.16000000000001,91.2
11162,1723.97,COUNTY,WINERY,0.32,8,6.400000000000001,14.720000000000002,6.400000000000001,0.32
11162,1723.97,COUNTY,WINERY,0.32,8,6.400000000000001,14.720000000000002,6.400000000000001,0.32
11162,1723.97,COUNTY,WINERY,0.32,8,6.400000000000001,14.720000000000002,6.400000000000001,0.32
11162,1723.97,COUNTY,WINERY,0.32,8,6.400000000000001,14.720000000000002,6.400000000000001,0.32
11162,1723.97,COUNTY,WINERY,0.32,8,6.400000000000001,14.720000000000002,6.400000000000001,0.32
11162,1723.97,COUNTY,WINERY,0.32,8,6.400000000000001,14.720000000000002,6.400000000000001,0.32
11162,1723.97,COUNTY,WINERY,0.32,8,6.400000000000001,14.720000000000002,6.400000000000001,0.32
11162,1723.97,COUNTY,WINERY,0.32,8,6.400000000000001,14.720000000000002,6.400000000000001,0.32
11174,890.4,COUNTY,WINERY,0.8,4,1.44,6.24,1.44,0.8
11174,890.4,COUNTY,WINERY,0.8,4,1.44,6.24,1.44,0.8
11174,890.4,COUNTY,WINERY,0.8,4,1.44,6.24,1.44,0.8
11174,890.4,COUNTY,WINERY,0.8,4,1.44,6.24,1.44,0.8
11224,103.92,C,MULTIFAMIL,0.48,0.48,1.44,2.4,1.44,0.48
11224,103.92,C,MULTIFAMIL,0.48,0.48,1.44,2.4,1.44,0.48
11224,103.92,C,MULTIFAMIL,0.48,0.48,1.44,2.4,1.44,0.48
11224,103.92,C,MULTIFAMIL,0.48,0.48,1.44,2.4,1.44,0.48
11224,103.92,C,MULTIFAMIL,0.48,0.48,1.44,2.4,1.44,0.48
11224,103.92,C,MULTIFAMIL,0.48,0.48,1.44,2.4,1.44,0.48
11224,103.92,C,MULTIFAMIL,0.48,0.48,1.44,2.4,1.44,0.48
11255,1048.95,S,SCHOOL,0.48,6,4,10.48,4,0.48
11255,1048.95,S,SCHOOL,0.48,6,4,10.48,4,0.48
11255,1048.95,S,SCHOOL,0.48,6,4,10.48,4,0.48
11256,146.82,S,SCHOOL,6.5600000000000005,0,2.4,8.96,2.4,6.5600000000000005
11256,146.82,S,SCHOOL,6.5600000000000005,0,2.4,8.96,2.4,6.5600000000000005
11256,146.82,S,SCHOOL,6.5600000000000005,0,2.4,8.96,2.4,6.5600000000000005
11256,146.82,S,SCHOOL,6.5600000000000005,0,2.4,8.96,2.4,6.5600000000000005
11256,146.82,S,SCHOOL,6.5600000000000005,0,2.4,8.96,2.4,6.5600000000000005
11256,146.82,S,SCHOOL,6.5600000000000005,0,2.4,8.96,2.4,6.5600000000000005
11256,146.82,S,SCHOOL,6.5600000000000005,0,2.4,8.96,2.4,6.5600000000000005
11282,97.87,S,COMMUNITY,0.8,0.48,0.48,1.76,0.48,0.8
11282,97.87,S,COMMUNITY,0.8,0.48,0.48,1.76,0.48,0.8
11282,97.87,S,COMMUNITY,0.8,0.48,0.48,1.76,0.48,0.8
11282,97.87,S,COMMUNITY,0.8,0.48,0.48,1.76,0.48,0.8
11302,1481.22,S,WINERY,6.48,4,9.44,19.92,9.44,6.48
11302,1481.22,S,WINERY,6.48,4,9.44,19.92,9.44,6.48
11302,1481.22,S,WINERY,6.48,4,9.44,19.92,9.44,6.48
11302,1481.22,S,WINERY,6.48,4,9.44,19.92,9.44,6.48
11302,1481.22,S,WINERY,6.48,4,9.44,19.92,9.44,6.48
11302,1481.22,S,WINERY,6.48,4,9.44,19.92,9.44,6.48
11370,2266.06,COUNTY,WINERY,0.48,6,61.44,67.92,61.44,0.48
11370,2266.06,COUNTY,WINERY,0.48,6,61.44,67.92,61.44,0.48
11370,2266.06,COUNTY,WINERY,0.48,6,61.44,67.92,61.44,0.48
11370,2266.06,COUNTY,WINERY,0.48,6,61.44,67.92,61.44,0.48
11370,2266.06,COUNTY,WINERY,0.48,6,61.44,67.92,61.44,0.48
11370,2266.06,COUNTY,WINERY,0.48,6,61.44,67.92,61.44,0.48
11370,2266.06,COUNTY,WINERY,0.48,6,61.44,67.92,61.44,0.48
11370,2266.06,COUNTY,WINERY,0.48,6,61.44,67.92,61.44,0.48
11370,2266.06,COUNTY,WINERY,0.48,6,61.44,67.92,61.44,0.48
11370,2266.06,COUNTY,WINERY,0.48,6,61.44,67.92,61.44,0.48
11370,2266.06,COUNTY,WINERY,0.48,6,61.44,67.92,61.44,0.48
11370,2266.06,COUNTY,WINERY,0.48,6,61.44,67.92,61.44,0.48
11402,2139.51,C,LODGING-FW,12.48,6,30.720000000000002,49.2,30.720000000000002,12.48
11402,2139.51,C,LODGING-FW,12.48,6,30.720000000000002,49.2,30.720000000000002,12.48
11402,2139.51,C,LODGING-FW,12.48,6,30.720000000000002,49.2,30.720000000000002,12.48
11402,2139.51,C,LODGING-FW,12.48,6,30.720000000000002,49.2,30.720000000000002,12.48
11402,2139.51,C,LODGING-FW,12.48,6,30.720000000000002,49.2,30.720000000000002,12.48
11402,2139.51,C,LODGING-FW,12.48,6,30.720000000000002,49.2,30.720000000000002,12.48
11402,2139.51,C,LODGING-FW,12.48,6,30.720000000000002,49.2,30.720000000000002,12.48
11402,2139.51,C,LODGING-FW,12.48,6,30.720000000000002,49.2,30.720000000000002,12.48
11402,2139.51,C,LODGING-FW,12.48,6,30.720000000000002,49.2,30.720000000000002,12.48
11402,2139.51,C,LODGING-FW,12.48,6,30.720000000000002,49.2,30.720000000000002,12.48
11402,2139.51,C,LODGING-FW,12.48,6,30.720000000000002,49.2,30.720000000000002,12.48
11402,2139.51,C,LODGING-FW,12.48,6,30.720000000000002,49.2,30.720000000000002,12.48
11436,892.19,S,WINERY,4.48,2,1.92,8.4,1.92,4.48
11436,892.19,S,WINERY,4.48,2,1.92,8.4,1.92,4.48
11436,892.19,S,WINERY,4.48,2,1.92,8.4,1.92,4.48
11436,892.19,S,WINERY,4.48,2,1.92,8.4,1.92,4.48
11436,892.19,S,WINERY,4.48,2,1.92,8.4,1.92,4.48
11451,862.31,C,MULTIFAMIL,0.96,4,0.96,5.92,0.96,0.96
11451,862.31,C,MULTIFAMIL,0.96,4,0.96,5.92,0.96,0.96
11451,862.31,C,MULTIFAMIL,0.96,4,0.96,5.92,0.96,0.96
11451,862.31,C,MULTIFAMIL,0.96,4,0.96,5.92,0.96,0.96
11451,862.31,C,MULTIFAMIL,0.96,4,0.96,5.92,0.96,0.96
11483,3450.26,COUNTY,WINERY,0.96,16,24.96,41.92,24.96,0.96
11483,3450.26,COUNTY,WINERY,0.96,16,24.96,41.92,24.96,0.96
11483,3450.26,COUNTY,WINERY,0.96,16,24.96,41.92,24.96,0.96
11483,3450.26,COUNTY,WINERY,0.96,16,24.96,41.92,24.96,0.96
11483,3450.26,COUNTY,WINERY,0.96,16,24.96,41.92,24.96,0.96
11483,3450.26,COUNTY,WINERY,0.96,16,24.96,41.92,24.96,0.96
11483,3450.26,COUNTY,WINERY,0.96,16,24.96,41.92,24.96,0.96
11483,3450.26,COUNTY,WINERY,0.96,16,24.96,41.92,24.96,0.96
11483,3450.26,COUNTY,WINERY,0.96,16,24.96,41.92,24.96,0.96
11512,163.1,S,MULTIFAMIL,0.48,0.8,0.96,2.24,0.96,0.48
11512,163.1,S,MULTIFAMIL,0.48,0.8,0.96,2.24,0.96,0.48
11512,163.1,S,MULTIFAMIL,0.48,0.8,0.96,2.24,0.96,0.48
11513,965.4,COUNTY,WINERY,0.48,4,7.4399999999999995,11.92,7.4399999999999995,0.48
11513,965.4,COUNTY,WINERY,0.48,4,7.4399999999999995,11.92,7.4399999999999995,0.48
11513,965.4,COUNTY,WINERY,0.48,4,7.4399999999999995,11.92,7.4399999999999995,0.48
11513,965.4,COUNTY,WINERY,0.48,4,7.4399999999999995,11.92,7.4399999999999995,0.48
11513,965.4,COUNTY,WINERY,0.48,4,7.4399999999999995,11.92,7.4399999999999995,0.48
11513,965.4,COUNTY,WINERY,0.48,4,7.4399999999999995,11.92,7.4399999999999995,0.48
11554,2671.79,COUNTY,RESTAURANT,14.879999999999999,24,59.44,98.32,59.44,14.879999999999999
11554,2671.79,COUNTY,RESTAURANT,14.879999999999999,24,59.44,98.32,59.44,14.879999999999999
11554,2671.79,COUNTY,RESTAURANT,14.879999999999999,24,59.44,98.32,59.44,14.879999999999999
11554,2671.79,COUNTY,RESTAURANT,14.879999999999999,24,59.44,98.32,59.44,14.879999999999999
11554,2671.79,COUNTY,RESTAURANT,14.879999999999999,24,59.44,98.32,59.44,14.879999999999999
11554,2671.79,COUNTY,RESTAURANT,14.879999999999999,24,59.44,98.32,59.44,14.879999999999999
11554,2671.79,COUNTY,RESTAURANT,14.879999999999999,24,59.44,98.32,59.44,14.879999999999999
11554,2671.79,COUNTY,RESTAURANT,14.879999999999999,24,59.44,98.32,59.44,14.879999999999999
11554,2671.79,COUNTY,RESTAURANT,14.879999999999999,24,59.44,98.32,59.44,14.879999999999999
11554,2671.79,COUNTY,RESTAURANT,14.879999999999999,24,59.44,98.32,59.44,14.879999999999999
11554,2671.79,COUNTY,RESTAURANT,14.879999999999999,24,59.44,98.32,59.44,14.879999999999999
11554,2671.79,COUNTY,RESTAURANT,14.879999999999999,24,59.44,98.32,59.44,14.879999999999999
11554,2671.79,COUNTY,RESTAURANT,14.879999999999999,24,59.44,98.32,59.44,14.879999999999999
11570,269.13,COUNTY,WINERY,0.48,0.96,1.44,2.88,1.44,0.48
11570,269.13,COUNTY,WINERY,0.48,0.96,1.44,2.88,1.44,0.48
11570,269.13,COUNTY,WINERY,0.48,0.96,1.44,2.88,1.44,0.48
11570,269.13,COUNTY,WINERY,0.48,0.96,1.44,2.88,1.44,0.48
11570,269.13,COUNTY,WINERY,0.48,0.96,1.44,2.88,1.44,0.48
11570,269.13,COUNTY,WINERY,0.48,0.96,1.44,2.88,1.44,0.48
11570,269.13,COUNTY,WINERY,0.48,0.96,1.44,2.88,1.44,0.48
11607,284.84,Y,FOURPLEX,0.48,0.96,0.96,2.4,0.96,0.48
11607,284.84,Y,FOURPLEX,0.48,0.96,0.96,2.4,0.96,0.48
11607,284.84,Y,FOURPLEX,0.48,0.96,0.96,2.4,0.96,0.48
11607,284.84,Y,FOURPLEX,0.48,0.96,0.96,2.4,0.96,0.48
11643,617.13,COUNTY,OFFICE BLD,0.48,2.48,0.48,3.44,0.48,0.48
11643,617.13,COUNTY,OFFICE BLD,0.48,2.48,0.48,3.44,0.48,0.48
11643,617.13,COUNTY,OFFICE BLD,0.48,2.48,0.48,3.44,0.48,0.48
11643,617.13,COUNTY,OFFICE BLD,0.48,2.48,0.48,3.44,0.48,0.48
11750,195.74,S,CHURCH,0.96,0.96,0.96,2.88,0.96,0.96
11750,195.74,S,CHURCH,0.96,0.96,0.96,2.88,0.96,0.96
11750,195.74,S,CHURCH,0.96,0.96,0.96,2.88,0.96,0.96
11788,1158.56,C,MULTIFAMIL,0.48,6,1.44,7.92,1.44,0.48
11788,1158.56,C,MULTIFAMIL,0.48,6,1.44,7.92,1.44,0.48
11788,1158.56,C,MULTIFAMIL,0.48,6,1.44,7.92,1.44,0.48
11788,1158.56,C,MULTIFAMIL,0.48,6,1.44,7.92,1.44,0.48
11788,1158.56,C,MULTIFAMIL,0.48,6,1.44,7.92,1.44,0.48
11850,195.74,S,CHURCH,0.48,0.96,0.48,1.92,0.48,0.48
11850,195.74,S,CHURCH,0.48,0.96,0.48,1.92,0.48,0.48
11850,195.74,S,CHURCH,0.48,0.96,0.48,1.92,0.48,0.48
11852,32.62,S,MULTIFAMIL,0.48,0.16,0.48,1.12,0.48,0.48
11852,32.62,S,MULTIFAMIL,0.48,0.16,0.48,1.12,0.48,0.48
11852,32.62,S,MULTIFAMIL,0.48,0.16,0.48,1.12,0.48,0.48
11861,1150.37,COUNTY,WINERY,0.48,2,4,6.48,4,0.48
11861,1150.37,COUNTY,WINERY,0.48,2,4,6.48,4,0.48
11861,1150.37,COUNTY,WINERY,0.48,2,4,6.48,4,0.48
11911,318.1,S,RESTAURANT,5.76,0.48,1.92,8.16,1.92,5.76
11911,318.1,S,RESTAURANT,5.76,0.48,1.92,8.16,1.92,5.76
11911,318.1,S,RESTAURANT,5.76,0.48,1.92,8.16,1.92,5.76
11911,318.1,S,RESTAURANT,5.76,0.48,1.92,8.16,1.92,5.76
11911,318.1,S,RESTAURANT,5.76,0.48,1.92,8.16,1.92,5.76
11911,318.1,S,RESTAURANT,5.76,0.48,1.92,8.16,1.92,5.76
11911,318.1,S,RESTAURANT,5.76,0.48,1.92,8.16,1.92,5.76
11911,318.1,S,RESTAURANT,5.76,0.48,1.92,8.16,1.92,5.76
11994,506.7,C,MULTIFAMIL,0.48,2.4,1.92,4.8,1.92,0.48
11994,506.7,C,MULTIFAMIL,0.48,2.4,1.92,4.8,1.92,0.48
11994,506.7,C,MULTIFAMIL,0.48,2.4,1.92,4.8,1.92,0.48
11994,506.7,C,MULTIFAMIL,0.48,2.4,1.92,4.8,1.92,0.48
11994,506.7,C,MULTIFAMIL,0.48,2.4,1.92,4.8,1.92,0.48
12074,103.93,C,UTILITY,0.48,0.48,0.48,1.44,0.48,0.48
12074,103.93,C,UTILITY,0.48,0.48,0.48,1.44,0.48,0.48
12074,103.93,C,UTILITY,0.48,0.48,0.48,1.44,0.48,0.48
12171,743.93,S,CATERING,11.52,4,97.44,112.96,97.44,11.52
12171,743.93,S,CATERING,11.52,4,97.44,112.96,97.44,11.52
12171,743.93,S,CATERING,11.52,4,97.44,112.96,97.44,11.52
12171,743.93,S,CATERING,11.52,4,97.44,112.96,97.44,11.52
12171,743.93,S,CATERING,11.52,4,97.44,112.96,97.44,11.52
12171,743.93,S,CATERING,11.52,4,97.44,112.96,97.44,11.52
12171,743.93,S,CATERING,11.52,4,97.44,112.96,97.44,11.52
12171,743.93,S,CATERING,11.52,4,97.44,112.96,97.44,11.52
12171,743.93,S,CATERING,11.52,4,97.44,112.96,97.44,11.52
12171,743.93,S,CATERING,11.52,4,97.44,112.96,97.44,11.52
12171,743.93,S,CATERING,11.52,4,97.44,112.96,97.44,11.52
12227,3129.38,COUNTY,WINERY,6.5600000000000005,16,4,26.560000000000002,4,6.5600000000000005
12227,3129.38,COUNTY,WINERY,6.5600000000000005,16,4,26.560000000000002,4,6.5600000000000005
12227,3129.38,COUNTY,WINERY,6.5600000000000005,16,4,26.560000000000002,4,6.5600000000000005
12227,3129.38,COUNTY,WINERY,6.5600000000000005,16,4,26.560000000000002,4,6.5600000000000005
12227,3129.38,COUNTY,WINERY,6.5600000000000005,16,4,26.560000000000002,4,6.5600000000000005
12227,3129.38,COUNTY,WINERY,6.5600000000000005,16,4,26.560000000000002,4,6.5600000000000005
12270,605.47,COUNTY,WINERY,4,0,1.44,5.4399999999999995,1.44,4
12270,605.47,COUNTY,WINERY,4,0,1.44,5.4399999999999995,1.44,4
12347,482.56,COUNTY,VINEYARD,0.48,2,0.48,2.96,0.48,0.48
12347,482.56,COUNTY,VINEYARD,0.48,2,0.48,2.96,0.48,0.48
12347,482.56,COUNTY,VINEYARD,0.48,2,0.48,2.96,0.48,0.48
12359,1460.92,S,WINERY,0.32,0,12,12.32,12,0.32
12359,1460.92,S,WINERY,0.32,0,12,12.32,12,0.32
12359,1460.92,S,WINERY,0.32,0,12,12.32,12,0.32
12413,417.56,S,WINERY,0.48,0.96,5.92,7.359999999999999,5.92,0.48
12413,417.56,S,WINERY,0.48,0.96,5.92,7.359999999999999,5.92,0.48
12413,417.56,S,WINERY,0.48,0.96,5.92,7.359999999999999,5.92,0.48
12413,417.56,S,WINERY,0.48,0.96,5.92,7.359999999999999,5.92,0.48
12413,417.56,S,WINERY,0.48,0.96,5.92,7.359999999999999,5.92,0.48
12446,134.57,COUNTY,WINERY,0.48,0.48,0.48,1.44,0.48,0.48
12446,134.57,COUNTY,WINERY,0.48,0.48,0.48,1.44,0.48,0.48
12446,134.57,COUNTY,WINERY,0.48,0.48,0.48,1.44,0.48,0.48
12469,1558.21,COUNTY,WINERY,0.32,4,4,8.32,4,0.32
12469,1558.21,COUNTY,WINERY,0.32,4,4,8.32,4,0.32
12469,1558.21,COUNTY,WINERY,0.32,4,4,8.32,4,0.32
12740,67.49,Y,OFFICE BLD,0.48,0.32,0.48,1.28,0.48,0.48
12740,67.49,Y,OFFICE BLD,0.48,0.32,0.48,1.28,0.48,0.48
12740,67.49,Y,OFFICE BLD,0.48,0.32,0.48,1.28,0.48,0.48
12752,89.71,COUNTY,COMMUNITY,0.48,0.32,0.48,1.28,0.48,0.48
12752,89.71,COUNTY,COMMUNITY,0.48,0.32,0.48,1.28,0.48,0.48
12752,89.71,COUNTY,COMMUNITY,0.48,0.32,0.48,1.28,0.48,0.48
12848,134.57,COUNTY,WINERY,0.48,0.48,0.96,1.92,0.96,0.48
12848,134.57,COUNTY,WINERY,0.48,0.48,0.96,1.92,0.96,0.48
12848,134.57,COUNTY,WINERY,0.48,0.48,0.96,1.92,0.96,0.48
12848,134.57,COUNTY,WINERY,0.48,0.48,0.96,1.92,0.96,0.48
12917,810.72,C,MULTIFAMIL,1.44,3.84,2.4,7.68,2.4,1.44
12917,810.72,C,MULTIFAMIL,1.44,3.84,2.4,7.68,2.4,1.44
12917,810.72,C,MULTIFAMIL,1.44,3.84,2.4,7.68,2.4,1.44
12917,810.72,C,MULTIFAMIL,1.44,3.84,2.4,7.68,2.4,1.44
12917,810.72,C,MULTIFAMIL,1.44,3.84,2.4,7.68,2.4,1.44
12929,3553.81,Y,LODGING-FW,5.76,36,20,61.76,20,5.76
12929,3553.81,Y,LODGING-FW,5.76,36,20,61.76,20,5.76
12929,3553.81,Y,LODGING-FW,5.76,36,20,61.76,20,5.76
12929,3553.81,Y,LODGING-FW,5.76,36,20,61.76,20,5.76
12929,3553.81,Y,LODGING-FW,5.76,36,20,61.76,20,5.76
12929,3553.81,Y,LODGING-FW,5.76,36,20,61.76,20,5.76
12929,3553.81,Y,LODGING-FW,5.76,36,20,61.76,20,5.76
12929,3553.81,Y,LODGING-FW,5.76,36,20,61.76,20,5.76
12929,3553.81,Y,LODGING-FW,5.76,36,20,61.76,20,5.76
13041,166.73,S,OFFICE BLD,0.8,0.32,1.44,2.56,1.44,0.8
13041,166.73,S,OFFICE BLD,0.8,0.32,1.44,2.56,1.44,0.8
13041,166.73,S,OFFICE BLD,0.8,0.32,1.44,2.56,1.44,0.8
13041,166.73,S,OFFICE BLD,0.8,0.32,1.44,2.56,1.44,0.8
13041,166.73,S,OFFICE BLD,0.8,0.32,1.44,2.56,1.44,0.8
13066,44.86,COUNTY,OFFICE BLD,0.48,0.16,0.48,1.12,0.48,0.48
13066,44.86,COUNTY,OFFICE BLD,0.48,0.16,0.48,1.12,0.48,0.48
13066,44.86,COUNTY,OFFICE BLD,0.48,0.16,0.48,1.12,0.48,0.48
13144,735.49,S,LODGING,0.96,8,1.44,10.4,1.44,0.96
13144,735.49,S,LODGING,0.96,8,1.44,10.4,1.44,0.96
13144,735.49,S,LODGING,0.96,8,1.44,10.4,1.44,0.96
13144,735.49,S,LODGING,0.96,8,1.44,10.4,1.44,0.96
13144,735.49,S,LODGING,0.96,8,1.44,10.4,1.44,0.96
13145,3983.89,S,RESTAURANT,31.68,16,77.75999999999999,125.44,77.75999999999999,31.68
13145,3983.89,S,RESTAURANT,31.68,16,77.75999999999999,125.44,77.75999999999999,31.68
13145,3983.89,S,RESTAURANT,31.68,16,77.75999999999999,125.44,77.75999999999999,31.68
13145,3983.89,S,RESTAURANT,31.68,16,77.75999999999999,125.44,77.75999999999999,31.68
13145,3983.89,S,RESTAURANT,31.68,16,77.75999999999999,125.44,77.75999999999999,31.68
13145,3983.89,S,RESTAURANT,31.68,16,77.75999999999999,125.44,77.75999999999999,31.68
13145,3983.89,S,RESTAURANT,31.68,16,77.75999999999999,125.44,77.75999999999999,31.68
13145,3983.89,S,RESTAURANT,31.68,16,77.75999999999999,125.44,77.75999999999999,31.68
13145,3983.89,S,RESTAURANT,31.68,16,77.75999999999999,125.44,77.75999999999999,31.68
13145,3983.89,S,RESTAURANT,31.68,16,77.75999999999999,125.44,77.75999999999999,31.68
13145,3983.89,S,RESTAURANT,31.68,16,77.75999999999999,125.44,77.75999999999999,31.68
13145,3983.89,S,RESTAURANT,31.68,16,77.75999999999999,125.44,77.75999999999999,31.68
13145,3983.89,S,RESTAURANT,31.68,16,77.75999999999999,125.44,77.75999999999999,31.68
13431,4095.03,COUNTY,WINERY,0.32,12,22,34.32,22,0.32
13431,4095.03,COUNTY,WINERY,0.32,12,22,34.32,22,0.32
13431,4095.03,COUNTY,WINERY,0.32,12,22,34.32,22,0.32
13431,4095.03,COUNTY,WINERY,0.32,12,22,34.32,22,0.32
13431,4095.03,COUNTY,WINERY,0.32,12,22,34.32,22,0.32
13431,4095.03,COUNTY,WINERY,0.32,12,22,34.32,22,0.32
13457,303.72,Y,OFFICE BLD,0.48,1.44,1.44,3.36,1.44,0.48
13457,303.72,Y,OFFICE BLD,0.48,1.44,1.44,3.36,1.44,0.48
13457,303.72,Y,OFFICE BLD,0.48,1.44,1.44,3.36,1.44,0.48
13457,303.72,Y,OFFICE BLD,0.48,1.44,1.44,3.36,1.44,0.48
13457,303.72,Y,OFFICE BLD,0.48,1.44,1.44,3.36,1.44,0.48
13636,130.5,S,WINERY,0.96,0.64,0.96,2.56,0.96,0.96
13636,130.5,S,WINERY,0.96,0.64,0.96,2.56,0.96,0.96
13636,130.5,S,WINERY,0.96,0.64,0.96,2.56,0.96,0.96
13636,130.5,S,WINERY,0.96,0.64,0.96,2.56,0.96,0.96
13636,130.5,S,WINERY,0.96,0.64,0.96,2.56,0.96,0.96
13720,101.24,Y,LODGING,0.48,0.48,0.48,1.44,0.48,0.48
13720,101.24,Y,LODGING,0.48,0.48,0.48,1.44,0.48,0.48
13720,101.24,Y,LODGING,0.48,0.48,0.48,1.44,0.48,0.48
13760,130.5,S,WINERY,0.96,0.64,0.96,2.56,0.96,0.96
13760,130.5,S,WINERY,0.96,0.64,0.96,2.56,0.96,0.96
13760,130.5,S,WINERY,0.96,0.64,0.96,2.56,0.96,0.96
13760,130.5,S,WINERY,0.96,0.64,0.96,2.56,0.96,0.96
13760,130.5,S,WINERY,0.96,0.64,0.96,2.56,0.96,0.96
13760,130.5,S,WINERY,0.96,0.64,0.96,2.56,0.96,0.96
14081,2979.38,COUNTY,WINERY,4,16,4,24,4,4
14081,2979.38,COUNTY,WINERY,4,16,4,24,4,4
14081,2979.38,COUNTY,WINERY,4,16,4,24,4,4
14081,2979.38,COUNTY,WINERY,4,16,4,24,4,4
14193,439.46,C,MULTIFAMIL,0.48,2,1.44,3.92,1.44,0.48
14193,439.46,C,MULTIFAMIL,0.48,2,1.44,3.92,1.44,0.48
14193,439.46,C,MULTIFAMIL,0.48,2,1.44,3.92,1.44,0.48
14193,439.46,C,MULTIFAMIL,0.48,2,1.44,3.92,1.44,0.48
14193,439.46,C,MULTIFAMIL,0.48,2,1.44,3.92,1.44,0.48
14209,2671.8,COUNTY,WINERY,5.12,36,17.439999999999998,58.559999999999995,17.439999999999998,5.12
14209,2671.8,COUNTY,WINERY,5.12,36,17.439999999999998,58.559999999999995,17.439999999999998,5.12
14209,2671.8,COUNTY,WINERY,5.12,36,17.439999999999998,58.559999999999995,17.439999999999998,5.12
14209,2671.8,COUNTY,WINERY,5.12,36,17.439999999999998,58.559999999999995,17.439999999999998,5.12
14209,2671.8,COUNTY,WINERY,5.12,36,17.439999999999998,58.559999999999995,17.439999999999998,5.12
14209,2671.8,COUNTY,WINERY,5.12,36,17.439999999999998,58.559999999999995,17.439999999999998,5.12
14209,2671.8,COUNTY,WINERY,5.12,36,17.439999999999998,58.559999999999995,17.439999999999998,5.12
14209,2671.8,COUNTY,WINERY,5.12,36,17.439999999999998,58.559999999999995,17.439999999999998,5.12
14209,2671.8,COUNTY,WINERY,5.12,36,17.439999999999998,58.559999999999995,17.439999999999998,5.12
14209,2671.8,COUNTY,WINERY,5.12,36,17.439999999999998,58.559999999999995,17.439999999999998,5.12
14377,1048.95,S,WINERY,12,6,25.44,43.44,25.44,12
14377,1048.95,S,WINERY,12,6,25.44,43.44,25.44,12
14377,1048.95,S,WINERY,12,6,25.44,43.44,25.44,12
14377,1048.95,S,WINERY,12,6,25.44,43.44,25.44,12
14377,1048.95,S,WINERY,12,6,25.44,43.44,25.44,12
14377,1048.95,S,WINERY,12,6,25.44,43.44,25.44,12
14377,1048.95,S,WINERY,12,6,25.44,43.44,25.44,12
14377,1048.95,S,WINERY,12,6,25.44,43.44,25.44,12
14379,0,COUNTY,HOSPITAL,6.4,0,11.52,17.92,11.52,6.4
14379,0,COUNTY,HOSPITAL,6.4,0,11.52,17.92,11.52,6.4
14379,0,COUNTY,HOSPITAL,6.4,0,11.52,17.92,11.52,6.4
14379,0,COUNTY,HOSPITAL,6.4,0,11.52,17.92,11.52,6.4
14553,103.93,C,CHURCH,0.48,0.48,0.48,1.44,0.48,0.48
14553,103.93,C,CHURCH,0.48,0.48,0.48,1.44,0.48,0.48
14553,103.93,C,CHURCH,0.48,0.48,0.48,1.44,0.48,0.48
14652,1503.97,S,RESTAURANT,8.64,16,21.439999999999998,46.08,21.439999999999998,8.64
14652,1503.97,S,RESTAURANT,8.64,16,21.439999999999998,46.08,21.439999999999998,8.64
14652,1503.97,S,RESTAURANT,8.64,16,21.439999999999998,46.08,21.439999999999998,8.64
14652,1503.97,S,RESTAURANT,8.64,16,21.439999999999998,46.08,21.439999999999998,8.64
14652,1503.97,S,RESTAURANT,8.64,16,21.439999999999998,46.08,21.439999999999998,8.64
14652,1503.97,S,RESTAURANT,8.64,16,21.439999999999998,46.08,21.439999999999998,8.64
14652,1503.97,S,RESTAURANT,8.64,16,21.439999999999998,46.08,21.439999999999998,8.64
14652,1503.97,S,RESTAURANT,8.64,16,21.439999999999998,46.08,21.439999999999998,8.64
14652,1503.97,S,RESTAURANT,8.64,16,21.439999999999998,46.08,21.439999999999998,8.64
14682,44.86,COUNTY,VINEYARD,0.48,0.16,0.48,1.12,0.48,0.48
14682,44.86,COUNTY,VINEYARD,0.48,0.16,0.48,1.12,0.48,0.48
14682,44.86,COUNTY,VINEYARD,0.48,0.16,0.48,1.12,0.48,0.48
14698,179.42,COUNTY,LODGING-FW,0.48,0.32,0.96,1.76,0.96,0.48
14698,179.42,COUNTY,LODGING-FW,0.48,0.32,0.96,1.76,0.96,0.48
14698,179.42,COUNTY,LODGING-FW,0.48,0.32,0.96,1.76,0.96,0.48
14698,179.42,COUNTY,LODGING-FW,0.48,0.32,0.96,1.76,0.96,0.48
14772,69.28,C,WINERY,0.48,0.32,0.48,1.28,0.48,0.48
14772,69.28,C,WINERY,0.48,0.32,0.48,1.28,0.48,0.48
14772,69.28,C,WINERY,0.48,0.32,0.48,1.28,0.48,0.48
14793,311.79,C,LODGING,0.48,1.44,1.44,3.36,1.44,0.48
14793,311.79,C,LODGING,0.48,1.44,1.44,3.36,1.44,0.48
14793,311.79,C,LODGING,0.48,1.44,1.44,3.36,1.44,0.48
14849,283.86,C,WINERY,0.96,0.96,0.96,2.88,0.96,0.96
14849,283.86,C,WINERY,0.96,0.96,0.96,2.88,0.96,0.96
14849,283.86,C,WINERY,0.96,0.96,0.96,2.88,0.96,0.96
14849,283.86,C,WINERY,0.96,0.96,0.96,2.88,0.96,0.96
14953,890.4,COUNTY,MULTIFAMIL,0.64,4,1.44,6.08,1.44,0.64
14953,890.4,COUNTY,MULTIFAMIL,0.64,4,1.44,6.08,1.44,0.64
14953,890.4,COUNTY,MULTIFAMIL,0.64,4,1.44,6.08,1.44,0.64
14953,890.4,COUNTY,MULTIFAMIL,0.64,4,1.44,6.08,1.44,0.64
14953,890.4,COUNTY,MULTIFAMIL,0.64,4,1.44,6.08,1.44,0.64
14989,103.93,C,LODGING-FW,0.48,0.48,0.48,1.44,0.48,0.48
14989,103.93,C,LODGING-FW,0.48,0.48,0.48,1.44,0.48,0.48
14989,103.93,C,LODGING-FW,0.48,0.48,0.48,1.44,0.48,0.48
15224,0,C,SCHOOL,5.12,0,0.96,6.08,0.96,5.12
15224,0,C,SCHOOL,5.12,0,0.96,6.08,0.96,5.12
15224,0,C,SCHOOL,5.12,0,0.96,6.08,0.96,5.12
15224,0,C,SCHOOL,5.12,0,0.96,6.08,0.96,5.12
15226,179.42,COUNTY,WINERY,0.48,0.64,0.96,2.08,0.96,0.48
15226,179.42,COUNTY,WINERY,0.48,0.64,0.96,2.08,0.96,0.48
15226,179.42,COUNTY,WINERY,0.48,0.64,0.96,2.08,0.96,0.48
15226,179.42,COUNTY,WINERY,0.48,0.64,0.96,2.08,0.96,0.48
15226,179.42,COUNTY,WINERY,0.48,0.64,0.96,2.08,0.96,0.48
15290,97.87,S,MIXED USE,0.48,0.48,0.48,1.44,0.48,0.48
15290,97.87,S,MIXED USE,0.48,0.48,0.48,1.44,0.48,0.48
15290,97.87,S,MIXED USE,0.48,0.48,0.48,1.44,0.48,0.48
15344,7267.84,COUNTY,WINERY,12,24,80.48,116.48,80.48,12
15344,7267.84,COUNTY,WINERY,12,24,80.48,116.48,80.48,12
15344,7267.84,COUNTY,WINERY,12,24,80.48,116.48,80.48,12
15344,7267.84,COUNTY,WINERY,12,24,80.48,116.48,80.48,12
15344,7267.84,COUNTY,WINERY,12,24,80.48,116.48,80.48,12
15344,7267.84,COUNTY,WINERY,12,24,80.48,116.48,80.48,12
15344,7267.84,COUNTY,WINERY,12,24,80.48,116.48,80.48,12
15344,7267.84,COUNTY,WINERY,12,24,80.48,116.48,80.48,12
15344,7267.84,COUNTY,WINERY,12,24,80.48,116.48,80.48,12
15344,7267.84,COUNTY,WINERY,12,24,80.48,116.48,80.48,12
15408,631.71,COUNTY,VINEYARD,0.96,2,0.48,3.44,0.48,0.96
15408,631.71,COUNTY,VINEYARD,0.96,2,0.48,3.44,0.48,0.96
15408,631.71,COUNTY,VINEYARD,0.96,2,0.48,3.44,0.48,0.96
15408,631.71,COUNTY,VINEYARD,0.96,2,0.48,3.44,0.48,0.96
15511,708.93,S,LODGING,0.48,4,1.44,5.92,1.44,0.48
15511,708.93,S,LODGING,0.48,4,1.44,5.92,1.44,0.48
15511,708.93,S,LODGING,0.48,4,1.44,5.92,1.44,0.48
15640,415.72,C,LODGING,0.96,1.92,1.44,4.32,1.44,0.96
15640,415.72,C,LODGING,0.96,1.92,1.44,4.32,1.44,0.96
15640,415.72,C,LODGING,0.96,1.92,1.44,4.32,1.44,0.96
15640,415.72,C,LODGING,0.96,1.92,1.44,4.32,1.44,0.96
15640,415.72,C,LODGING,0.96,1.92,1.44,4.32,1.44,0.96
15640,415.72,C,LODGING,0.96,1.92,1.44,4.32,1.44,0.96
15640,415.72,C,LODGING,0.96,1.92,1.44,4.32,1.44,0.96
15640,415.72,C,LODGING,0.96,1.92,1.44,4.32,1.44,0.96
15672,391.48,S,MULTIFAMIL,0.48,1.92,1.44,3.84,1.44,0.48
15672,391.48,S,MULTIFAMIL,0.48,1.92,1.44,3.84,1.44,0.48
15672,391.48,S,MULTIFAMIL,0.48,1.92,1.44,3.84,1.44,0.48
15673,391.48,S,MULTIFAMIL,0.48,1.92,1.92,4.32,1.92,0.48
15673,391.48,S,MULTIFAMIL,0.48,1.92,1.92,4.32,1.92,0.48
15673,391.48,S,MULTIFAMIL,0.48,1.92,1.92,4.32,1.92,0.48
15833,742.46,C,DELI/CAFE,11.52,2,6.88,20.4,6.88,11.52
15833,742.46,C,DELI/CAFE,11.52,2,6.88,20.4,6.88,11.52
15833,742.46,C,DELI/CAFE,11.52,2,6.88,20.4,6.88,11.52
15833,742.46,C,DELI/CAFE,11.52,2,6.88,20.4,6.88,11.52
15833,742.46,C,DELI/CAFE,11.52,2,6.88,20.4,6.88,11.52
15833,742.46,C,DELI/CAFE,11.52,2,6.88,20.4,6.88,11.52
15833,742.46,C,DELI/CAFE,11.52,2,6.88,20.4,6.88,11.52
15882,293.61,S,MULTIFAMIL,0.48,1.44,1.44,3.36,1.44,0.48
15882,293.61,S,MULTIFAMIL,0.48,1.44,1.44,3.36,1.44,0.48
15882,293.61,S,MULTIFAMIL,0.48,1.44,1.44,3.36,1.44,0.48
15882,293.61,S,MULTIFAMIL,0.48,1.44,1.44,3.36,1.44,0.48
15996,771.01,S,WINERY,0.48,4,5.4399999999999995,9.92,5.4399999999999995,0.48
15996,771.01,S,WINERY,0.48,4,5.4399999999999995,9.92,5.4399999999999995,0.48
15996,771.01,S,WINERY,0.48,4,5.4399999999999995,9.92,5.4399999999999995,0.48
15996,771.01,S,WINERY,0.48,4,5.4399999999999995,9.92,5.4399999999999995,0.48
16565,34.64,C,UTILITY,0.48,0.16,0.48,1.12,0.48,0.48
16565,34.64,C,UTILITY,0.48,0.16,0.48,1.12,0.48,0.48
16565,34.64,C,UTILITY,0.48,0.16,0.48,1.12,0.48,0.48
16628,207.86,C,RESTAURANT,0.32,0.96,0.96,2.24,0.96,0.32
16628,207.86,C,RESTAURANT,0.32,0.96,0.96,2.24,0.96,0.32
16628,207.86,C,RESTAURANT,0.32,0.96,0.96,2.24,0.96,0.32
16628,207.86,C,RESTAURANT,0.32,0.96,0.96,2.24,0.96,0.32
16795,195.74,S,MULTIFAMIL,0.96,0.96,0.96,2.88,0.96,0.96
16795,195.74,S,MULTIFAMIL,0.96,0.96,0.96,2.88,0.96,0.96
16795,195.74,S,MULTIFAMIL,0.96,0.96,0.96,2.88,0.96,0.96
16795,195.74,S,MULTIFAMIL,0.96,0.96,0.96,2.88,0.96,0.96
16795,195.74,S,MULTIFAMIL,0.96,0.96,0.96,2.88,0.96,0.96
17965,6969.08,Y,RESTAURANT,11.52,104,41.760000000000005,157.28,41.760000000000005,11.52
17965,6969.08,Y,RESTAURANT,11.52,104,41.760000000000005,157.28,41.760000000000005,11.52
17965,6969.08,Y,RESTAURANT,11.52,104,41.760000000000005,157.28,41.760000000000005,11.52
17965,6969.08,Y,RESTAURANT,11.52,104,41.760000000000005,157.28,41.760000000000005,11.52
17965,6969.08,Y,RESTAURANT,11.52,104,41.760000000000005,157.28,41.760000000000005,11.52
17965,6969.08,Y,RESTAURANT,11.52,104,41.760000000000005,157.28,41.760000000000005,11.52
17965,6969.08,Y,RESTAURANT,11.52,104,41.760000000000005,157.28,41.760000000000005,11.52
17965,6969.08,Y,RESTAURANT,11.52,104,41.760000000000005,157.28,41.760000000000005,11.52
17965,6969.08,Y,RESTAURANT,11.52,104,41.760000000000005,157.28,41.760000000000005,11.52
17965,6969.08,Y,RESTAURANT,11.52,104,41.760000000000005,157.28,41.760000000000005,11.52
17965,6969.08,Y,RESTAURANT,11.52,104,41.760000000000005,157.28,41.760000000000005,11.52
17965,6969.08,Y,RESTAURANT,11.52,104,41.760000000000005,157.28,41.760000000000005,11.52
17965,6969.08,Y,RESTAURANT,11.52,104,41.760000000000005,157.28,41.760000000000005,11.52
17965,6969.08,Y,RESTAURANT,11.52,104,41.760000000000005,157.28,41.760000000000005,11.52
18599,255.93,C,RESTAURANT,2.88,0.48,1.44,4.8,1.44,2.88
18599,255.93,C,RESTAURANT,2.88,0.48,1.44,4.8,1.44,2.88
18599,255.93,C,RESTAURANT,2.88,0.48,1.44,4.8,1.44,2.88
18599,255.93,C,RESTAURANT,2.88,0.48,1.44,4.8,1.44,2.88
18599,255.93,C,RESTAURANT,2.88,0.48,1.44,4.8,1.44,2.88
18599,255.93,C,RESTAURANT,2.88,0.48,1.44,4.8,1.44,2.88
20233,1039.3,C,MULTIFAMIL,0.96,4.800000000000001,2.4,8.16,2.4,0.96
20233,1039.3,C,MULTIFAMIL,0.96,4.800000000000001,2.4,8.16,2.4,0.96
20233,1039.3,C,MULTIFAMIL,0.96,4.800000000000001,2.4,8.16,2.4,0.96
20233,1039.3,C,MULTIFAMIL,0.96,4.800000000000001,2.4,8.16,2.4,0.96
20233,1039.3,C,MULTIFAMIL,0.96,4.800000000000001,2.4,8.16,2.4,0.96
20233,1039.3,C,MULTIFAMIL,0.96,4.800000000000001,2.4,8.16,2.4,0.96
20233,1039.3,C,MULTIFAMIL,0.96,4.800000000000001,2.4,8.16,2.4,0.96
20233,1039.3,C,MULTIFAMIL,0.96,4.800000000000001,2.4,8.16,2.4,0.96
20233,1039.3,C,MULTIFAMIL,0.96,4.800000000000001,2.4,8.16,2.4,0.96
20233,1039.3,C,MULTIFAMIL,0.96,4.800000000000001,2.4,8.16,2.4,0.96
20233,1039.3,C,MULTIFAMIL,0.96,4.800000000000001,2.4,8.16,2.4,0.96
20233,1039.3,C,MULTIFAMIL,0.96,4.800000000000001,2.4,8.16,2.4,0.96
21438,34.64,C,RETAIL,0.48,0.16,0.48,1.12,0.48,0.48
21438,34.64,C,RETAIL,0.48,0.16,0.48,1.12,0.48,0.48
21438,34.64,C,RETAIL,0.48,0.16,0.48,1.12,0.48,0.48
21896,283.86,C,RESTAURANT,0.32,0.96,1.44,2.7199999999999998,1.44,0.32
21896,283.86,C,RESTAURANT,0.32,0.96,1.44,2.7199999999999998,1.44,0.32
21896,283.86,C,RESTAURANT,0.32,0.96,1.44,2.7199999999999998,1.44,0.32
21896,283.86,C,RESTAURANT,0.32,0.96,1.44,2.7199999999999998,1.44,0.32
21896,283.86,C,RESTAURANT,0.32,0.96,1.44,2.7199999999999998,1.44,0.32
23489,813.98,C,LODGING,0.48,4,1.44,5.92,1.44,0.48
23489,813.98,C,LODGING,0.48,4,1.44,5.92,1.44,0.48
23489,813.98,C,LODGING,0.48,4,1.44,5.92,1.44,0.48
23821,415.72,C,LODGING-FW,0.48,1.92,1.44,3.84,1.44,0.48
23821,415.72,C,LODGING-FW,0.48,1.92,1.44,3.84,1.44,0.48
23821,415.72,C,LODGING-FW,0.48,1.92,1.44,3.84,1.44,0.48
23821,415.72,C,LODGING-FW,0.48,1.92,1.44,3.84,1.44,0.48
23821,415.72,C,LODGING-FW,0.48,1.92,1.44,3.84,1.44,0.48
24144,97.87,S,UTILITY,0.48,0.48,0.48,1.44,0.48,0.48
24144,97.87,S,UTILITY,0.48,0.48,0.48,1.44,0.48,0.48
24144,97.87,S,UTILITY,0.48,0.48,0.48,1.44,0.48,0.48
26600,103.93,C,RESTAURANT,2.56,0.48,0.48,3.52,0.48,2.56
26600,103.93,C,RESTAURANT,2.56,0.48,0.48,3.52,0.48,2.56
26600,103.93,C,RESTAURANT,2.56,0.48,0.48,3.52,0.48,2.56
26600,103.93,C,RESTAURANT,2.56,0.48,0.48,3.52,0.48,2.56
26948,202.48,Y,POLICEFIRE,0.48,0.96,0.96,2.4,0.96,0.48
26948,202.48,Y,POLICEFIRE,0.48,0.96,0.96,2.4,0.96,0.48
26948,202.48,Y,POLICEFIRE,0.48,0.96,0.96,2.4,0.96,0.48
27143,405.36,C,MULTIFAMIL,0.48,1.92,0.96,3.36,0.96,0.48
27143,405.36,C,MULTIFAMIL,0.48,1.92,0.96,3.36,0.96,0.48
27143,405.36,C,MULTIFAMIL,0.48,1.92,0.96,3.36,0.96,0.48
30883,58.27,COUNTY,RETAIL,0.48,0.16,0.48,1.12,0.48,0.48
30883,58.27,COUNTY,RETAIL,0.48,0.16,0.48,1.12,0.48,0.48
30883,58.27,COUNTY,RETAIL,0.48,0.16,0.48,1.12,0.48,0.48
30927,101.24,Y,WINERY,0.48,0.48,0.48,1.44,0.48,0.48
30927,101.24,Y,WINERY,0.48,0.48,0.48,1.44,0.48,0.48
30927,101.24,Y,WINERY,0.48,0.48,0.48,1.44,0.48,0.48
31133,34.64,C,BAKERY,0.48,0.16,0.48,1.12,0.48,0.48
31133,34.64,C,BAKERY,0.48,0.16,0.48,1.12,0.48,0.48
31133,34.64,C,BAKERY,0.48,0.16,0.48,1.12,0.48,0.48
31134,102.69,C,MULTIFAMIL,0.96,0.16,0.48,1.5999999999999999,0.48,0.96
31134,102.69,C,MULTIFAMIL,0.96,0.16,0.48,1.5999999999999999,0.48,0.96
31134,102.69,C,MULTIFAMIL,0.96,0.16,0.48,1.5999999999999999,0.48,0.96
31134,102.69,C,MULTIFAMIL,0.96,0.16,0.48,1.5999999999999999,0.48,0.96
31241,103.93,C,GROCERY,0.32,0.48,0.48,1.28,0.48,0.32
31241,103.93,C,GROCERY,0.32,0.48,0.48,1.28,0.48,0.32
31241,103.93,C,GROCERY,0.32,0.48,0.48,1.28,0.48,0.32
31249,134.57,COUNTY,LODGING,0.48,0.48,0.48,1.44,0.48,0.48
31249,134.57,COUNTY,LODGING,0.48,0.48,0.48,1.44,0.48,0.48
31249,134.57,COUNTY,LODGING,0.48,0.48,0.48,1.44,0.48,0.48
31304,130.48,S,FOURPLEX,0.48,0.64,1.92,3.04,1.92,0.48
31304,130.48,S,FOURPLEX,0.48,0.64,1.92,3.04,1.92,0.48
31304,130.48,S,FOURPLEX,0.48,0.64,1.92,3.04,1.92,0.48
31550,134.57,COUNTY,WINERY,0.48,0.48,0.48,1.44,0.48,0.48
31550,134.57,COUNTY,WINERY,0.48,0.48,0.48,1.44,0.48,0.48
31550,134.57,COUNTY,WINERY,0.48,0.48,0.48,1.44,0.48,0.48
31573,650.33,COUNTY,VINEYARD,4,0.16,0.48,4.640000000000001,0.48,4
31573,650.33,COUNTY,VINEYARD,4,0.16,0.48,4.640000000000001,0.48,4
31573,650.33,COUNTY,VINEYARD,4,0.16,0.48,4.640000000000001,0.48,4
31588,179.93,C,WINERY,0.48,0.48,0.96,1.92,0.96,0.48
31588,179.93,C,WINERY,0.48,0.48,0.96,1.92,0.96,0.48
31588,179.93,C,WINERY,0.48,0.48,0.96,1.92,0.96,0.48
31588,179.93,C,WINERY,0.48,0.48,0.96,1.92,0.96,0.48
31607,202.68,C,MULTIFAMIL,0.48,0.96,0.48,1.92,0.48,0.48
31607,202.68,C,MULTIFAMIL,0.48,0.96,0.48,1.92,0.48,0.48
31607,202.68,C,MULTIFAMIL,0.48,0.96,0.48,1.92,0.48,0.48
31644,335.71,S,MULTIFAMIL,0.96,0.96,0.96,2.88,0.96,0.96
31644,335.71,S,MULTIFAMIL,0.96,0.96,0.96,2.88,0.96,0.96
31644,335.71,S,MULTIFAMIL,0.96,0.96,0.96,2.88,0.96,0.96
31644,335.71,S,MULTIFAMIL,0.96,0.96,0.96,2.88,0.96,0.96
31644,335.71,S,MULTIFAMIL,0.96,0.96,0.96,2.88,0.96,0.96
31660,134.57,COUNTY,MIXED USE,0.48,0.48,0.48,1.44,0.48,0.48
31660,134.57,COUNTY,MIXED USE,0.48,0.48,0.48,1.44,0.48,0.48
31660,134.57,COUNTY,MIXED USE,0.48,0.48,0.48,1.44,0.48,0.48
31675,134.57,COUNTY,LODGING-FW,0.48,0.48,0.48,1.44,0.48,0.48
31675,134.57,COUNTY,LODGING-FW,0.48,0.48,0.48,1.44,0.48,0.48
31675,134.57,COUNTY,LODGING-FW,0.48,0.48,0.48,1.44,0.48,0.48
