cust,monthly_bill,tax_body,biz_type,total_yards,compost,garbage,recycle,needed_recycle,needed_compost,enough_recycle_compost,compost_cost,garbage_cost,recycle_cost
98,888.98,C,MINI MART,20,0,4,16,2,1,0,0,813.98,150
98,888.98,C,MINI MART,20,0,4,16,2,1,0,0,813.98,150
98,888.98,C,MINI MART,20,0,4,16,2,1,0,0,813.98,150
218,965.4,COUNTY,WINERY,9.92,0.48,4,5.4399999999999995,2,1,0,0,890.4,75
218,965.4,COUNTY,WINERY,9.92,0.48,4,5.4399999999999995,2,1,0,0,890.4,75
218,965.4,COUNTY,WINERY,9.92,0.48,4,5.4399999999999995,2,1,0,0,890.4,75
218,965.4,COUNTY,WINERY,9.92,0.48,4,5.4399999999999995,2,1,0,0,890.4,75
218,965.4,COUNTY,WINERY,9.92,0.48,4,5.4399999999999995,2,1,0,0,890.4,75
218,965.4,COUNTY,WINERY,9.92,0.48,4,5.4399999999999995,2,1,0,0,890.4,75
345,890.4,COUNTY,WINERY,4,0,4,0,2,1,0,0,890.4,0
567,97.87,S,MEDICAL,0.48,0,0,0.48,0,0,1,0,0,0
717,65.25,S,GROCERY,0.48,0,0,0.48,0,0,1,0,0,0
767,89.71,COUNTY,WINERY,0.96,0.48,0,0.48,0,0,1,0,0,0
767,89.71,COUNTY,WINERY,0.96,0.48,0,0.48,0,0,1,0,0,0
800,706.5,COUNTY,WINERY,2.88,0,0,2.88,0,0,1,0,0,100.93
800,706.5,COUNTY,WINERY,2.88,0,0,2.88,0,0,1,0,0,100.93
806,597.92,COUNTY,WINERY,3.44,0,2,1.44,1,1,0,0,597.92,0
806,597.92,COUNTY,WINERY,3.44,0,2,1.44,1,1,0,0,597.92,0
806,597.92,COUNTY,WINERY,3.44,0,2,1.44,1,1,0,0,597.92,0
806,597.92,COUNTY,WINERY,3.44,0,2,1.44,1,1,0,0,597.92,0
939,195.74,S,OFFICE BLD,1.92,1.44,0,0.48,0,0,1,0,0,0
939,195.74,S,OFFICE BLD,1.92,1.44,0,0.48,0,0,1,0,0,0
939,195.74,S,OFFICE BLD,1.92,1.44,0,0.48,0,0,1,0,0,0
939,195.74,S,OFFICE BLD,1.92,1.44,0,0.48,0,0,1,0,0,0
948,842.69,C,RESTAURANT,4,0,4,0,2,1,0,0,842.69,0
1084,1835.23,COUNTY,WINERY,21.92,0.48,16,5.4399999999999995,8,5,0,0,3520.46,75
1084,1835.23,COUNTY,WINERY,21.92,0.48,16,5.4399999999999995,8,5,0,0,3520.46,75
1084,1835.23,COUNTY,WINERY,21.92,0.48,16,5.4399999999999995,8,5,0,0,3520.46,75
1084,1835.23,COUNTY,WINERY,21.92,0.48,16,5.4399999999999995,8,5,0,0,3520.46,75
1084,1835.23,COUNTY,WINERY,21.92,0.48,16,5.4399999999999995,8,5,0,0,3520.46,75
1084,1835.23,COUNTY,WINERY,21.92,0.48,16,5.4399999999999995,8,5,0,0,3520.46,75
1084,1835.23,COUNTY,WINERY,21.92,0.48,16,5.4399999999999995,8,5,0,0,3520.46,75
1092,1373.25,COUNTY,WINERY,11.44,0,6,5.4399999999999995,3,2,0,0,1298.25,75
1092,1373.25,COUNTY,WINERY,11.44,0,6,5.4399999999999995,3,2,0,0,1298.25,75
1092,1373.25,COUNTY,WINERY,11.44,0,6,5.4399999999999995,3,2,0,0,1298.25,75
1092,1373.25,COUNTY,WINERY,11.44,0,6,5.4399999999999995,3,2,0,0,1298.25,75
1092,1373.25,COUNTY,WINERY,11.44,0,6,5.4399999999999995,3,2,0,0,1298.25,75
1575,760.91,COUNTY,WINERY,2,0,2,0,1,1,0,0,760.91,0
1742,44.86,COUNTY,PRESCHOOL,0.96,0.48,0,0.48,0,0,1,0,0,0
1742,44.86,COUNTY,PRESCHOOL,0.96,0.48,0,0.48,0,0,1,0,0,0
1767,363.91,S,FLORIST,4.4,0.96,2,1.44,1,1,0,0,363.91,0
1767,363.91,S,FLORIST,4.4,0.96,2,1.44,1,1,0,0,363.91,0
1767,363.91,S,FLORIST,4.4,0.96,2,1.44,1,1,0,0,363.91,0
1824,684.42,COUNTY,WINERY,0.96,0,0,0.96,0,0,1,0,0,201.86
1824,684.42,COUNTY,WINERY,0.96,0,0,0.96,0,0,1,0,0,201.86
2064,1693.5,COUNTY,WINERY,11.440000000000001,8.48,2,0.96,1,1,0,1210.94,482.56,0
2064,1693.5,COUNTY,WINERY,11.440000000000001,8.48,2,0.96,1,1,0,1210.94,482.56,0
2064,1693.5,COUNTY,WINERY,11.440000000000001,8.48,2,0.96,1,1,0,1210.94,482.56,0
2064,1693.5,COUNTY,WINERY,11.440000000000001,8.48,2,0.96,1,1,0,1210.94,482.56,0
2064,1693.5,COUNTY,WINERY,11.440000000000001,8.48,2,0.96,1,1,0,1210.94,482.56,0
2064,1693.5,COUNTY,WINERY,11.440000000000001,8.48,2,0.96,1,1,0,1210.94,482.56,0
2226,0,COUNTY,VINEYARD,4.9399999999999995,0,3.5,1.44,2,1,0,0,0,0
2226,0,COUNTY,VINEYARD,4.9399999999999995,0,3.5,1.44,2,1,0,0,0,0
2226,0,COUNTY,VINEYARD,4.9399999999999995,0,3.5,1.44,2,1,0,0,0,0
2226,0,COUNTY,VINEYARD,4.9399999999999995,0,3.5,1.44,2,1,0,0,0,0
2253,97.87,S,CHURCH,0.96,0.48,0,0.48,0,0,1,0,0,0
2253,97.87,S,CHURCH,0.96,0.48,0,0.48,0,0,1,0,0,0
2339,1522.96,COUNTY,VINEYARD,18.4,0,6,12.4,3,2,0,0,1372.96,150
2339,1522.96,COUNTY,VINEYARD,18.4,0,6,12.4,3,2,0,0,1372.96,150
2339,1522.96,COUNTY,VINEYARD,18.4,0,6,12.4,3,2,0,0,1372.96,150
2339,1522.96,COUNTY,VINEYARD,18.4,0,6,12.4,3,2,0,0,1372.96,150
2339,1522.96,COUNTY,VINEYARD,18.4,0,6,12.4,3,2,0,0,1372.96,150
2342,487.05,COUNTY,WINERY,1.44,0,0,1.44,0,0,1,0,0,0
2372,199.35,COUNTY,WINERY,1.44,0,0,1.44,0,0,1,0,0,100.93
2372,199.35,COUNTY,WINERY,1.44,0,0,1.44,0,0,1,0,0,100.93
2678,293.61,S,HOME IMPRO,1.44,0,0,1.44,0,0,1,0,0,0
2678,293.61,S,HOME IMPRO,1.44,0,0,1.44,0,0,1,0,0,0
2678,293.61,S,HOME IMPRO,1.44,0,0,1.44,0,0,1,0,0,0
2754,1227.47,C,MULTIFAMIL,8.4,0.96,6,1.44,3,2,0,68.91,1158.56,0
2754,1227.47,C,MULTIFAMIL,8.4,0.96,6,1.44,3,2,0,68.91,1158.56,0
2754,1227.47,C,MULTIFAMIL,8.4,0.96,6,1.44,3,2,0,68.91,1158.56,0
2754,1227.47,C,MULTIFAMIL,8.4,0.96,6,1.44,3,2,0,68.91,1158.56,0
2754,1227.47,C,MULTIFAMIL,8.4,0.96,6,1.44,3,2,0,68.91,1158.56,0
2810,67.49,Y,PRESCHOOL,0.96,0.48,0,0.48,0,0,1,0,0,0
2810,67.49,Y,PRESCHOOL,0.96,0.48,0,0.48,0,0,1,0,0,0
3159,89.71,COUNTY,WINERY,0.48,0,0,0.48,0,0,1,0,0,0
3630,134.57,COUNTY,VINEYARD,0.48,0,0,0.48,0,0,1,0,0,0
3723,195.74,S,MEDICAL,1.92,0.96,0,0.96,0,0,1,0,0,0
3723,195.74,S,MEDICAL,1.92,0.96,0,0.96,0,0,1,0,0,0
3842,632.56,COUNTY,WINERY,12.96,0.48,2,10.48,1,1,0,0,482.56,150
3842,632.56,COUNTY,WINERY,12.96,0.48,2,10.48,1,1,0,0,482.56,150
3842,632.56,COUNTY,WINERY,12.96,0.48,2,10.48,1,1,0,0,482.56,150
3842,632.56,COUNTY,WINERY,12.96,0.48,2,10.48,1,1,0,0,482.56,150
3842,632.56,COUNTY,WINERY,12.96,0.48,2,10.48,1,1,0,0,482.56,150
3844,1005.67,COUNTY,MIXED USE,5.4399999999999995,0,4,1.44,2,1,0,0,1005.67,0
3844,1005.67,COUNTY,MIXED USE,5.4399999999999995,0,4,1.44,2,1,0,0,1005.67,0
3844,1005.67,COUNTY,MIXED USE,5.4399999999999995,0,4,1.44,2,1,0,0,1005.67,0
3844,1005.67,COUNTY,MIXED USE,5.4399999999999995,0,4,1.44,2,1,0,0,1005.67,0
4126,597.92,COUNTY,WINERY,3.92,0.48,2,1.44,1,1,0,0,597.92,0
4126,597.92,COUNTY,WINERY,3.92,0.48,2,1.44,1,1,0,0,597.92,0
4126,597.92,COUNTY,WINERY,3.92,0.48,2,1.44,1,1,0,0,597.92,0
4196,2798.11,COUNTY,WINERY,20,0,6,14,3,2,0,0,1644.35,990.85
4196,2798.11,COUNTY,WINERY,20,0,6,14,3,2,0,0,1644.35,990.85
4196,2798.11,COUNTY,WINERY,20,0,6,14,3,2,0,0,1644.35,990.85
4196,2798.11,COUNTY,WINERY,20,0,6,14,3,2,0,0,1644.35,990.85
4226,632.56,COUNTY,WINERY,13.440000000000001,0.48,2,10.96,1,1,0,0,482.56,150
4226,632.56,COUNTY,WINERY,13.440000000000001,0.48,2,10.96,1,1,0,0,482.56,150
4226,632.56,COUNTY,WINERY,13.440000000000001,0.48,2,10.96,1,1,0,0,482.56,150
4226,632.56,COUNTY,WINERY,13.440000000000001,0.48,2,10.96,1,1,0,0,482.56,150
4226,632.56,COUNTY,WINERY,13.440000000000001,0.48,2,10.96,1,1,0,0,482.56,150
4260,1150.37,COUNTY,WINERY,6,0,2,4,1,1,0,0,482.56,667.81
4260,1150.37,COUNTY,WINERY,6,0,2,4,1,1,0,0,482.56,667.81
4308,2358.3,COUNTY,WINERY,35.92,0,6,29.92,3,2,0,0,2133.3,225
4308,2358.3,COUNTY,WINERY,35.92,0,6,29.92,3,2,0,0,2133.3,225
4308,2358.3,COUNTY,WINERY,35.92,0,6,29.92,3,2,0,0,2133.3,225
4308,2358.3,COUNTY,WINERY,35.92,0,6,29.92,3,2,0,0,2133.3,225
4308,2358.3,COUNTY,WINERY,35.92,0,6,29.92,3,2,0,0,2133.3,225
4308,2358.3,COUNTY,WINERY,35.92,0,6,29.92,3,2,0,0,2133.3,225
4308,2358.3,COUNTY,WINERY,35.92,0,6,29.92,3,2,0,0,2133.3,225
4420,103.93,C,LODGING-FW,0.96,0,0,0.96,0,0,1,0,0,0
4420,103.93,C,LODGING-FW,0.96,0,0,0.96,0,0,1,0,0,0
4445,134.57,COUNTY,WINERY,0.96,0.48,0,0.48,0,0,1,0,0,0
4445,134.57,COUNTY,WINERY,0.96,0.48,0,0.48,0,0,1,0,0,0
4449,945.34,COUNTY,WINERY,4,0,2,2,1,1,0,0,540.19,405.15
4449,945.34,COUNTY,WINERY,4,0,2,2,1,1,0,0,540.19,405.15
4454,135.12,C,SCHOOL,0.96,0.48,0,0.48,0,0,1,0,0,0
4454,135.12,C,SCHOOL,0.96,0.48,0,0.48,0,0,1,0,0,0
4477,134.57,COUNTY,WINERY,0.96,0.48,0,0.48,0,0,1,0,0,0
4477,134.57,COUNTY,WINERY,0.96,0.48,0,0.48,0,0,1,0,0,0
4520,101.24,Y,MULTIFAMIL,0.96,0.48,0,0.48,0,0,1,0,0,0
4520,101.24,Y,MULTIFAMIL,0.96,0.48,0,0.48,0,0,1,0,0,0
4631,370.07,COUNTY,WINERY,1.92,0.48,0,1.44,0,0,1,0,0,100.93
4631,370.07,COUNTY,WINERY,1.92,0.48,0,1.44,0,0,1,0,0,100.93
4631,370.07,COUNTY,WINERY,1.92,0.48,0,1.44,0,0,1,0,0,100.93
4631,370.07,COUNTY,WINERY,1.92,0.48,0,1.44,0,0,1,0,0,100.93
4686,439.46,C,STRIP MALL,3.92,0.48,2,1.44,1,1,0,0,439.46,0
4686,439.46,C,STRIP MALL,3.92,0.48,2,1.44,1,1,0,0,439.46,0
4686,439.46,C,STRIP MALL,3.92,0.48,2,1.44,1,1,0,0,439.46,0
4780,134.57,COUNTY,WINERY,0.48,0,0,0.48,0,0,1,0,0,0
4781,89.71,COUNTY,WINERY,0.96,0.48,0,0.48,0,0,1,0,0,0
4781,89.71,COUNTY,WINERY,0.96,0.48,0,0.48,0,0,1,0,0,0
4831,69.28,C,FOURPLEX,1.92,0.96,0,0.96,0,0,1,0,0,0
4831,69.28,C,FOURPLEX,1.92,0.96,0,0.96,0,0,1,0,0,0
4845,1373.25,COUNTY,UTILITY,60,0,6,54,3,2,0,0,1298.25,225
4845,1373.25,COUNTY,UTILITY,60,0,6,54,3,2,0,0,1298.25,225
4845,1373.25,COUNTY,UTILITY,60,0,6,54,3,2,0,0,1298.25,225
4845,1373.25,COUNTY,UTILITY,60,0,6,54,3,2,0,0,1298.25,225
4859,171.28,S,OFFICE BLD,0.96,0,0,0.96,0,0,1,0,0,73.41
4859,171.28,S,OFFICE BLD,0.96,0,0,0.96,0,0,1,0,0,73.41
4963,97.87,S,OFFICE BLD,0.48,0,0,0.48,0,0,1,0,0,0
5017,195.74,S,RESTAURANT,0.48,0,0,0.48,0,0,1,0,0,0
5026,0,COUNTY,WINERY,3.98,0,3.5,0.48,2,1,0,0,0,0
5026,0,COUNTY,WINERY,3.98,0,3.5,0.48,2,1,0,0,0,0
5055,527.42,COUNTY,WINERY,3.44,0,2,1.44,1,1,0,0,482.56,0
5055,527.42,COUNTY,WINERY,3.44,0,2,1.44,1,1,0,0,482.56,0
5212,134.57,COUNTY,LANDSCAPER,0.48,0,0,0.48,0,0,1,0,0,0
5311,358.85,COUNTY,WINERY,1.92,0.48,0,1.44,0,0,1,0,0,0
5311,358.85,COUNTY,WINERY,1.92,0.48,0,1.44,0,0,1,0,0,0
5401,253.08,Y,WINERY,1.44,0,0,1.44,0,0,1,0,0,151.84
5401,253.08,Y,WINERY,1.44,0,0,1.44,0,0,1,0,0,151.84
5401,253.08,Y,WINERY,1.44,0,0,1.44,0,0,1,0,0,151.84
5492,32.62,S,STRIP MALL,0.48,0,0,0.48,0,0,1,0,0,0
5504,32.62,S,OFFICE BLD,0.48,0,0,0.48,0,0,1,0,0,0
5662,65.25,S,RETAIL,0.48,0,0,0.48,0,0,1,0,0,0
5827,97.87,S,RETAIL,0.48,0,0,0.48,0,0,1,0,0,0
5868,0,COUNTY,WINERY,7,0,3.5,3.5,2,1,0,0,0,0
5868,0,COUNTY,WINERY,7,0,3.5,3.5,2,1,0,0,0,0
6090,130.5,S,UTILITY,0.96,0.48,0,0.48,0,0,1,0,0,0
6090,130.5,S,UTILITY,0.96,0.48,0,0.48,0,0,1,0,0,0
6204,65.25,S,HOME IMPRO,0.48,0,0,0.48,0,0,1,0,0,0
6205,89.71,COUNTY,CONTRACTOR,0.96,0.48,0,0.48,0,0,1,0,0,0
6205,89.71,COUNTY,CONTRACTOR,0.96,0.48,0,0.48,0,0,1,0,0,0
6413,665.6,COUNTY,MIXED USE,3.92,1.44,2,0.48,1,1,0,183.04,482.56,0
6413,665.6,COUNTY,MIXED USE,3.92,1.44,2,0.48,1,1,0,183.04,482.56,0
6413,665.6,COUNTY,MIXED USE,3.92,1.44,2,0.48,1,1,0,183.04,482.56,0
6413,665.6,COUNTY,MIXED USE,3.92,1.44,2,0.48,1,1,0,183.04,482.56,0
6413,665.6,COUNTY,MIXED USE,3.92,1.44,2,0.48,1,1,0,183.04,482.56,0
6542,0,COUNTY,WINERY,7,0,3.5,3.5,2,1,0,0,0,0
6542,0,COUNTY,WINERY,7,0,3.5,3.5,2,1,0,0,0,0
6640,514.46,C,RESTAURANT,8.88,0.48,2,6.4,1,1,0,0,439.46,75
6640,514.46,C,RESTAURANT,8.88,0.48,2,6.4,1,1,0,0,439.46,75
6640,514.46,C,RESTAURANT,8.88,0.48,2,6.4,1,1,0,0,439.46,75
6640,514.46,C,RESTAURANT,8.88,0.48,2,6.4,1,1,0,0,439.46,75
6640,514.46,C,RESTAURANT,8.88,0.48,2,6.4,1,1,0,0,439.46,75
6640,514.46,C,RESTAURANT,8.88,0.48,2,6.4,1,1,0,0,439.46,75
6796,1772.84,COUNTY,RESTAURANT,73.28,0,4,69.28,2,1,0,0,890.4,804.6500000000001
6796,1772.84,COUNTY,RESTAURANT,73.28,0,4,69.28,2,1,0,0,890.4,804.6500000000001
6796,1772.84,COUNTY,RESTAURANT,73.28,0,4,69.28,2,1,0,0,890.4,804.6500000000001
6796,1772.84,COUNTY,RESTAURANT,73.28,0,4,69.28,2,1,0,0,890.4,804.6500000000001
6796,1772.84,COUNTY,RESTAURANT,73.28,0,4,69.28,2,1,0,0,890.4,804.6500000000001
6796,1772.84,COUNTY,RESTAURANT,73.28,0,4,69.28,2,1,0,0,890.4,804.6500000000001
6796,1772.84,COUNTY,RESTAURANT,73.28,0,4,69.28,2,1,0,0,890.4,804.6500000000001
6796,1772.84,COUNTY,RESTAURANT,73.28,0,4,69.28,2,1,0,0,890.4,804.6500000000001
6796,1772.84,COUNTY,RESTAURANT,73.28,0,4,69.28,2,1,0,0,890.4,804.6500000000001
6796,1772.84,COUNTY,RESTAURANT,73.28,0,4,69.28,2,1,0,0,890.4,804.6500000000001
6796,1772.84,COUNTY,RESTAURANT,73.28,0,4,69.28,2,1,0,0,890.4,804.6500000000001
6796,1772.84,COUNTY,RESTAURANT,73.28,0,4,69.28,2,1,0,0,890.4,804.6500000000001
6796,1772.84,COUNTY,RESTAURANT,73.28,0,4,69.28,2,1,0,0,890.4,804.6500000000001
6835,482.56,COUNTY,WINERY,3.44,0,2,1.44,1,1,0,0,482.56,0
6835,482.56,COUNTY,WINERY,3.44,0,2,1.44,1,1,0,0,482.56,0
6835,482.56,COUNTY,WINERY,3.44,0,2,1.44,1,1,0,0,482.56,0
6835,482.56,COUNTY,WINERY,3.44,0,2,1.44,1,1,0,0,482.56,0
7162,760.91,COUNTY,WINERY,3.44,0,2,1.44,1,1,0,0,760.91,0
7162,760.91,COUNTY,WINERY,3.44,0,2,1.44,1,1,0,0,760.91,0
7162,760.91,COUNTY,WINERY,3.44,0,2,1.44,1,1,0,0,760.91,0
7162,760.91,COUNTY,WINERY,3.44,0,2,1.44,1,1,0,0,760.91,0
7567,363.91,S,CONTRACTOR,2,0,2,0,1,1,0,0,363.91,0
7679,32.62,S,COMMUNITY,0.48,0,0,0.48,0,0,1,0,0,0
7849,2238.2,S,MIXED USE,32,0,16,16,8,5,0,0,2557.94,1918.46
7849,2238.2,S,MIXED USE,32,0,16,16,8,5,0,0,2557.94,1918.46
7849,2238.2,S,MIXED USE,32,0,16,16,8,5,0,0,2557.94,1918.46
7849,2238.2,S,MIXED USE,32,0,16,16,8,5,0,0,2557.94,1918.46
8041,134.57,COUNTY,LODGING,0.96,0.48,0,0.48,0,0,1,0,0,0
8041,134.57,COUNTY,LODGING,0.96,0.48,0,0.48,0,0,1,0,0,0
8045,179.42,COUNTY,WINERY,1.92,0.96,0,0.96,0,0,1,0,0,0
8045,179.42,COUNTY,WINERY,1.92,0.96,0,0.96,0,0,1,0,0,0
8045,179.42,COUNTY,WINERY,1.92,0.96,0,0.96,0,0,1,0,0,0
8045,179.42,COUNTY,WINERY,1.92,0.96,0,0.96,0,0,1,0,0,0
8063,1048.95,S,GROCERY,55.44,0,18,37.44,9,6,0,0,2921.8500000000004,225
8063,1048.95,S,GROCERY,55.44,0,18,37.44,9,6,0,0,2921.8500000000004,225
8063,1048.95,S,GROCERY,55.44,0,18,37.44,9,6,0,0,2921.8500000000004,225
8063,1048.95,S,GROCERY,55.44,0,18,37.44,9,6,0,0,2921.8500000000004,225
8063,1048.95,S,GROCERY,55.44,0,18,37.44,9,6,0,0,2921.8500000000004,225
8063,1048.95,S,GROCERY,55.44,0,18,37.44,9,6,0,0,2921.8500000000004,225
8063,1048.95,S,GROCERY,55.44,0,18,37.44,9,6,0,0,2921.8500000000004,225
8141,540.19,COUNTY,WINERY,3.92,0.48,2,1.44,1,1,0,0,540.19,0
8141,540.19,COUNTY,WINERY,3.92,0.48,2,1.44,1,1,0,0,540.19,0
8141,540.19,COUNTY,WINERY,3.92,0.48,2,1.44,1,1,0,0,540.19,0
8141,540.19,COUNTY,WINERY,3.92,0.48,2,1.44,1,1,0,0,540.19,0
8141,540.19,COUNTY,WINERY,3.92,0.48,2,1.44,1,1,0,0,540.19,0
8212,269.13,S,MULTIFAMIL,4.8,1.44,0,3.36,0,0,1,0,0,73.41
8212,269.13,S,MULTIFAMIL,4.8,1.44,0,3.36,0,0,1,0,0,73.41
8212,269.13,S,MULTIFAMIL,4.8,1.44,0,3.36,0,0,1,0,0,73.41
8213,65.24,S,DUPLEX,1.44,0.48,0,0.96,0,0,1,0,0,0
8213,65.24,S,DUPLEX,1.44,0.48,0,0.96,0,0,1,0,0,0
8213,65.24,S,DUPLEX,1.44,0.48,0,0.96,0,0,1,0,0,0
8327,89.71,COUNTY,WINERY,0.96,0.48,0,0.48,0,0,1,0,0,0
8327,89.71,COUNTY,WINERY,0.96,0.48,0,0.48,0,0,1,0,0,0
8626,89.71,COUNTY,WINERY,0.96,0.48,0,0.48,0,0,1,0,0,0
8626,89.71,COUNTY,WINERY,0.96,0.48,0,0.48,0,0,1,0,0,0
8657,97.87,S,RESTAURANT,0.96,0,0,0.96,0,0,1,0,0,0
8747,583.49,COUNTY,WINERY,4.4,0.48,2,1.92,1,1,0,0,482.56,100.93
8747,583.49,COUNTY,WINERY,4.4,0.48,2,1.92,1,1,0,0,482.56,100.93
8747,583.49,COUNTY,WINERY,4.4,0.48,2,1.92,1,1,0,0,482.56,100.93
8747,583.49,COUNTY,WINERY,4.4,0.48,2,1.92,1,1,0,0,482.56,100.93
8747,583.49,COUNTY,WINERY,4.4,0.48,2,1.92,1,1,0,0,482.56,100.93
8747,583.49,COUNTY,WINERY,4.4,0.48,2,1.92,1,1,0,0,482.56,100.93
8758,1130.67,COUNTY,WINERY,5.4399999999999995,0,4,1.44,2,1,0,0,1005.67,75
8758,1130.67,COUNTY,WINERY,5.4399999999999995,0,4,1.44,2,1,0,0,1005.67,75
8758,1130.67,COUNTY,WINERY,5.4399999999999995,0,4,1.44,2,1,0,0,1005.67,75
8758,1130.67,COUNTY,WINERY,5.4399999999999995,0,4,1.44,2,1,0,0,1005.67,75
8758,1130.67,COUNTY,WINERY,5.4399999999999995,0,4,1.44,2,1,0,0,1005.67,75
8800,304.02,C,MULTIFAMIL,1.44,0.48,0,0.96,0,0,1,0,0,0
8800,304.02,C,MULTIFAMIL,1.44,0.48,0,0.96,0,0,1,0,0,0
8800,304.02,C,MULTIFAMIL,1.44,0.48,0,0.96,0,0,1,0,0,0
8818,370.07,COUNTY,WINERY,1.44,0.48,0,0.96,0,0,1,0,0,100.93
8818,370.07,COUNTY,WINERY,1.44,0.48,0,0.96,0,0,1,0,0,100.93
8818,370.07,COUNTY,WINERY,1.44,0.48,0,0.96,0,0,1,0,0,100.93
8883,482.56,COUNTY,CONTRACTOR,2.48,0,2,0.48,1,1,0,0,482.56,0
8883,482.56,COUNTY,CONTRACTOR,2.48,0,2,0.48,1,1,0,0,482.56,0
8959,844.48,COUNTY,WINERY,4.96,0.96,2,2,1,1,0,0,482.56,361.92
8959,844.48,COUNTY,WINERY,4.96,0.96,2,2,1,1,0,0,482.56,361.92
8959,844.48,COUNTY,WINERY,4.96,0.96,2,2,1,1,0,0,482.56,361.92
8959,844.48,COUNTY,WINERY,4.96,0.96,2,2,1,1,0,0,482.56,361.92
9090,177.16,Y,WINERY,0.96,0,0,0.96,0,0,1,0,0,75.92
9090,177.16,Y,WINERY,0.96,0,0,0.96,0,0,1,0,0,75.92
9121,1624.18,COUNTY,WINERY,40.400000000000006,0.48,6,33.92,3,2,0,0,1298.25,400.93
9121,1624.18,COUNTY,WINERY,40.400000000000006,0.48,6,33.92,3,2,0,0,1298.25,400.93
9121,1624.18,COUNTY,WINERY,40.400000000000006,0.48,6,33.92,3,2,0,0,1298.25,400.93
9121,1624.18,COUNTY,WINERY,40.400000000000006,0.48,6,33.92,3,2,0,0,1298.25,400.93
9121,1624.18,COUNTY,WINERY,40.400000000000006,0.48,6,33.92,3,2,0,0,1298.25,400.93
9121,1624.18,COUNTY,WINERY,40.400000000000006,0.48,6,33.92,3,2,0,0,1298.25,400.93
9121,1624.18,COUNTY,WINERY,40.400000000000006,0.48,6,33.92,3,2,0,0,1298.25,400.93
9121,1624.18,COUNTY,WINERY,40.400000000000006,0.48,6,33.92,3,2,0,0,1298.25,400.93
9121,1624.18,COUNTY,WINERY,40.400000000000006,0.48,6,33.92,3,2,0,0,1298.25,400.93
9121,1624.18,COUNTY,WINERY,40.400000000000006,0.48,6,33.92,3,2,0,0,1298.25,400.93
9195,134.57,COUNTY,WINERY,0.96,0.48,0,0.48,0,0,1,0,0,0
9195,134.57,COUNTY,WINERY,0.96,0.48,0,0.48,0,0,1,0,0,0
9349,72.9,COUNTY,WINERY,0.48,0,0,0.48,0,0,1,0,0,0
9368,1638.21,COUNTY,WINERY,8.96,0.96,4,4,2,1,0,0,890.4,667.81
9368,1638.21,COUNTY,WINERY,8.96,0.96,4,4,2,1,0,0,890.4,667.81
9368,1638.21,COUNTY,WINERY,8.96,0.96,4,4,2,1,0,0,890.4,667.81
9368,1638.21,COUNTY,WINERY,8.96,0.96,4,4,2,1,0,0,890.4,667.81
9376,1185.33,S,RESTAURANT,10,4,0,6,0,0,1,454.87,0,730.46
9376,1185.33,S,RESTAURANT,10,4,0,6,0,0,1,454.87,0,730.46
9481,1601.16,Y,RESTAURANT,33.44,0,16,17.439999999999998,8,5,0,0,3052.32,150
9481,1601.16,Y,RESTAURANT,33.44,0,16,17.439999999999998,8,5,0,0,3052.32,150
9481,1601.16,Y,RESTAURANT,33.44,0,16,17.439999999999998,8,5,0,0,3052.32,150
9481,1601.16,Y,RESTAURANT,33.44,0,16,17.439999999999998,8,5,0,0,3052.32,150
9481,1601.16,Y,RESTAURANT,33.44,0,16,17.439999999999998,8,5,0,0,3052.32,150
9481,1601.16,Y,RESTAURANT,33.44,0,16,17.439999999999998,8,5,0,0,3052.32,150
9481,1601.16,Y,RESTAURANT,33.44,0,16,17.439999999999998,8,5,0,0,3052.32,150
9784,134.57,COUNTY,VINEYARD,0.96,0.48,0,0.48,0,0,1,0,0,0
9784,134.57,COUNTY,VINEYARD,0.96,0.48,0,0.48,0,0,1,0,0,0
9819,32.62,S,RETAIL,0.48,0,0,0.48,0,0,1,0,0,0
9846,97.87,S,COMMUNITY,0.48,0,0,0.48,0,0,1,0,0,0
9850,253.08,Y,RETAIL,1.44,0,0,1.44,0,0,1,0,0,151.84
9850,253.08,Y,RETAIL,1.44,0,0,1.44,0,0,1,0,0,151.84
9850,253.08,Y,RETAIL,1.44,0,0,1.44,0,0,1,0,0,151.84
9906,1005.67,COUNTY,CONTRACTOR,4,0,4,0,2,1,0,0,1005.67,0
9910,44.86,COUNTY,POSTOFFICE,0.48,0,0,0.48,0,0,1,0,0,0
9920,2317.12,C,MULTIFAMIL,26.4,0.48,24,1.92,12,8,0,0,4634.24,0
9920,2317.12,C,MULTIFAMIL,26.4,0.48,24,1.92,12,8,0,0,4634.24,0
9920,2317.12,C,MULTIFAMIL,26.4,0.48,24,1.92,12,8,0,0,4634.24,0
9920,2317.12,C,MULTIFAMIL,26.4,0.48,24,1.92,12,8,0,0,4634.24,0
9920,2317.12,C,MULTIFAMIL,26.4,0.48,24,1.92,12,8,0,0,4634.24,0
9920,2317.12,C,MULTIFAMIL,26.4,0.48,24,1.92,12,8,0,0,4634.24,0
9928,269.14,COUNTY,CHURCH,0.96,0.48,0,0.48,0,0,1,0,0,0
9928,269.14,COUNTY,CHURCH,0.96,0.48,0,0.48,0,0,1,0,0,0
9929,1627.98,C,LODGING,16,0,16,0,8,5,0,0,1627.98,0
9929,1627.98,C,LODGING,16,0,16,0,8,5,0,0,1627.98,0
9964,276.77,C,MEDICAL,1.44,0.96,0,0.48,0,0,1,68.91,0,0
9964,276.77,C,MEDICAL,1.44,0.96,0,0.48,0,0,1,68.91,0,0
9964,276.77,C,MEDICAL,1.44,0.96,0,0.48,0,0,1,68.91,0,0
10065,2816.91,COUNTY,WINERY,15.44,1.44,6,8,3,2,0,91.52,1298.25,1335.62
10065,2816.91,COUNTY,WINERY,15.44,1.44,6,8,3,2,0,91.52,1298.25,1335.62
10065,2816.91,COUNTY,WINERY,15.44,1.44,6,8,3,2,0,91.52,1298.25,1335.62
10065,2816.91,COUNTY,WINERY,15.44,1.44,6,8,3,2,0,91.52,1298.25,1335.62
10065,2816.91,COUNTY,WINERY,15.44,1.44,6,8,3,2,0,91.52,1298.25,1335.62
10067,5246.71,COUNTY,WINERY,34,0,16,18,8,5,0,0,3873.26,3310.08
10067,5246.71,COUNTY,WINERY,34,0,16,18,8,5,0,0,3873.26,3310.08
10067,5246.71,COUNTY,WINERY,34,0,16,18,8,5,0,0,3873.26,3310.08
10067,5246.71,COUNTY,WINERY,34,0,16,18,8,5,0,0,3873.26,3310.08
10067,5246.71,COUNTY,WINERY,34,0,16,18,8,5,0,0,3873.26,3310.08
10071,3322.57,COUNTY,WINERY,20,4,6,10,3,2,1,762.37,1644.35,915.85
10071,3322.57,COUNTY,WINERY,20,4,6,10,3,2,1,762.37,1644.35,915.85
10071,3322.57,COUNTY,WINERY,20,4,6,10,3,2,1,762.37,1644.35,915.85
10071,3322.57,COUNTY,WINERY,20,4,6,10,3,2,1,762.37,1644.35,915.85
10076,1898.55,COUNTY,LODGING-FW,18.880000000000003,0.96,16,1.92,8,5,0,91.52,3412.2,100.93
10076,1898.55,COUNTY,LODGING-FW,18.880000000000003,0.96,16,1.92,8,5,0,91.52,3412.2,100.93
10076,1898.55,COUNTY,LODGING-FW,18.880000000000003,0.96,16,1.92,8,5,0,91.52,3412.2,100.93
10076,1898.55,COUNTY,LODGING-FW,18.880000000000003,0.96,16,1.92,8,5,0,91.52,3412.2,100.93
10076,1898.55,COUNTY,LODGING-FW,18.880000000000003,0.96,16,1.92,8,5,0,91.52,3412.2,100.93
10076,1898.55,COUNTY,LODGING-FW,18.880000000000003,0.96,16,1.92,8,5,0,91.52,3412.2,100.93
10076,1898.55,COUNTY,LODGING-FW,18.880000000000003,0.96,16,1.92,8,5,0,91.52,3412.2,100.93
10076,1898.55,COUNTY,LODGING-FW,18.880000000000003,0.96,16,1.92,8,5,0,91.52,3412.2,100.93
10082,303.72,Y,MULTIFAMIL,1.44,0,0,1.44,0,0,1,0,0,0
10082,303.72,Y,MULTIFAMIL,1.44,0,0,1.44,0,0,1,0,0,0
10083,1558.21,COUNTY,UTILITY,9.44,0,4,5.4399999999999995,2,1,0,0,890.4,667.81
10083,1558.21,COUNTY,UTILITY,9.44,0,4,5.4399999999999995,2,1,0,0,890.4,667.81
10083,1558.21,COUNTY,UTILITY,9.44,0,4,5.4399999999999995,2,1,0,0,890.4,667.81
10103,428.24,C,MULTIFAMIL,2.96,0,2,0.96,1,1,0,0,428.24,0
10103,428.24,C,MULTIFAMIL,2.96,0,2,0.96,1,1,0,0,428.24,0
10103,428.24,C,MULTIFAMIL,2.96,0,2,0.96,1,1,0,0,428.24,0
10106,1791.03,C,LODGING,19.36,0.48,16,2.88,8,5,0,0,3126.06,228
10106,1791.03,C,LODGING,19.36,0.48,16,2.88,8,5,0,0,3126.06,228
10106,1791.03,C,LODGING,19.36,0.48,16,2.88,8,5,0,0,3126.06,228
10106,1791.03,C,LODGING,19.36,0.48,16,2.88,8,5,0,0,3126.06,228
10106,1791.03,C,LODGING,19.36,0.48,16,2.88,8,5,0,0,3126.06,228
10106,1791.03,C,LODGING,19.36,0.48,16,2.88,8,5,0,0,3126.06,228
10106,1791.03,C,LODGING,19.36,0.48,16,2.88,8,5,0,0,3126.06,228
10106,1791.03,C,LODGING,19.36,0.48,16,2.88,8,5,0,0,3126.06,228
10106,1791.03,C,LODGING,19.36,0.48,16,2.88,8,5,0,0,3126.06,228
10112,202.48,Y,CHURCH,1.92,1.44,0,0.48,0,0,1,0,0,0
10112,202.48,Y,CHURCH,1.92,1.44,0,0.48,0,0,1,0,0,0
10139,1511.27,S,STRIP MALL,11.84,0.48,8,3.36,4,3,0,0,1337.86,73.41
10139,1511.27,S,STRIP MALL,11.84,0.48,8,3.36,4,3,0,0,1337.86,73.41
10139,1511.27,S,STRIP MALL,11.84,0.48,8,3.36,4,3,0,0,1337.86,73.41
10139,1511.27,S,STRIP MALL,11.84,0.48,8,3.36,4,3,0,0,1337.86,73.41
10139,1511.27,S,STRIP MALL,11.84,0.48,8,3.36,4,3,0,0,1337.86,73.41
10144,608.04,C,MULTIFAMIL,4.32,1.44,0,2.88,0,0,1,0,0,0
10144,608.04,C,MULTIFAMIL,4.32,1.44,0,2.88,0,0,1,0,0,0
10144,608.04,C,MULTIFAMIL,4.32,1.44,0,2.88,0,0,1,0,0,0
10145,6451.98,C,MOBILEHOME,175.68,89.28,0,86.39999999999999,0,0,1,0,0,0
10145,6451.98,C,MOBILEHOME,175.68,89.28,0,86.39999999999999,0,0,1,0,0,0
10145,6451.98,C,MOBILEHOME,175.68,89.28,0,86.39999999999999,0,0,1,0,0,0
10145,6451.98,C,MOBILEHOME,175.68,89.28,0,86.39999999999999,0,0,1,0,0,0
10145,6451.98,C,MOBILEHOME,175.68,89.28,0,86.39999999999999,0,0,1,0,0,0
10145,6451.98,C,MOBILEHOME,175.68,89.28,0,86.39999999999999,0,0,1,0,0,0
10154,2398.21,C,LODGING,37.919999999999995,0.48,36,1.44,18,12,0,0,7194.63,0
10154,2398.21,C,LODGING,37.919999999999995,0.48,36,1.44,18,12,0,0,7194.63,0
10154,2398.21,C,LODGING,37.919999999999995,0.48,36,1.44,18,12,0,0,7194.63,0
10154,2398.21,C,LODGING,37.919999999999995,0.48,36,1.44,18,12,0,0,7194.63,0
10154,2398.21,C,LODGING,37.919999999999995,0.48,36,1.44,18,12,0,0,7194.63,0
10161,140.51,C,OFFICE BLD,0.48,0,0,0.48,0,0,1,0,0,0
10174,439.46,C,RETAIL,3.44,0,2,1.44,1,1,0,0,439.46,0
10174,439.46,C,RETAIL,3.44,0,2,1.44,1,1,0,0,439.46,0
10174,439.46,C,RETAIL,3.44,0,2,1.44,1,1,0,0,439.46,0
10174,439.46,C,RETAIL,3.44,0,2,1.44,1,1,0,0,439.46,0
10185,65.25,S,ENTERTAINM,0.48,0,0,0.48,0,0,1,0,0,0
10209,255.93,C,POSTOFFICE,1.92,0.48,0,1.44,0,0,1,0,0,76
10209,255.93,C,POSTOFFICE,1.92,0.48,0,1.44,0,0,1,0,0,76
10209,255.93,C,POSTOFFICE,1.92,0.48,0,1.44,0,0,1,0,0,76
10222,138.56,C,OFFICE BLD,0.96,0,0,0.96,0,0,1,0,0,0
10222,138.56,C,OFFICE BLD,0.96,0,0,0.96,0,0,1,0,0,0
10224,882.9,C,LODGING,10.4,0.96,8,1.44,4,3,0,68.91,1627.98,0
10224,882.9,C,LODGING,10.4,0.96,8,1.44,4,3,0,68.91,1627.98,0
10224,882.9,C,LODGING,10.4,0.96,8,1.44,4,3,0,68.91,1627.98,0
10224,882.9,C,LODGING,10.4,0.96,8,1.44,4,3,0,68.91,1627.98,0
10224,882.9,C,LODGING,10.4,0.96,8,1.44,4,3,0,68.91,1627.98,0
10224,882.9,C,LODGING,10.4,0.96,8,1.44,4,3,0,68.91,1627.98,0
10224,882.9,C,LODGING,10.4,0.96,8,1.44,4,3,0,68.91,1627.98,0
10227,69.28,C,MEDICAL,0.96,0.48,0,0.48,0,0,1,0,0,0
10227,69.28,C,MEDICAL,0.96,0.48,0,0.48,0,0,1,0,0,0
10233,4931.88,C,MOBILEHOME,71.52,1.44,0,70.08,0,0,1,0,0,0
10233,4931.88,C,MOBILEHOME,71.52,1.44,0,70.08,0,0,1,0,0,0
10238,67.56,C,MULTIFAMIL,0.48,0,0,0.48,0,0,1,0,0,0
10247,3008.71,C,GROCERY,64.96,0,60,4.96,30,20,0,0,7194.63,610.5
10247,3008.71,C,GROCERY,64.96,0,60,4.96,30,20,0,0,7194.63,610.5
10247,3008.71,C,GROCERY,64.96,0,60,4.96,30,20,0,0,7194.63,610.5
10247,3008.71,C,GROCERY,64.96,0,60,4.96,30,20,0,0,7194.63,610.5
10247,3008.71,C,GROCERY,64.96,0,60,4.96,30,20,0,0,7194.63,610.5
10247,3008.71,C,GROCERY,64.96,0,60,4.96,30,20,0,0,7194.63,610.5
10247,3008.71,C,GROCERY,64.96,0,60,4.96,30,20,0,0,7194.63,610.5
10247,3008.71,C,GROCERY,64.96,0,60,4.96,30,20,0,0,7194.63,610.5
10248,743.93,S,AUTO,10.48,0,4,6.48,2,1,0,0,668.93,75
10248,743.93,S,AUTO,10.48,0,4,6.48,2,1,0,0,668.93,75
10248,743.93,S,AUTO,10.48,0,4,6.48,2,1,0,0,668.93,75
10250,2035.83,S,LODGING-FW,39.839999999999996,1.44,36,2.4,18,12,0,0,5667.03,73.41
10250,2035.83,S,LODGING-FW,39.839999999999996,1.44,36,2.4,18,12,0,0,5667.03,73.41
10250,2035.83,S,LODGING-FW,39.839999999999996,1.44,36,2.4,18,12,0,0,5667.03,73.41
10250,2035.83,S,LODGING-FW,39.839999999999996,1.44,36,2.4,18,12,0,0,5667.03,73.41
10250,2035.83,S,LODGING-FW,39.839999999999996,1.44,36,2.4,18,12,0,0,5667.03,73.41
10250,2035.83,S,LODGING-FW,39.839999999999996,1.44,36,2.4,18,12,0,0,5667.03,73.41
10250,2035.83,S,LODGING-FW,39.839999999999996,1.44,36,2.4,18,12,0,0,5667.03,73.41
10250,2035.83,S,LODGING-FW,39.839999999999996,1.44,36,2.4,18,12,0,0,5667.03,73.41
10255,4567.25,COUNTY,WINERY,31.439999999999998,0,24,7.4399999999999995,12,8,0,0,6427.98,1233.26
10255,4567.25,COUNTY,WINERY,31.439999999999998,0,24,7.4399999999999995,12,8,0,0,6427.98,1233.26
10255,4567.25,COUNTY,WINERY,31.439999999999998,0,24,7.4399999999999995,12,8,0,0,6427.98,1233.26
10255,4567.25,COUNTY,WINERY,31.439999999999998,0,24,7.4399999999999995,12,8,0,0,6427.98,1233.26
10260,69.28,C,OFFICE BLD,1.44,0.48,0,0.96,0,0,1,0,0,0
10260,69.28,C,OFFICE BLD,1.44,0.48,0,0.96,0,0,1,0,0,0
10260,69.28,C,OFFICE BLD,1.44,0.48,0,0.96,0,0,1,0,0,0
10262,195.74,S,OFFICE BLD,0.48,0,0,0.48,0,0,1,0,0,0
10263,1278.97,S,RESTAURANT,32,0,32,0,16,11,0,0,5115.88,0
10263,1278.97,S,RESTAURANT,32,0,32,0,16,11,0,0,5115.88,0
10263,1278.97,S,RESTAURANT,32,0,32,0,16,11,0,0,5115.88,0
10263,1278.97,S,RESTAURANT,32,0,32,0,16,11,0,0,5115.88,0
10265,6347.58,S,GROCERY,318.88,0,156,162.88,78,52,0,0,24514.109999999997,746.8199999999999
10265,6347.58,S,GROCERY,318.88,0,156,162.88,78,52,0,0,24514.109999999997,746.8199999999999
10265,6347.58,S,GROCERY,318.88,0,156,162.88,78,52,0,0,24514.109999999997,746.8199999999999
10265,6347.58,S,GROCERY,318.88,0,156,162.88,78,52,0,0,24514.109999999997,746.8199999999999
10265,6347.58,S,GROCERY,318.88,0,156,162.88,78,52,0,0,24514.109999999997,746.8199999999999
10265,6347.58,S,GROCERY,318.88,0,156,162.88,78,52,0,0,24514.109999999997,746.8199999999999
10265,6347.58,S,GROCERY,318.88,0,156,162.88,78,52,0,0,24514.109999999997,746.8199999999999
10265,6347.58,S,GROCERY,318.88,0,156,162.88,78,52,0,0,24514.109999999997,746.8199999999999
10265,6347.58,S,GROCERY,318.88,0,156,162.88,78,52,0,0,24514.109999999997,746.8199999999999
10265,6347.58,S,GROCERY,318.88,0,156,162.88,78,52,0,0,24514.109999999997,746.8199999999999
10265,6347.58,S,GROCERY,318.88,0,156,162.88,78,52,0,0,24514.109999999997,746.8199999999999
10265,6347.58,S,GROCERY,318.88,0,156,162.88,78,52,0,0,24514.109999999997,746.8199999999999
10265,6347.58,S,GROCERY,318.88,0,156,162.88,78,52,0,0,24514.109999999997,746.8199999999999
10265,6347.58,S,GROCERY,318.88,0,156,162.88,78,52,0,0,24514.109999999997,746.8199999999999
10265,6347.58,S,GROCERY,318.88,0,156,162.88,78,52,0,0,24514.109999999997,746.8199999999999
10265,6347.58,S,GROCERY,318.88,0,156,162.88,78,52,0,0,24514.109999999997,746.8199999999999
10265,6347.58,S,GROCERY,318.88,0,156,162.88,78,52,0,0,24514.109999999997,746.8199999999999
10265,6347.58,S,GROCERY,318.88,0,156,162.88,78,52,0,0,24514.109999999997,746.8199999999999
10265,6347.58,S,GROCERY,318.88,0,156,162.88,78,52,0,0,24514.109999999997,746.8199999999999
10271,363.91,S,AUTO,3.44,0,2,1.44,1,1,0,0,363.91,0
10271,363.91,S,AUTO,3.44,0,2,1.44,1,1,0,0,363.91,0
10289,743.93,S,HOME IMPRO,21.439999999999998,0,4,17.439999999999998,2,1,0,0,668.93,150
10289,743.93,S,HOME IMPRO,21.439999999999998,0,4,17.439999999999998,2,1,0,0,668.93,150
10289,743.93,S,HOME IMPRO,21.439999999999998,0,4,17.439999999999998,2,1,0,0,668.93,150
10289,743.93,S,HOME IMPRO,21.439999999999998,0,4,17.439999999999998,2,1,0,0,668.93,150
10295,363.91,S,RETAIL,3.44,0,2,1.44,1,1,0,0,363.91,0
10295,363.91,S,RETAIL,3.44,0,2,1.44,1,1,0,0,363.91,0
10295,363.91,S,RETAIL,3.44,0,2,1.44,1,1,0,0,363.91,0
10295,363.91,S,RETAIL,3.44,0,2,1.44,1,1,0,0,363.91,0
10301,171.28,S,POSTOFFICE,0.96,0,0,0.96,0,0,1,0,0,73.41
10301,171.28,S,POSTOFFICE,0.96,0,0,0.96,0,0,1,0,0,73.41
10306,97.87,S,OFFICE BLD,0.48,0,0,0.48,0,0,1,0,0,0
10310,97.87,S,OFFICE BLD,0.48,0,0,0.48,0,0,1,0,0,0
10316,363.91,S,CONTRACTOR,2,0,2,0,1,1,0,0,363.91,0
10317,505.47,S,AUTO,9.92,0.96,2,6.96,1,1,0,66.56,363.91,75
10317,505.47,S,AUTO,9.92,0.96,2,6.96,1,1,0,66.56,363.91,75
10317,505.47,S,AUTO,9.92,0.96,2,6.96,1,1,0,66.56,363.91,75
10317,505.47,S,AUTO,9.92,0.96,2,6.96,1,1,0,66.56,363.91,75
10317,505.47,S,AUTO,9.92,0.96,2,6.96,1,1,0,66.56,363.91,75
10318,668.93,S,UTILITY,4.48,0,4,0.48,2,1,0,0,668.93,0
10318,668.93,S,UTILITY,4.48,0,4,0.48,2,1,0,0,668.93,0
10321,743.93,S,AUTO,9.92,0.48,4,5.4399999999999995,2,1,0,0,668.93,75
10321,743.93,S,AUTO,9.92,0.48,4,5.4399999999999995,2,1,0,0,668.93,75
10321,743.93,S,AUTO,9.92,0.48,4,5.4399999999999995,2,1,0,0,668.93,75
10321,743.93,S,AUTO,9.92,0.48,4,5.4399999999999995,2,1,0,0,668.93,75
10323,1843.37,S,MULTIFAMIL,12.16,5.279999999999999,4,2.88,2,1,1,0,668.93,0
10323,1843.37,S,MULTIFAMIL,12.16,5.279999999999999,4,2.88,2,1,1,0,668.93,0
10323,1843.37,S,MULTIFAMIL,12.16,5.279999999999999,4,2.88,2,1,1,0,668.93,0
10325,97.87,S,COMMUNITY,0.96,0.48,0,0.48,0,0,1,0,0,0
10325,97.87,S,COMMUNITY,0.96,0.48,0,0.48,0,0,1,0,0,0
10327,97.87,S,VINEYARD,0.48,0,0,0.48,0,0,1,0,0,0
10328,1500.79,S,BAKERY,34.4,0,16,18.4,8,5,0,0,2557.94,296.82
10328,1500.79,S,BAKERY,34.4,0,16,18.4,8,5,0,0,2557.94,296.82
10328,1500.79,S,BAKERY,34.4,0,16,18.4,8,5,0,0,2557.94,296.82
10328,1500.79,S,BAKERY,34.4,0,16,18.4,8,5,0,0,2557.94,296.82
10328,1500.79,S,BAKERY,34.4,0,16,18.4,8,5,0,0,2557.94,296.82
10328,1500.79,S,BAKERY,34.4,0,16,18.4,8,5,0,0,2557.94,296.82
10328,1500.79,S,BAKERY,34.4,0,16,18.4,8,5,0,0,2557.94,296.82
10328,1500.79,S,BAKERY,34.4,0,16,18.4,8,5,0,0,2557.94,296.82
10328,1500.79,S,BAKERY,34.4,0,16,18.4,8,5,0,0,2557.94,296.82
10333,195.75,S,MULTIFAMIL,1.44,0.48,0,0.96,0,0,1,0,0,0
10333,195.75,S,MULTIFAMIL,1.44,0.48,0,0.96,0,0,1,0,0,0
10333,195.75,S,MULTIFAMIL,1.44,0.48,0,0.96,0,0,1,0,0,0
10334,363.91,S,GROCERY,3.92,0.48,2,1.44,1,1,0,0,363.91,0
10334,363.91,S,GROCERY,3.92,0.48,2,1.44,1,1,0,0,363.91,0
10334,363.91,S,GROCERY,3.92,0.48,2,1.44,1,1,0,0,363.91,0
10335,363.91,S,SCHOOL,3.92,0.48,2,1.44,1,1,0,0,363.91,0
10335,363.91,S,SCHOOL,3.92,0.48,2,1.44,1,1,0,0,363.91,0
10335,363.91,S,SCHOOL,3.92,0.48,2,1.44,1,1,0,0,363.91,0
10335,363.91,S,SCHOOL,3.92,0.48,2,1.44,1,1,0,0,363.91,0
10335,363.91,S,SCHOOL,3.92,0.48,2,1.44,1,1,0,0,363.91,0
10340,97.87,S,OFFICE BLD,0.96,0.48,0,0.48,0,0,1,0,0,0
10340,97.87,S,OFFICE BLD,0.96,0.48,0,0.48,0,0,1,0,0,0
10342,391.48,S,MEDICAL,1.44,0.48,0,0.96,0,0,1,0,0,0
10342,391.48,S,MEDICAL,1.44,0.48,0,0.96,0,0,1,0,0,0
10343,3208.23,S,HOA,26,4,12,10,6,4,1,454.87,1947.9,805.46
10343,3208.23,S,HOA,26,4,12,10,6,4,1,454.87,1947.9,805.46
10343,3208.23,S,HOA,26,4,12,10,6,4,1,454.87,1947.9,805.46
10343,3208.23,S,HOA,26,4,12,10,6,4,1,454.87,1947.9,805.46
10343,3208.23,S,HOA,26,4,12,10,6,4,1,454.87,1947.9,805.46
10344,7013.3,S,MOBILEHOME,105.11999999999999,0,0,105.11999999999999,0,0,1,0,0,0
10345,668.93,S,INDUSTRIAL,5.4399999999999995,0,4,1.44,2,1,0,0,668.93,0
10345,668.93,S,INDUSTRIAL,5.4399999999999995,0,4,1.44,2,1,0,0,668.93,0
10346,363.91,S,WINERY,2.48,0,2,0.48,1,1,0,0,363.91,0
10346,363.91,S,WINERY,2.48,0,2,0.48,1,1,0,0,363.91,0
10347,2036.81,S,NRSG HOME,38.4,0.96,36,1.44,18,12,0,66.56,5910.75,0
10347,2036.81,S,NRSG HOME,38.4,0.96,36,1.44,18,12,0,66.56,5910.75,0
10347,2036.81,S,NRSG HOME,38.4,0.96,36,1.44,18,12,0,66.56,5910.75,0
10347,2036.81,S,NRSG HOME,38.4,0.96,36,1.44,18,12,0,66.56,5910.75,0
10347,2036.81,S,NRSG HOME,38.4,0.96,36,1.44,18,12,0,66.56,5910.75,0
10347,2036.81,S,NRSG HOME,38.4,0.96,36,1.44,18,12,0,66.56,5910.75,0
10348,1170.63,S,MULTIFAMIL,8,0,4,4,2,1,0,0,668.93,501.7
10348,1170.63,S,MULTIFAMIL,8,0,4,4,2,1,0,0,668.93,501.7
10349,413.91,S,MULTIFAMIL,3.44,0.48,2,0.96,1,1,0,0,363.91,0
10349,413.91,S,MULTIFAMIL,3.44,0.48,2,0.96,1,1,0,0,363.91,0
10349,413.91,S,MULTIFAMIL,3.44,0.48,2,0.96,1,1,0,0,363.91,0
10355,668.93,S,OFFICE BLD,5.44,0.48,4,0.96,2,1,0,0,668.93,0
10355,668.93,S,OFFICE BLD,5.44,0.48,4,0.96,2,1,0,0,668.93,0
10355,668.93,S,OFFICE BLD,5.44,0.48,4,0.96,2,1,0,0,668.93,0
10368,1658.21,COUNTY,LODGING-FW,8,0,4,4,2,1,0,0,890.4,667.81
10368,1658.21,COUNTY,LODGING-FW,8,0,4,4,2,1,0,0,890.4,667.81
10373,363.91,S,CHURCH,4.88,0.48,2,2.4,1,1,0,0,363.91,0
10373,363.91,S,CHURCH,4.88,0.48,2,2.4,1,1,0,0,363.91,0
10373,363.91,S,CHURCH,4.88,0.48,2,2.4,1,1,0,0,363.91,0
10373,363.91,S,CHURCH,4.88,0.48,2,2.4,1,1,0,0,363.91,0
10374,363.91,S,COMMUNITY,2.96,0,2,0.96,1,1,0,0,363.91,0
10374,363.91,S,COMMUNITY,2.96,0,2,0.96,1,1,0,0,363.91,0
10374,363.91,S,COMMUNITY,2.96,0,2,0.96,1,1,0,0,363.91,0
10378,430.47,S,CHURCH,3.44,0.96,2,0.48,1,1,0,66.56,363.91,0
10378,430.47,S,CHURCH,3.44,0.96,2,0.48,1,1,0,66.56,363.91,0
10378,430.47,S,CHURCH,3.44,0.96,2,0.48,1,1,0,66.56,363.91,0
10378,430.47,S,CHURCH,3.44,0.96,2,0.48,1,1,0,66.56,363.91,0
10383,2804.07,S,OFFICE BLD,54.48,0,54,0.48,27,18,0,0,8412.210000000001,0
10383,2804.07,S,OFFICE BLD,54.48,0,54,0.48,27,18,0,0,8412.210000000001,0
10383,2804.07,S,OFFICE BLD,54.48,0,54,0.48,27,18,0,0,8412.210000000001,0
10383,2804.07,S,OFFICE BLD,54.48,0,54,0.48,27,18,0,0,8412.210000000001,0
10384,363.91,S,CONTRACTOR,2.96,0,2,0.96,1,1,0,0,363.91,0
10384,363.91,S,CONTRACTOR,2.96,0,2,0.96,1,1,0,0,363.91,0
10390,101.24,Y,CHURCH,0.96,0.48,0,0.48,0,0,1,0,0,0
10390,101.24,Y,CHURCH,0.96,0.48,0,0.48,0,0,1,0,0,0
10394,8471.2,Y,MOBILEHOME,119.52,5.279999999999999,0,114.24,0,0,1,0,0,0
10394,8471.2,Y,MOBILEHOME,119.52,5.279999999999999,0,114.24,0,0,1,0,0,0
10394,8471.2,Y,MOBILEHOME,119.52,5.279999999999999,0,114.24,0,0,1,0,0,0
10395,1601.16,Y,LODGING,20.96,0,16,4.96,8,5,0,0,3052.32,75
10395,1601.16,Y,LODGING,20.96,0,16,4.96,8,5,0,0,3052.32,75
10395,1601.16,Y,LODGING,20.96,0,16,4.96,8,5,0,0,3052.32,75
10395,1601.16,Y,LODGING,20.96,0,16,4.96,8,5,0,0,3052.32,75
10400,101.24,Y,OFFICE BLD,0.48,0,0,0.48,0,0,1,0,0,0
10403,1548.35,Y,STRIP MALL,16.48,0,0,16.48,0,0,1,0,0,2289.26
10403,1548.35,Y,STRIP MALL,16.48,0,0,16.48,0,0,1,0,0,2289.26
10403,1548.35,Y,STRIP MALL,16.48,0,0,16.48,0,0,1,0,0,2289.26
10410,103.93,C,LODGING-FW,0.96,0.48,0,0.48,0,0,1,0,0,0
10410,103.93,C,LODGING-FW,0.96,0.48,0,0.48,0,0,1,0,0,0
10411,802.51,C,LODGING,28.32,1.44,0,26.88,0,0,1,0,0,150
10411,802.51,C,LODGING,28.32,1.44,0,26.88,0,0,1,0,0,150
10411,802.51,C,LODGING,28.32,1.44,0,26.88,0,0,1,0,0,150
10411,802.51,C,LODGING,28.32,1.44,0,26.88,0,0,1,0,0,150
10418,101.24,Y,CHURCH,0.96,0.48,0,0.48,0,0,1,0,0,0
10418,101.24,Y,CHURCH,0.96,0.48,0,0.48,0,0,1,0,0,0
10432,1649.14,Y,NRSG HOME,19.360000000000003,1.92,16,1.44,8,5,0,68.84,3160.6,0
10432,1649.14,Y,NRSG HOME,19.360000000000003,1.92,16,1.44,8,5,0,68.84,3160.6,0
10432,1649.14,Y,NRSG HOME,19.360000000000003,1.92,16,1.44,8,5,0,68.84,3160.6,0
10432,1649.14,Y,NRSG HOME,19.360000000000003,1.92,16,1.44,8,5,0,68.84,3160.6,0
10432,1649.14,Y,NRSG HOME,19.360000000000003,1.92,16,1.44,8,5,0,68.84,3160.6,0
10432,1649.14,Y,NRSG HOME,19.360000000000003,1.92,16,1.44,8,5,0,68.84,3160.6,0
10432,1649.14,Y,NRSG HOME,19.360000000000003,1.92,16,1.44,8,5,0,68.84,3160.6,0
10432,1649.14,Y,NRSG HOME,19.360000000000003,1.92,16,1.44,8,5,0,68.84,3160.6,0
10432,1649.14,Y,NRSG HOME,19.360000000000003,1.92,16,1.44,8,5,0,68.84,3160.6,0
10435,890.4,COUNTY,VINEYARD,5.4399999999999995,0,4,1.44,2,1,0,0,890.4,0
10435,890.4,COUNTY,VINEYARD,5.4399999999999995,0,4,1.44,2,1,0,0,890.4,0
10435,890.4,COUNTY,VINEYARD,5.4399999999999995,0,4,1.44,2,1,0,0,890.4,0
10435,890.4,COUNTY,VINEYARD,5.4399999999999995,0,4,1.44,2,1,0,0,890.4,0
10438,1966.06,COUNTY,GROUP HOME,11.44,0,6,5.4399999999999995,3,2,0,0,1298.25,667.81
10438,1966.06,COUNTY,GROUP HOME,11.44,0,6,5.4399999999999995,3,2,0,0,1298.25,667.81
10438,1966.06,COUNTY,GROUP HOME,11.44,0,6,5.4399999999999995,3,2,0,0,1298.25,667.81
10438,1966.06,COUNTY,GROUP HOME,11.44,0,6,5.4399999999999995,3,2,0,0,1298.25,667.81
10438,1966.06,COUNTY,GROUP HOME,11.44,0,6,5.4399999999999995,3,2,0,0,1298.25,667.81
10442,1585.28,COUNTY,INDUSTRIAL,9.44,0,4,5.4399999999999995,2,1,0,0,917.47,667.81
10442,1585.28,COUNTY,INDUSTRIAL,9.44,0,4,5.4399999999999995,2,1,0,0,917.47,667.81
10442,1585.28,COUNTY,INDUSTRIAL,9.44,0,4,5.4399999999999995,2,1,0,0,917.47,667.81
10442,1585.28,COUNTY,INDUSTRIAL,9.44,0,4,5.4399999999999995,2,1,0,0,917.47,667.81
10442,1585.28,COUNTY,INDUSTRIAL,9.44,0,4,5.4399999999999995,2,1,0,0,917.47,667.81
10445,1488.25,COUNTY,WINERY,15.44,0,6,9.44,3,2,0,0,1298.25,150
10445,1488.25,COUNTY,WINERY,15.44,0,6,9.44,3,2,0,0,1298.25,150
10445,1488.25,COUNTY,WINERY,15.44,0,6,9.44,3,2,0,0,1298.25,150
10445,1488.25,COUNTY,WINERY,15.44,0,6,9.44,3,2,0,0,1298.25,150
10453,482.56,COUNTY,MOBILEHOME,3.92,0.48,2,1.44,1,1,0,0,482.56,0
10453,482.56,COUNTY,MOBILEHOME,3.92,0.48,2,1.44,1,1,0,0,482.56,0
10453,482.56,COUNTY,MOBILEHOME,3.92,0.48,2,1.44,1,1,0,0,482.56,0
10453,482.56,COUNTY,MOBILEHOME,3.92,0.48,2,1.44,1,1,0,0,482.56,0
10453,482.56,COUNTY,MOBILEHOME,3.92,0.48,2,1.44,1,1,0,0,482.56,0
10459,482.56,COUNTY,HOSPITAL,2.48,0,2,0.48,1,1,0,0,482.56,0
10459,482.56,COUNTY,HOSPITAL,2.48,0,2,0.48,1,1,0,0,482.56,0
10461,890.4,COUNTY,WINERY,5.92,0.96,4,0.96,2,1,0,0,890.4,0
10461,890.4,COUNTY,WINERY,5.92,0.96,4,0.96,2,1,0,0,890.4,0
10461,890.4,COUNTY,WINERY,5.92,0.96,4,0.96,2,1,0,0,890.4,0
10461,890.4,COUNTY,WINERY,5.92,0.96,4,0.96,2,1,0,0,890.4,0
10461,890.4,COUNTY,WINERY,5.92,0.96,4,0.96,2,1,0,0,890.4,0
10471,965.4,COUNTY,POLICEFIRE,9.440000000000001,0.96,4,4.48,2,1,0,0,890.4,75
10471,965.4,COUNTY,POLICEFIRE,9.440000000000001,0.96,4,4.48,2,1,0,0,890.4,75
10471,965.4,COUNTY,POLICEFIRE,9.440000000000001,0.96,4,4.48,2,1,0,0,890.4,75
10471,965.4,COUNTY,POLICEFIRE,9.440000000000001,0.96,4,4.48,2,1,0,0,890.4,75
10475,965.4,COUNTY,WINERY,10.96,0,4,6.96,2,1,0,0,890.4,75
10475,965.4,COUNTY,WINERY,10.96,0,4,6.96,2,1,0,0,890.4,75
10475,965.4,COUNTY,WINERY,10.96,0,4,6.96,2,1,0,0,890.4,75
10475,965.4,COUNTY,WINERY,10.96,0,4,6.96,2,1,0,0,890.4,75
10480,134.57,COUNTY,SCHOOL,0.96,0.48,0,0.48,0,0,1,0,0,0
10480,134.57,COUNTY,SCHOOL,0.96,0.48,0,0.48,0,0,1,0,0,0
10483,890.4,COUNTY,VINEYARD,5.4399999999999995,0,4,1.44,2,1,0,0,890.4,0
10483,890.4,COUNTY,VINEYARD,5.4399999999999995,0,4,1.44,2,1,0,0,890.4,0
10483,890.4,COUNTY,VINEYARD,5.4399999999999995,0,4,1.44,2,1,0,0,890.4,0
10483,890.4,COUNTY,VINEYARD,5.4399999999999995,0,4,1.44,2,1,0,0,890.4,0
10487,482.56,COUNTY,CHURCH,3.92,0.48,2,1.44,1,1,0,0,482.56,0
10487,482.56,COUNTY,CHURCH,3.92,0.48,2,1.44,1,1,0,0,482.56,0
10487,482.56,COUNTY,CHURCH,3.92,0.48,2,1.44,1,1,0,0,482.56,0
10488,699.2,COUNTY,SCHOOL,3.04,0.48,0,2.56,0,0,1,0,0,0
10488,699.2,COUNTY,SCHOOL,3.04,0.48,0,2.56,0,0,1,0,0,0
10488,699.2,COUNTY,SCHOOL,3.04,0.48,0,2.56,0,0,1,0,0,0
10490,482.56,COUNTY,SCHOOL,6.96,1.44,2,3.52,1,1,1,0,482.56,0
10490,482.56,COUNTY,SCHOOL,6.96,1.44,2,3.52,1,1,1,0,482.56,0
10490,482.56,COUNTY,SCHOOL,6.96,1.44,2,3.52,1,1,1,0,482.56,0
10490,482.56,COUNTY,SCHOOL,6.96,1.44,2,3.52,1,1,1,0,482.56,0
10490,482.56,COUNTY,SCHOOL,6.96,1.44,2,3.52,1,1,1,0,482.56,0
10490,482.56,COUNTY,SCHOOL,6.96,1.44,2,3.52,1,1,1,0,482.56,0
10490,482.56,COUNTY,SCHOOL,6.96,1.44,2,3.52,1,1,1,0,482.56,0
10490,482.56,COUNTY,SCHOOL,6.96,1.44,2,3.52,1,1,1,0,482.56,0
10490,482.56,COUNTY,SCHOOL,6.96,1.44,2,3.52,1,1,1,0,482.56,0
10490,482.56,COUNTY,SCHOOL,6.96,1.44,2,3.52,1,1,1,0,482.56,0
10490,482.56,COUNTY,SCHOOL,6.96,1.44,2,3.52,1,1,1,0,482.56,0
10500,363.91,S,MINI MART,3.44,0,2,1.44,1,1,0,0,363.91,0
10500,363.91,S,MINI MART,3.44,0,2,1.44,1,1,0,0,363.91,0
10503,667.81,COUNTY,VINEYARD,4,0,0,4,0,0,1,0,0,667.81
10507,965.4,COUNTY,WINERY,11.92,0.48,4,7.4399999999999995,2,1,0,0,890.4,75
10507,965.4,COUNTY,WINERY,11.92,0.48,4,7.4399999999999995,2,1,0,0,890.4,75
10507,965.4,COUNTY,WINERY,11.92,0.48,4,7.4399999999999995,2,1,0,0,890.4,75
10507,965.4,COUNTY,WINERY,11.92,0.48,4,7.4399999999999995,2,1,0,0,890.4,75
10510,1447.1,COUNTY,VINEYARD,4,0,4,0,2,1,0,0,1447.1,0
10512,134.57,COUNTY,WINERY,0.96,0.48,0,0.48,0,0,1,0,0,0
10512,134.57,COUNTY,WINERY,0.96,0.48,0,0.48,0,0,1,0,0,0
10516,890.4,COUNTY,VINEYARD,5.4399999999999995,0,4,1.44,2,1,0,0,890.4,0
10516,890.4,COUNTY,VINEYARD,5.4399999999999995,0,4,1.44,2,1,0,0,890.4,0
10516,890.4,COUNTY,VINEYARD,5.4399999999999995,0,4,1.44,2,1,0,0,890.4,0
10516,890.4,COUNTY,VINEYARD,5.4399999999999995,0,4,1.44,2,1,0,0,890.4,0
10519,0,COUNTY,WINERY,10.5,0,3.5,7,2,1,0,0,0,0
10519,0,COUNTY,WINERY,10.5,0,3.5,7,2,1,0,0,0,0
10519,0,COUNTY,WINERY,10.5,0,3.5,7,2,1,0,0,0,0
10521,2440.1,COUNTY,WINERY,21.439999999999998,6,4,11.44,2,1,1,1168.96,1121.14,150
10521,2440.1,COUNTY,WINERY,21.439999999999998,6,4,11.44,2,1,1,1168.96,1121.14,150
10521,2440.1,COUNTY,WINERY,21.439999999999998,6,4,11.44,2,1,1,1168.96,1121.14,150
10521,2440.1,COUNTY,WINERY,21.439999999999998,6,4,11.44,2,1,1,1168.96,1121.14,150
10521,2440.1,COUNTY,WINERY,21.439999999999998,6,4,11.44,2,1,1,1168.96,1121.14,150
10521,2440.1,COUNTY,WINERY,21.439999999999998,6,4,11.44,2,1,1,1168.96,1121.14,150
10521,2440.1,COUNTY,WINERY,21.439999999999998,6,4,11.44,2,1,1,1168.96,1121.14,150
10521,2440.1,COUNTY,WINERY,21.439999999999998,6,4,11.44,2,1,1,1168.96,1121.14,150
10521,2440.1,COUNTY,WINERY,21.439999999999998,6,4,11.44,2,1,1,1168.96,1121.14,150
10522,134.57,COUNTY,POSTOFFICE,0.48,0,0,0.48,0,0,1,0,0,0
10523,1708.21,COUNTY,WINERY,17.439999999999998,0,4,13.44,2,1,0,0,890.4,817.81
10523,1708.21,COUNTY,WINERY,17.439999999999998,0,4,13.44,2,1,0,0,890.4,817.81
10523,1708.21,COUNTY,WINERY,17.439999999999998,0,4,13.44,2,1,0,0,890.4,817.81
10523,1708.21,COUNTY,WINERY,17.439999999999998,0,4,13.44,2,1,0,0,890.4,817.81
10523,1708.21,COUNTY,WINERY,17.439999999999998,0,4,13.44,2,1,0,0,890.4,817.81
10524,1373.25,COUNTY,GROCERY,10,0,6,4,3,2,0,0,1298.25,75
10524,1373.25,COUNTY,GROCERY,10,0,6,4,3,2,0,0,1298.25,75
10525,3579.43,COUNTY,WINERY,10,0,6,4,3,2,0,0,2133.3,1085.33
10525,3579.43,COUNTY,WINERY,10,0,6,4,3,2,0,0,2133.3,1085.33
10531,2532.43,COUNTY,VINEYARD,8,0,4,4,2,1,0,0,1447.1,1085.33
10531,2532.43,COUNTY,VINEYARD,8,0,4,4,2,1,0,0,1447.1,1085.33
10532,2721.53,COUNTY,WINERY,25.439999999999998,4,6,15.44,3,2,1,605.47,1298.25,817.81
10532,2721.53,COUNTY,WINERY,25.439999999999998,4,6,15.44,3,2,1,605.47,1298.25,817.81
10532,2721.53,COUNTY,WINERY,25.439999999999998,4,6,15.44,3,2,1,605.47,1298.25,817.81
10532,2721.53,COUNTY,WINERY,25.439999999999998,4,6,15.44,3,2,1,605.47,1298.25,817.81
10532,2721.53,COUNTY,WINERY,25.439999999999998,4,6,15.44,3,2,1,605.47,1298.25,817.81
10532,2721.53,COUNTY,WINERY,25.439999999999998,4,6,15.44,3,2,1,605.47,1298.25,817.81
10532,2721.53,COUNTY,WINERY,25.439999999999998,4,6,15.44,3,2,1,605.47,1298.25,817.81
10532,2721.53,COUNTY,WINERY,25.439999999999998,4,6,15.44,3,2,1,605.47,1298.25,817.81
10535,890.4,COUNTY,VINEYARD,4.48,0,4,0.48,2,1,0,0,890.4,0
10535,890.4,COUNTY,VINEYARD,4.48,0,4,0.48,2,1,0,0,890.4,0
10550,363.91,S,AUTO,3.44,0,2,1.44,1,1,0,0,363.91,0
10550,363.91,S,AUTO,3.44,0,2,1.44,1,1,0,0,363.91,0
10553,405.39,S,CONTRACTOR,4.32,1.92,0,2.4,0,0,1,66.56,0,73.41
10553,405.39,S,CONTRACTOR,4.32,1.92,0,2.4,0,0,1,66.56,0,73.41
10553,405.39,S,CONTRACTOR,4.32,1.92,0,2.4,0,0,1,66.56,0,73.41
10553,405.39,S,CONTRACTOR,4.32,1.92,0,2.4,0,0,1,66.56,0,73.41
10556,1197.36,S,WINERY,27.92,0,6,21.92,3,2,0,0,973.95,298.40999999999997
10556,1197.36,S,WINERY,27.92,0,6,21.92,3,2,0,0,973.95,298.40999999999997
10556,1197.36,S,WINERY,27.92,0,6,21.92,3,2,0,0,973.95,298.40999999999997
10556,1197.36,S,WINERY,27.92,0,6,21.92,3,2,0,0,973.95,298.40999999999997
10556,1197.36,S,WINERY,27.92,0,6,21.92,3,2,0,0,973.95,298.40999999999997
10556,1197.36,S,WINERY,27.92,0,6,21.92,3,2,0,0,973.95,298.40999999999997
10558,2327.97,Y,GROCERY,91.44,0,36,55.44,18,12,0,0,6758.91,225
10558,2327.97,Y,GROCERY,91.44,0,36,55.44,18,12,0,0,6758.91,225
10558,2327.97,Y,GROCERY,91.44,0,36,55.44,18,12,0,0,6758.91,225
10558,2327.97,Y,GROCERY,91.44,0,36,55.44,18,12,0,0,6758.91,225
10558,2327.97,Y,GROCERY,91.44,0,36,55.44,18,12,0,0,6758.91,225
10558,2327.97,Y,GROCERY,91.44,0,36,55.44,18,12,0,0,6758.91,225
10558,2327.97,Y,GROCERY,91.44,0,36,55.44,18,12,0,0,6758.91,225
10561,1861.82,Y,MULTIFAMIL,29.6,5.279999999999999,16,8.32,8,5,1,206.52,3160.6,75
10561,1861.82,Y,MULTIFAMIL,29.6,5.279999999999999,16,8.32,8,5,1,206.52,3160.6,75
10561,1861.82,Y,MULTIFAMIL,29.6,5.279999999999999,16,8.32,8,5,1,206.52,3160.6,75
10561,1861.82,Y,MULTIFAMIL,29.6,5.279999999999999,16,8.32,8,5,1,206.52,3160.6,75
10561,1861.82,Y,MULTIFAMIL,29.6,5.279999999999999,16,8.32,8,5,1,206.52,3160.6,75
10561,1861.82,Y,MULTIFAMIL,29.6,5.279999999999999,16,8.32,8,5,1,206.52,3160.6,75
10561,1861.82,Y,MULTIFAMIL,29.6,5.279999999999999,16,8.32,8,5,1,206.52,3160.6,75
10561,1861.82,Y,MULTIFAMIL,29.6,5.279999999999999,16,8.32,8,5,1,206.52,3160.6,75
10613,482.56,COUNTY,CONTRACTOR,2,0,2,0,1,1,0,0,482.56,0
10626,438.91,S,HOME IMPRO,18,0,2,16,1,1,0,0,363.91,150
10626,438.91,S,HOME IMPRO,18,0,2,16,1,1,0,0,363.91,150
10626,438.91,S,HOME IMPRO,18,0,2,16,1,1,0,0,363.91,150
10628,515.46,C,MEDICAL,4.4,0.48,2,1.92,1,1,0,0,439.46,76
10628,515.46,C,MEDICAL,4.4,0.48,2,1.92,1,1,0,0,439.46,76
10628,515.46,C,MEDICAL,4.4,0.48,2,1.92,1,1,0,0,439.46,76
10628,515.46,C,MEDICAL,4.4,0.48,2,1.92,1,1,0,0,439.46,76
10628,515.46,C,MEDICAL,4.4,0.48,2,1.92,1,1,0,0,439.46,76
10628,515.46,C,MEDICAL,4.4,0.48,2,1.92,1,1,0,0,439.46,76
10638,413.91,S,OFFICE BLD,3.44,0,2,1.44,1,1,0,0,363.91,0
10638,413.91,S,OFFICE BLD,3.44,0,2,1.44,1,1,0,0,363.91,0
10642,363.91,S,LODGING,2.96,0,2,0.96,1,1,0,0,363.91,0
10642,363.91,S,LODGING,2.96,0,2,0.96,1,1,0,0,363.91,0
10648,1788.94,COUNTY,WINERY,13.44,0,8,5.4399999999999995,4,3,0,0,2242.26,667.81
10648,1788.94,COUNTY,WINERY,13.44,0,8,5.4399999999999995,4,3,0,0,2242.26,667.81
10648,1788.94,COUNTY,WINERY,13.44,0,8,5.4399999999999995,4,3,0,0,2242.26,667.81
10648,1788.94,COUNTY,WINERY,13.44,0,8,5.4399999999999995,4,3,0,0,2242.26,667.81
10648,1788.94,COUNTY,WINERY,13.44,0,8,5.4399999999999995,4,3,0,0,2242.26,667.81
10648,1788.94,COUNTY,WINERY,13.44,0,8,5.4399999999999995,4,3,0,0,2242.26,667.81
10669,233.06,COUNTY,WINERY,0.48,0,0,0.48,0,0,1,0,0,0
10730,1856.1,COUNTY,WINERY,24.96,0,16,8.96,8,5,0,0,3412.2,150
10730,1856.1,COUNTY,WINERY,24.96,0,16,8.96,8,5,0,0,3412.2,150
10730,1856.1,COUNTY,WINERY,24.96,0,16,8.96,8,5,0,0,3412.2,150
10730,1856.1,COUNTY,WINERY,24.96,0,16,8.96,8,5,0,0,3412.2,150
10730,1856.1,COUNTY,WINERY,24.96,0,16,8.96,8,5,0,0,3412.2,150
10730,1856.1,COUNTY,WINERY,24.96,0,16,8.96,8,5,0,0,3412.2,150
10771,1040.4,COUNTY,WINERY,24,0,4,20,2,1,0,0,890.4,225
10771,1040.4,COUNTY,WINERY,24,0,4,20,2,1,0,0,890.4,225
10771,1040.4,COUNTY,WINERY,24,0,4,20,2,1,0,0,890.4,225
10771,1040.4,COUNTY,WINERY,24,0,4,20,2,1,0,0,890.4,225
10778,32.62,S,ENTERTAINM,0.48,0,0,0.48,0,0,1,0,0,0
10791,131.25,COUNTY,WINERY,0.96,0.48,0,0.48,0,0,1,0,0,0
10791,131.25,COUNTY,WINERY,0.96,0.48,0,0.48,0,0,1,0,0,0
10831,503.88,S,OFFICE BLD,4.88,0.96,2,1.92,1,1,0,66.56,363.91,73.41
10831,503.88,S,OFFICE BLD,4.88,0.96,2,1.92,1,1,0,66.56,363.91,73.41
10831,503.88,S,OFFICE BLD,4.88,0.96,2,1.92,1,1,0,66.56,363.91,73.41
10831,503.88,S,OFFICE BLD,4.88,0.96,2,1.92,1,1,0,66.56,363.91,73.41
10831,503.88,S,OFFICE BLD,4.88,0.96,2,1.92,1,1,0,66.56,363.91,73.41
10870,1040.4,COUNTY,WINERY,14,0,4,10,2,1,0,0,890.4,150
10870,1040.4,COUNTY,WINERY,14,0,4,10,2,1,0,0,890.4,150
10870,1040.4,COUNTY,WINERY,14,0,4,10,2,1,0,0,890.4,150
10922,1353.97,S,OFFICE BLD,20.48,0,16,4.48,8,5,0,0,2557.94,75
10922,1353.97,S,OFFICE BLD,20.48,0,16,4.48,8,5,0,0,2557.94,75
10922,1353.97,S,OFFICE BLD,20.48,0,16,4.48,8,5,0,0,2557.94,75
10922,1353.97,S,OFFICE BLD,20.48,0,16,4.48,8,5,0,0,2557.94,75
10924,89.71,COUNTY,HOME IMPRO,0.96,0.48,0,0.48,0,0,1,0,0,0
10924,89.71,COUNTY,HOME IMPRO,0.96,0.48,0,0.48,0,0,1,0,0,0
10929,134.57,COUNTY,WINERY,0.96,0.48,0,0.48,0,0,1,0,0,0
10929,134.57,COUNTY,WINERY,0.96,0.48,0,0.48,0,0,1,0,0,0
10959,813.49,COUNTY,WINERY,14.4,0.48,2,11.92,1,1,0,0,482.56,250.93
10959,813.49,COUNTY,WINERY,14.4,0.48,2,11.92,1,1,0,0,482.56,250.93
10959,813.49,COUNTY,WINERY,14.4,0.48,2,11.92,1,1,0,0,482.56,250.93
10959,813.49,COUNTY,WINERY,14.4,0.48,2,11.92,1,1,0,0,482.56,250.93
10959,813.49,COUNTY,WINERY,14.4,0.48,2,11.92,1,1,0,0,482.56,250.93
10959,813.49,COUNTY,WINERY,14.4,0.48,2,11.92,1,1,0,0,482.56,250.93
10959,813.49,COUNTY,WINERY,14.4,0.48,2,11.92,1,1,0,0,482.56,250.93
10959,813.49,COUNTY,WINERY,14.4,0.48,2,11.92,1,1,0,0,482.56,250.93
10964,743.93,S,UTILITY,8.48,0,4,4.48,2,1,0,0,668.93,75
10964,743.93,S,UTILITY,8.48,0,4,4.48,2,1,0,0,668.93,75
10964,743.93,S,UTILITY,8.48,0,4,4.48,2,1,0,0,668.93,75
11025,202.68,C,MULTIFAMIL,2.4,0.48,0,1.92,0,0,1,0,0,0
11025,202.68,C,MULTIFAMIL,2.4,0.48,0,1.92,0,0,1,0,0,0
11025,202.68,C,MULTIFAMIL,2.4,0.48,0,1.92,0,0,1,0,0,0
11025,202.68,C,MULTIFAMIL,2.4,0.48,0,1.92,0,0,1,0,0,0
11025,202.68,C,MULTIFAMIL,2.4,0.48,0,1.92,0,0,1,0,0,0
11049,2032.03,COUNTY,WINERY,69.92,0,16,53.92,8,5,0,0,3412.2,625.9300000000001
11049,2032.03,COUNTY,WINERY,69.92,0,16,53.92,8,5,0,0,3412.2,625.9300000000001
11049,2032.03,COUNTY,WINERY,69.92,0,16,53.92,8,5,0,0,3412.2,625.9300000000001
11049,2032.03,COUNTY,WINERY,69.92,0,16,53.92,8,5,0,0,3412.2,625.9300000000001
11049,2032.03,COUNTY,WINERY,69.92,0,16,53.92,8,5,0,0,3412.2,625.9300000000001
11049,2032.03,COUNTY,WINERY,69.92,0,16,53.92,8,5,0,0,3412.2,625.9300000000001
11049,2032.03,COUNTY,WINERY,69.92,0,16,53.92,8,5,0,0,3412.2,625.9300000000001
11049,2032.03,COUNTY,WINERY,69.92,0,16,53.92,8,5,0,0,3412.2,625.9300000000001
11049,2032.03,COUNTY,WINERY,69.92,0,16,53.92,8,5,0,0,3412.2,625.9300000000001
11049,2032.03,COUNTY,WINERY,69.92,0,16,53.92,8,5,0,0,3412.2,625.9300000000001
11049,2032.03,COUNTY,WINERY,69.92,0,16,53.92,8,5,0,0,3412.2,625.9300000000001
11086,482.56,COUNTY,VINEYARD,2.96,0.48,2,0.48,1,1,0,0,482.56,0
11086,482.56,COUNTY,VINEYARD,2.96,0.48,2,0.48,1,1,0,0,482.56,0
11086,482.56,COUNTY,VINEYARD,2.96,0.48,2,0.48,1,1,0,0,482.56,0
11110,103.93,C,MEDICAL,0.48,0.48,0,0,0,0,1,0,0,0
11132,168.9,C,MULTIFAMIL,4.8,2.4,0,2.4,0,0,1,0,0,0
11132,168.9,C,MULTIFAMIL,4.8,2.4,0,2.4,0,0,1,0,0,0
11132,168.9,C,MULTIFAMIL,4.8,2.4,0,2.4,0,0,1,0,0,0
11132,168.9,C,MULTIFAMIL,4.8,2.4,0,2.4,0,0,1,0,0,0
11132,168.9,C,MULTIFAMIL,4.8,2.4,0,2.4,0,0,1,0,0,0
11132,168.9,C,MULTIFAMIL,4.8,2.4,0,2.4,0,0,1,0,0,0
11132,168.9,C,MULTIFAMIL,4.8,2.4,0,2.4,0,0,1,0,0,0
11132,168.9,C,MULTIFAMIL,4.8,2.4,0,2.4,0,0,1,0,0,0
11132,168.9,C,MULTIFAMIL,4.8,2.4,0,2.4,0,0,1,0,0,0
11132,168.9,C,MULTIFAMIL,4.8,2.4,0,2.4,0,0,1,0,0,0
11147,7995.2,C,MOBILEHOME,183.36,91.2,0,92.16,0,0,1,0,0,159.5
11147,7995.2,C,MOBILEHOME,183.36,91.2,0,92.16,0,0,1,0,0,159.5
11147,7995.2,C,MOBILEHOME,183.36,91.2,0,92.16,0,0,1,0,0,159.5
11147,7995.2,C,MOBILEHOME,183.36,91.2,0,92.16,0,0,1,0,0,159.5
11162,1723.97,COUNTY,WINERY,14.4,0,8,6.4,4,3,0,0,2894.22,175.93
11162,1723.97,COUNTY,WINERY,14.4,0,8,6.4,4,3,0,0,2894.22,175.93
11162,1723.97,COUNTY,WINERY,14.4,0,8,6.4,4,3,0,0,2894.22,175.93
11162,1723.97,COUNTY,WINERY,14.4,0,8,6.4,4,3,0,0,2894.22,175.93
11162,1723.97,COUNTY,WINERY,14.4,0,8,6.4,4,3,0,0,2894.22,175.93
11162,1723.97,COUNTY,WINERY,14.4,0,8,6.4,4,3,0,0,2894.22,175.93
11162,1723.97,COUNTY,WINERY,14.4,0,8,6.4,4,3,0,0,2894.22,175.93
11174,890.4,COUNTY,WINERY,5.92,0.48,4,1.44,2,1,0,0,890.4,0
11174,890.4,COUNTY,WINERY,5.92,0.48,4,1.44,2,1,0,0,890.4,0
11174,890.4,COUNTY,WINERY,5.92,0.48,4,1.44,2,1,0,0,890.4,0
11224,103.92,C,MULTIFAMIL,1.92,0.48,0,1.44,0,0,1,0,0,0
11224,103.92,C,MULTIFAMIL,1.92,0.48,0,1.44,0,0,1,0,0,0
11224,103.92,C,MULTIFAMIL,1.92,0.48,0,1.44,0,0,1,0,0,0
11224,103.92,C,MULTIFAMIL,1.92,0.48,0,1.44,0,0,1,0,0,0
11255,1048.95,S,SCHOOL,10.48,0.48,6,4,3,2,0,0,973.95,75
11255,1048.95,S,SCHOOL,10.48,0.48,6,4,3,2,0,0,973.95,75
11255,1048.95,S,SCHOOL,10.48,0.48,6,4,3,2,0,0,973.95,75
11256,146.82,S,SCHOOL,3.84,1.44,0,2.4,0,0,1,0,0,73.41
11256,146.82,S,SCHOOL,3.84,1.44,0,2.4,0,0,1,0,0,73.41
11256,146.82,S,SCHOOL,3.84,1.44,0,2.4,0,0,1,0,0,73.41
11256,146.82,S,SCHOOL,3.84,1.44,0,2.4,0,0,1,0,0,73.41
11256,146.82,S,SCHOOL,3.84,1.44,0,2.4,0,0,1,0,0,73.41
11282,97.87,S,COMMUNITY,0.96,0.48,0,0.48,0,0,1,0,0,0
11282,97.87,S,COMMUNITY,0.96,0.48,0,0.48,0,0,1,0,0,0
11302,1481.22,S,WINERY,19.92,6.48,4,9.44,2,1,1,662.29,668.93,150
11302,1481.22,S,WINERY,19.92,6.48,4,9.44,2,1,1,662.29,668.93,150
11302,1481.22,S,WINERY,19.92,6.48,4,9.44,2,1,1,662.29,668.93,150
11302,1481.22,S,WINERY,19.92,6.48,4,9.44,2,1,1,662.29,668.93,150
11302,1481.22,S,WINERY,19.92,6.48,4,9.44,2,1,1,662.29,668.93,150
11302,1481.22,S,WINERY,19.92,6.48,4,9.44,2,1,1,662.29,668.93,150
11309,3698.56,COUNTY,WINERY,38,0,4,34,2,1,0,0,1252.72,2470.84
11309,3698.56,COUNTY,WINERY,38,0,4,34,2,1,0,0,1252.72,2470.84
11309,3698.56,COUNTY,WINERY,38,0,4,34,2,1,0,0,1252.72,2470.84
11309,3698.56,COUNTY,WINERY,38,0,4,34,2,1,0,0,1252.72,2470.84
11309,3698.56,COUNTY,WINERY,38,0,4,34,2,1,0,0,1252.72,2470.84
11342,435.94,Y,BAR NO FW,2,0,2,0,1,1,0,0,435.94,0
11349,365.88,COUNTY,PARK,0.96,0,0,0.96,0,0,1,0,0,0
11349,365.88,COUNTY,PARK,0.96,0,0,0.96,0,0,1,0,0,0
11370,2266.06,COUNTY,WINERY,67.92,0.48,6,61.44,3,2,0,0,1298.25,1267.81
11370,2266.06,COUNTY,WINERY,67.92,0.48,6,61.44,3,2,0,0,1298.25,1267.81
11370,2266.06,COUNTY,WINERY,67.92,0.48,6,61.44,3,2,0,0,1298.25,1267.81
11370,2266.06,COUNTY,WINERY,67.92,0.48,6,61.44,3,2,0,0,1298.25,1267.81
11370,2266.06,COUNTY,WINERY,67.92,0.48,6,61.44,3,2,0,0,1298.25,1267.81
11370,2266.06,COUNTY,WINERY,67.92,0.48,6,61.44,3,2,0,0,1298.25,1267.81
11370,2266.06,COUNTY,WINERY,67.92,0.48,6,61.44,3,2,0,0,1298.25,1267.81
11370,2266.06,COUNTY,WINERY,67.92,0.48,6,61.44,3,2,0,0,1298.25,1267.81
11370,2266.06,COUNTY,WINERY,67.92,0.48,6,61.44,3,2,0,0,1298.25,1267.81
11370,2266.06,COUNTY,WINERY,67.92,0.48,6,61.44,3,2,0,0,1298.25,1267.81
11370,2266.06,COUNTY,WINERY,67.92,0.48,6,61.44,3,2,0,0,1298.25,1267.81
11370,2266.06,COUNTY,WINERY,67.92,0.48,6,61.44,3,2,0,0,1298.25,1267.81
11402,2139.51,C,LODGING-FW,37.68,0.96,6,30.72,3,2,0,0,1188.51,454
11402,2139.51,C,LODGING-FW,37.68,0.96,6,30.72,3,2,0,0,1188.51,454
11402,2139.51,C,LODGING-FW,37.68,0.96,6,30.72,3,2,0,0,1188.51,454
11402,2139.51,C,LODGING-FW,37.68,0.96,6,30.72,3,2,0,0,1188.51,454
11402,2139.51,C,LODGING-FW,37.68,0.96,6,30.72,3,2,0,0,1188.51,454
11402,2139.51,C,LODGING-FW,37.68,0.96,6,30.72,3,2,0,0,1188.51,454
11402,2139.51,C,LODGING-FW,37.68,0.96,6,30.72,3,2,0,0,1188.51,454
11402,2139.51,C,LODGING-FW,37.68,0.96,6,30.72,3,2,0,0,1188.51,454
11402,2139.51,C,LODGING-FW,37.68,0.96,6,30.72,3,2,0,0,1188.51,454
11436,892.19,S,WINERY,8.4,4.48,2,1.92,1,1,1,454.87,363.91,73.41
11436,892.19,S,WINERY,8.4,4.48,2,1.92,1,1,1,454.87,363.91,73.41
11436,892.19,S,WINERY,8.4,4.48,2,1.92,1,1,1,454.87,363.91,73.41
11436,892.19,S,WINERY,8.4,4.48,2,1.92,1,1,1,454.87,363.91,73.41
11436,892.19,S,WINERY,8.4,4.48,2,1.92,1,1,1,454.87,363.91,73.41
11451,862.31,C,MULTIFAMIL,5.92,0.96,4,0.96,2,1,0,68.91,793.4,0
11451,862.31,C,MULTIFAMIL,5.92,0.96,4,0.96,2,1,0,68.91,793.4,0
11451,862.31,C,MULTIFAMIL,5.92,0.96,4,0.96,2,1,0,68.91,793.4,0
11451,862.31,C,MULTIFAMIL,5.92,0.96,4,0.96,2,1,0,68.91,793.4,0
11451,862.31,C,MULTIFAMIL,5.92,0.96,4,0.96,2,1,0,68.91,793.4,0
11457,363.91,S,RETAIL,2.96,0,2,0.96,1,1,0,0,363.91,0
11457,363.91,S,RETAIL,2.96,0,2,0.96,1,1,0,0,363.91,0
11474,32.62,S,COMMUNITY,0.48,0,0,0.48,0,0,1,0,0,0
11483,3450.26,COUNTY,WINERY,40.96,0,16,24.96,8,5,0,0,4335.14,1215.85
11483,3450.26,COUNTY,WINERY,40.96,0,16,24.96,8,5,0,0,4335.14,1215.85
11483,3450.26,COUNTY,WINERY,40.96,0,16,24.96,8,5,0,0,4335.14,1215.85
11483,3450.26,COUNTY,WINERY,40.96,0,16,24.96,8,5,0,0,4335.14,1215.85
11483,3450.26,COUNTY,WINERY,40.96,0,16,24.96,8,5,0,0,4335.14,1215.85
11483,3450.26,COUNTY,WINERY,40.96,0,16,24.96,8,5,0,0,4335.14,1215.85
11483,3450.26,COUNTY,WINERY,40.96,0,16,24.96,8,5,0,0,4335.14,1215.85
11483,3450.26,COUNTY,WINERY,40.96,0,16,24.96,8,5,0,0,4335.14,1215.85
11512,163.1,S,MULTIFAMIL,1.44,0.48,0,0.96,0,0,1,0,0,0
11512,163.1,S,MULTIFAMIL,1.44,0.48,0,0.96,0,0,1,0,0,0
11513,965.4,COUNTY,WINERY,11.92,0.48,4,7.4399999999999995,2,1,0,0,890.4,75
11513,965.4,COUNTY,WINERY,11.92,0.48,4,7.4399999999999995,2,1,0,0,890.4,75
11513,965.4,COUNTY,WINERY,11.92,0.48,4,7.4399999999999995,2,1,0,0,890.4,75
11513,965.4,COUNTY,WINERY,11.92,0.48,4,7.4399999999999995,2,1,0,0,890.4,75
11513,965.4,COUNTY,WINERY,11.92,0.48,4,7.4399999999999995,2,1,0,0,890.4,75
11513,965.4,COUNTY,WINERY,11.92,0.48,4,7.4399999999999995,2,1,0,0,890.4,75
11522,540.19,COUNTY,WINERY,3.44,0,2,1.44,1,1,0,0,540.19,0
11522,540.19,COUNTY,WINERY,3.44,0,2,1.44,1,1,0,0,540.19,0
11522,540.19,COUNTY,WINERY,3.44,0,2,1.44,1,1,0,0,540.19,0
11522,540.19,COUNTY,WINERY,3.44,0,2,1.44,1,1,0,0,540.19,0
11529,363.91,S,WINERY,3.44,0,2,1.44,1,1,0,0,363.91,0
11529,363.91,S,WINERY,3.44,0,2,1.44,1,1,0,0,363.91,0
11529,363.91,S,WINERY,3.44,0,2,1.44,1,1,0,0,363.91,0
11529,363.91,S,WINERY,3.44,0,2,1.44,1,1,0,0,363.91,0
11536,293.71,COUNTY,WINERY,5.4399999999999995,0,0,5.4399999999999995,0,0,1,0,0,75
11536,293.71,COUNTY,WINERY,5.4399999999999995,0,0,5.4399999999999995,0,0,1,0,0,75
11554,2671.79,COUNTY,RESTAURANT,86.8,3.36,24,59.44,12,8,0,0,5043.58,300
11554,2671.79,COUNTY,RESTAURANT,86.8,3.36,24,59.44,12,8,0,0,5043.58,300
11554,2671.79,COUNTY,RESTAURANT,86.8,3.36,24,59.44,12,8,0,0,5043.58,300
11554,2671.79,COUNTY,RESTAURANT,86.8,3.36,24,59.44,12,8,0,0,5043.58,300
11554,2671.79,COUNTY,RESTAURANT,86.8,3.36,24,59.44,12,8,0,0,5043.58,300
11554,2671.79,COUNTY,RESTAURANT,86.8,3.36,24,59.44,12,8,0,0,5043.58,300
11554,2671.79,COUNTY,RESTAURANT,86.8,3.36,24,59.44,12,8,0,0,5043.58,300
11554,2671.79,COUNTY,RESTAURANT,86.8,3.36,24,59.44,12,8,0,0,5043.58,300
11554,2671.79,COUNTY,RESTAURANT,86.8,3.36,24,59.44,12,8,0,0,5043.58,300
11554,2671.79,COUNTY,RESTAURANT,86.8,3.36,24,59.44,12,8,0,0,5043.58,300
11563,33.75,Y,HOA,0.48,0,0,0.48,0,0,1,0,0,0
11565,363.91,S,LANDSCAPER,2,0,2,0,1,1,0,0,363.91,0
11567,0,COUNTY,WINERY,8.44,0,3.5,4.9399999999999995,2,1,0,0,0,0
11567,0,COUNTY,WINERY,8.44,0,3.5,4.9399999999999995,2,1,0,0,0,0
11567,0,COUNTY,WINERY,8.44,0,3.5,4.9399999999999995,2,1,0,0,0,0
11570,269.13,COUNTY,WINERY,1.92,0.48,0,1.44,0,0,1,0,0,0
11570,269.13,COUNTY,WINERY,1.92,0.48,0,1.44,0,0,1,0,0,0
11570,269.13,COUNTY,WINERY,1.92,0.48,0,1.44,0,0,1,0,0,0
11570,269.13,COUNTY,WINERY,1.92,0.48,0,1.44,0,0,1,0,0,0
11607,284.84,Y,FOURPLEX,1.44,0.48,0,0.96,0,0,1,0,0,0
11607,284.84,Y,FOURPLEX,1.44,0.48,0,0.96,0,0,1,0,0,0
11607,284.84,Y,FOURPLEX,1.44,0.48,0,0.96,0,0,1,0,0,0
11643,617.13,COUNTY,OFFICE BLD,2.96,0.48,2,0.48,1,1,0,0,482.56,0
11643,617.13,COUNTY,OFFICE BLD,2.96,0.48,2,0.48,1,1,0,0,482.56,0
11643,617.13,COUNTY,OFFICE BLD,2.96,0.48,2,0.48,1,1,0,0,482.56,0
11664,2116.06,COUNTY,WINERY,50,0,6,44,3,2,0,0,1298.25,967.81
11664,2116.06,COUNTY,WINERY,50,0,6,44,3,2,0,0,1298.25,967.81
11664,2116.06,COUNTY,WINERY,50,0,6,44,3,2,0,0,1298.25,967.81
11664,2116.06,COUNTY,WINERY,50,0,6,44,3,2,0,0,1298.25,967.81
11664,2116.06,COUNTY,WINERY,50,0,6,44,3,2,0,0,1298.25,967.81
11664,2116.06,COUNTY,WINERY,50,0,6,44,3,2,0,0,1298.25,967.81
11689,32.62,S,OFFICE BLD,0.48,0,0,0.48,0,0,1,0,0,0
11723,1040.4,COUNTY,WINERY,12,0,4,8,2,1,0,0,890.4,150
11723,1040.4,COUNTY,WINERY,12,0,4,8,2,1,0,0,890.4,150
11723,1040.4,COUNTY,WINERY,12,0,4,8,2,1,0,0,890.4,150
11728,134.57,COUNTY,OFFICE BLD,0.48,0,0,0.48,0,0,1,0,0,0
11731,130.5,S,RETAIL,0.48,0,0,0.48,0,0,1,0,0,0
11739,1121.14,COUNTY,VINEYARD,4,0,4,0,2,1,0,0,1121.14,0
11750,195.74,S,CHURCH,1.92,0.96,0,0.96,0,0,1,0,0,0
11750,195.74,S,CHURCH,1.92,0.96,0,0.96,0,0,1,0,0,0
11760,4606.93,C,LODGING,72,0,18,54,9,6,0,0,1188.51,1041.4
11760,4606.93,C,LODGING,72,0,18,54,9,6,0,0,1188.51,1041.4
11760,4606.93,C,LODGING,72,0,18,54,9,6,0,0,1188.51,1041.4
11760,4606.93,C,LODGING,72,0,18,54,9,6,0,0,1188.51,1041.4
11766,3884.06,C,RESTAURANT,88,0,36,52,18,12,0,0,10117.17,2569.6
11766,3884.06,C,RESTAURANT,88,0,36,52,18,12,0,0,10117.17,2569.6
11766,3884.06,C,RESTAURANT,88,0,36,52,18,12,0,0,10117.17,2569.6
11766,3884.06,C,RESTAURANT,88,0,36,52,18,12,0,0,10117.17,2569.6
11766,3884.06,C,RESTAURANT,88,0,36,52,18,12,0,0,10117.17,2569.6
11766,3884.06,C,RESTAURANT,88,0,36,52,18,12,0,0,10117.17,2569.6
11766,3884.06,C,RESTAURANT,88,0,36,52,18,12,0,0,10117.17,2569.6
11766,3884.06,C,RESTAURANT,88,0,36,52,18,12,0,0,10117.17,2569.6
11788,1158.56,C,MULTIFAMIL,7.92,0.48,6,1.44,3,2,0,0,1158.56,0
11788,1158.56,C,MULTIFAMIL,7.92,0.48,6,1.44,3,2,0,0,1158.56,0
11788,1158.56,C,MULTIFAMIL,7.92,0.48,6,1.44,3,2,0,0,1158.56,0
11788,1158.56,C,MULTIFAMIL,7.92,0.48,6,1.44,3,2,0,0,1158.56,0
11788,1158.56,C,MULTIFAMIL,7.92,0.48,6,1.44,3,2,0,0,1158.56,0
11806,793.4,C,MULTIFAMIL,4,0,4,0,2,1,0,0,793.4,0
11807,557.56,COUNTY,WINERY,6.96,0,2,4.96,1,1,0,0,482.56,75
11807,557.56,COUNTY,WINERY,6.96,0,2,4.96,1,1,0,0,482.56,75
11807,557.56,COUNTY,WINERY,6.96,0,2,4.96,1,1,0,0,482.56,75
11808,97.87,S,OFFICE BLD,0.48,0,0,0.48,0,0,1,0,0,0
11841,1522.1,COUNTY,WINERY,4,0,4,0,2,1,0,0,1447.1,0
11850,195.74,S,CHURCH,0.96,0.48,0,0.48,0,0,1,0,0,0
11850,195.74,S,CHURCH,0.96,0.48,0,0.48,0,0,1,0,0,0
11852,32.62,S,MULTIFAMIL,0.96,0.48,0,0.48,0,0,1,0,0,0
11852,32.62,S,MULTIFAMIL,0.96,0.48,0,0.48,0,0,1,0,0,0
11861,1150.37,COUNTY,WINERY,6.48,0.48,2,4,1,1,0,0,482.56,667.81
11861,1150.37,COUNTY,WINERY,6.48,0.48,2,4,1,1,0,0,482.56,667.81
11861,1150.37,COUNTY,WINERY,6.48,0.48,2,4,1,1,0,0,482.56,667.81
11870,97.87,S,WINERY,0.48,0,0,0.48,0,0,1,0,0,0
11890,97.87,S,RETAIL,0.48,0,0,0.48,0,0,1,0,0,0
11911,318.1,S,RESTAURANT,1.92,0,0,1.92,0,0,1,0,0,220.23
11911,318.1,S,RESTAURANT,1.92,0,0,1.92,0,0,1,0,0,220.23
11911,318.1,S,RESTAURANT,1.92,0,0,1.92,0,0,1,0,0,220.23
11911,318.1,S,RESTAURANT,1.92,0,0,1.92,0,0,1,0,0,220.23
11920,2596.5,COUNTY,MEDICAL,15.84,0,12,3.84,6,4,0,0,2596.5,0
11920,2596.5,COUNTY,MEDICAL,15.84,0,12,3.84,6,4,0,0,2596.5,0
11920,2596.5,COUNTY,MEDICAL,15.84,0,12,3.84,6,4,0,0,2596.5,0
11920,2596.5,COUNTY,MEDICAL,15.84,0,12,3.84,6,4,0,0,2596.5,0
11920,2596.5,COUNTY,MEDICAL,15.84,0,12,3.84,6,4,0,0,2596.5,0
11920,2596.5,COUNTY,MEDICAL,15.84,0,12,3.84,6,4,0,0,2596.5,0
11920,2596.5,COUNTY,MEDICAL,15.84,0,12,3.84,6,4,0,0,2596.5,0
11920,2596.5,COUNTY,MEDICAL,15.84,0,12,3.84,6,4,0,0,2596.5,0
11920,2596.5,COUNTY,MEDICAL,15.84,0,12,3.84,6,4,0,0,2596.5,0
11920,2596.5,COUNTY,MEDICAL,15.84,0,12,3.84,6,4,0,0,2596.5,0
11956,65.25,S,RETAIL,0.48,0,0,0.48,0,0,1,0,0,0
11972,2348.22,Y,HOA,12,0,8,4,4,3,0,0,1598.7,751.37
11972,2348.22,Y,HOA,12,0,8,4,4,3,0,0,1598.7,751.37
11972,2348.22,Y,HOA,12,0,8,4,4,3,0,0,1598.7,751.37
11994,506.7,C,MULTIFAMIL,2.4,0.48,0,1.92,0,0,1,0,0,0
11994,506.7,C,MULTIFAMIL,2.4,0.48,0,1.92,0,0,1,0,0,0
11994,506.7,C,MULTIFAMIL,2.4,0.48,0,1.92,0,0,1,0,0,0
11994,506.7,C,MULTIFAMIL,2.4,0.48,0,1.92,0,0,1,0,0,0
12074,103.93,C,UTILITY,0.96,0.48,0,0.48,0,0,1,0,0,0
12074,103.93,C,UTILITY,0.96,0.48,0,0.48,0,0,1,0,0,0
12099,97.87,S,DELI/CAFE,0.48,0,0,0.48,0,0,1,0,0,0
12171,743.93,S,CATERING,101.44,0,4,97.44,2,1,0,0,668.93,300
12171,743.93,S,CATERING,101.44,0,4,97.44,2,1,0,0,668.93,300
12171,743.93,S,CATERING,101.44,0,4,97.44,2,1,0,0,668.93,300
12171,743.93,S,CATERING,101.44,0,4,97.44,2,1,0,0,668.93,300
12171,743.93,S,CATERING,101.44,0,4,97.44,2,1,0,0,668.93,300
12171,743.93,S,CATERING,101.44,0,4,97.44,2,1,0,0,668.93,300
12171,743.93,S,CATERING,101.44,0,4,97.44,2,1,0,0,668.93,300
12171,743.93,S,CATERING,101.44,0,4,97.44,2,1,0,0,668.93,300
12188,2011.34,COUNTY,MEMBER,8.96,0,8,0.96,4,3,0,0,2011.34,0
12188,2011.34,COUNTY,MEMBER,8.96,0,8,0.96,4,3,0,0,2011.34,0
12188,2011.34,COUNTY,MEMBER,8.96,0,8,0.96,4,3,0,0,2011.34,0
12188,2011.34,COUNTY,MEMBER,8.96,0,8,0.96,4,3,0,0,2011.34,0
12227,3129.38,COUNTY,WINERY,24,4,16,4,8,5,0,605.47,3412.2,667.81
12227,3129.38,COUNTY,WINERY,24,4,16,4,8,5,0,605.47,3412.2,667.81
12227,3129.38,COUNTY,WINERY,24,4,16,4,8,5,0,605.47,3412.2,667.81
12227,3129.38,COUNTY,WINERY,24,4,16,4,8,5,0,605.47,3412.2,667.81
12270,605.47,COUNTY,WINERY,5.4399999999999995,4,0,1.44,0,0,1,605.47,0,0
12270,605.47,COUNTY,WINERY,5.4399999999999995,4,0,1.44,0,0,1,605.47,0,0
12276,134.57,COUNTY,VINEYARD,0.48,0,0,0.48,0,0,1,0,0,0
12317,1532.6,C,MULTIFAMIL,8,0,4,4,2,1,0,0,822.1,610.5
12317,1532.6,C,MULTIFAMIL,8,0,4,4,2,1,0,0,822.1,610.5
12347,482.56,COUNTY,VINEYARD,2.96,0.48,2,0.48,1,1,0,0,482.56,0
12347,482.56,COUNTY,VINEYARD,2.96,0.48,2,0.48,1,1,0,0,482.56,0
12347,482.56,COUNTY,VINEYARD,2.96,0.48,2,0.48,1,1,0,0,482.56,0
12359,1460.92,S,WINERY,12,0,0,12,0,0,1,0,0,1460.92
12359,1460.92,S,WINERY,12,0,0,12,0,0,1,0,0,1460.92
12379,34.64,C,RETAIL,0.48,0,0,0.48,0,0,1,0,0,0
12383,33.75,Y,WINERY,0.48,0,0,0.48,0,0,1,0,0,0
12413,417.56,S,WINERY,6.4,0.48,0,5.92,0,0,1,0,0,148.41
12413,417.56,S,WINERY,6.4,0.48,0,5.92,0,0,1,0,0,148.41
12413,417.56,S,WINERY,6.4,0.48,0,5.92,0,0,1,0,0,148.41
12413,417.56,S,WINERY,6.4,0.48,0,5.92,0,0,1,0,0,148.41
12415,2271.94,COUNTY,WINERY,12,0,6,6,3,2,0,0,1298.25,973.69
12415,2271.94,COUNTY,WINERY,12,0,6,6,3,2,0,0,1298.25,973.69
12446,134.57,COUNTY,WINERY,0.96,0.48,0,0.48,0,0,1,0,0,0
12446,134.57,COUNTY,WINERY,0.96,0.48,0,0.48,0,0,1,0,0,0
12469,1558.21,COUNTY,WINERY,8,0,4,4,2,1,0,0,890.4,667.81
12469,1558.21,COUNTY,WINERY,8,0,4,4,2,1,0,0,890.4,667.81
12470,482.56,COUNTY,POLICEFIRE,2.96,0,2,0.96,1,1,0,0,482.56,0
12470,482.56,COUNTY,POLICEFIRE,2.96,0,2,0.96,1,1,0,0,482.56,0
12522,44.86,COUNTY,CONTRACTOR,0.48,0,0,0.48,0,0,1,0,0,0
12731,34.64,C,OFFICE BLD,0.48,0,0,0.48,0,0,1,0,0,0
12740,67.49,Y,OFFICE BLD,0.96,0.48,0,0.48,0,0,1,0,0,0
12740,67.49,Y,OFFICE BLD,0.96,0.48,0,0.48,0,0,1,0,0,0
12752,89.71,COUNTY,COMMUNITY,0.96,0.48,0,0.48,0,0,1,0,0,0
12752,89.71,COUNTY,COMMUNITY,0.96,0.48,0,0.48,0,0,1,0,0,0
12848,134.57,COUNTY,WINERY,1.44,0.48,0,0.96,0,0,1,0,0,0
12848,134.57,COUNTY,WINERY,1.44,0.48,0,0.96,0,0,1,0,0,0
12917,810.72,C,MULTIFAMIL,3.84,1.44,0,2.4,0,0,1,0,0,0
12917,810.72,C,MULTIFAMIL,3.84,1.44,0,2.4,0,0,1,0,0,0
12917,810.72,C,MULTIFAMIL,3.84,1.44,0,2.4,0,0,1,0,0,0
12917,810.72,C,MULTIFAMIL,3.84,1.44,0,2.4,0,0,1,0,0,0
12929,3553.81,Y,LODGING-FW,56,0,36,20,18,12,0,0,7002.539999999999,2364.26
12929,3553.81,Y,LODGING-FW,56,0,36,20,18,12,0,0,7002.539999999999,2364.26
12929,3553.81,Y,LODGING-FW,56,0,36,20,18,12,0,0,7002.539999999999,2364.26
12929,3553.81,Y,LODGING-FW,56,0,36,20,18,12,0,0,7002.539999999999,2364.26
12929,3553.81,Y,LODGING-FW,56,0,36,20,18,12,0,0,7002.539999999999,2364.26
12929,3553.81,Y,LODGING-FW,56,0,36,20,18,12,0,0,7002.539999999999,2364.26
13041,166.73,S,OFFICE BLD,1.92,0.48,0,1.44,0,0,1,0,0,73.41
13041,166.73,S,OFFICE BLD,1.92,0.48,0,1.44,0,0,1,0,0,73.41
13041,166.73,S,OFFICE BLD,1.92,0.48,0,1.44,0,0,1,0,0,73.41
13066,44.86,COUNTY,OFFICE BLD,0.96,0.48,0,0.48,0,0,1,0,0,0
13066,44.86,COUNTY,OFFICE BLD,0.96,0.48,0,0.48,0,0,1,0,0,0
13130,269.14,COUNTY,MULTIFAMIL,0.96,0,0,0.96,0,0,1,0,0,0
13130,269.14,COUNTY,MULTIFAMIL,0.96,0,0,0.96,0,0,1,0,0,0
13143,147.96,S,VINEYARD,0.96,0,0,0.96,0,0,1,0,0,100.93
13143,147.96,S,VINEYARD,0.96,0,0,0.96,0,0,1,0,0,100.93
13144,735.49,S,LODGING,10.4,0.96,8,1.44,4,3,0,66.56,1337.86,0
13144,735.49,S,LODGING,10.4,0.96,8,1.44,4,3,0,66.56,1337.86,0
13144,735.49,S,LODGING,10.4,0.96,8,1.44,4,3,0,66.56,1337.86,0
13144,735.49,S,LODGING,10.4,0.96,8,1.44,4,3,0,66.56,1337.86,0
13144,735.49,S,LODGING,10.4,0.96,8,1.44,4,3,0,66.56,1337.86,0
13145,3983.89,S,RESTAURANT,93.76,0,16,77.76,8,5,0,0,3662.88,4548.69
13145,3983.89,S,RESTAURANT,93.76,0,16,77.76,8,5,0,0,3662.88,4548.69
13145,3983.89,S,RESTAURANT,93.76,0,16,77.76,8,5,0,0,3662.88,4548.69
13145,3983.89,S,RESTAURANT,93.76,0,16,77.76,8,5,0,0,3662.88,4548.69
13145,3983.89,S,RESTAURANT,93.76,0,16,77.76,8,5,0,0,3662.88,4548.69
13145,3983.89,S,RESTAURANT,93.76,0,16,77.76,8,5,0,0,3662.88,4548.69
13145,3983.89,S,RESTAURANT,93.76,0,16,77.76,8,5,0,0,3662.88,4548.69
13145,3983.89,S,RESTAURANT,93.76,0,16,77.76,8,5,0,0,3662.88,4548.69
13145,3983.89,S,RESTAURANT,93.76,0,16,77.76,8,5,0,0,3662.88,4548.69
13145,3983.89,S,RESTAURANT,93.76,0,16,77.76,8,5,0,0,3662.88,4548.69
13340,134.57,COUNTY,CONTRACTOR,0.48,0,0,0.48,0,0,1,0,0,0
13431,4095.03,COUNTY,WINERY,34,0,12,22,6,4,0,0,2769.3900000000003,1253.36
13431,4095.03,COUNTY,WINERY,34,0,12,22,6,4,0,0,2769.3900000000003,1253.36
13431,4095.03,COUNTY,WINERY,34,0,12,22,6,4,0,0,2769.3900000000003,1253.36
13431,4095.03,COUNTY,WINERY,34,0,12,22,6,4,0,0,2769.3900000000003,1253.36
13431,4095.03,COUNTY,WINERY,34,0,12,22,6,4,0,0,2769.3900000000003,1253.36
13452,1966.06,COUNTY,PARK,10,0,6,4,3,2,0,0,1298.25,667.81
13452,1966.06,COUNTY,PARK,10,0,6,4,3,2,0,0,1298.25,667.81
13457,303.72,Y,OFFICE BLD,1.92,0.48,0,1.44,0,0,1,0,0,0
13457,303.72,Y,OFFICE BLD,1.92,0.48,0,1.44,0,0,1,0,0,0
13457,303.72,Y,OFFICE BLD,1.92,0.48,0,1.44,0,0,1,0,0,0
13457,303.72,Y,OFFICE BLD,1.92,0.48,0,1.44,0,0,1,0,0,0
13557,6836.26,Y,RESTAURANT,208,0,80,128,40,27,0,0,15698.14,300
13557,6836.26,Y,RESTAURANT,208,0,80,128,40,27,0,0,15698.14,300
13557,6836.26,Y,RESTAURANT,208,0,80,128,40,27,0,0,15698.14,300
13557,6836.26,Y,RESTAURANT,208,0,80,128,40,27,0,0,15698.14,300
13557,6836.26,Y,RESTAURANT,208,0,80,128,40,27,0,0,15698.14,300
13557,6836.26,Y,RESTAURANT,208,0,80,128,40,27,0,0,15698.14,300
13557,6836.26,Y,RESTAURANT,208,0,80,128,40,27,0,0,15698.14,300
13557,6836.26,Y,RESTAURANT,208,0,80,128,40,27,0,0,15698.14,300
13557,6836.26,Y,RESTAURANT,208,0,80,128,40,27,0,0,15698.14,300
13557,6836.26,Y,RESTAURANT,208,0,80,128,40,27,0,0,15698.14,300
13557,6836.26,Y,RESTAURANT,208,0,80,128,40,27,0,0,15698.14,300
13557,6836.26,Y,RESTAURANT,208,0,80,128,40,27,0,0,15698.14,300
13636,130.5,S,WINERY,1.92,0.96,0,0.96,0,0,1,0,0,0
13636,130.5,S,WINERY,1.92,0.96,0,0.96,0,0,1,0,0,0
13636,130.5,S,WINERY,1.92,0.96,0,0.96,0,0,1,0,0,0
13699,97.87,S,RETAIL,0.48,0,0,0.48,0,0,1,0,0,0
13711,1252.72,COUNTY,VINEYARD,4,0,4,0,2,1,0,0,1252.72,0
13720,101.24,Y,LODGING,0.96,0.48,0,0.48,0,0,1,0,0,0
13720,101.24,Y,LODGING,0.96,0.48,0,0.48,0,0,1,0,0,0
13735,965.4,COUNTY,WINERY,9.44,0,4,5.4399999999999995,2,1,0,0,890.4,75
13735,965.4,COUNTY,WINERY,9.44,0,4,5.4399999999999995,2,1,0,0,890.4,75
13735,965.4,COUNTY,WINERY,9.44,0,4,5.4399999999999995,2,1,0,0,890.4,75
13735,965.4,COUNTY,WINERY,9.44,0,4,5.4399999999999995,2,1,0,0,890.4,75
13735,965.4,COUNTY,WINERY,9.44,0,4,5.4399999999999995,2,1,0,0,890.4,75
13760,130.5,S,WINERY,1.92,0.96,0,0.96,0,0,1,0,0,0
13760,130.5,S,WINERY,1.92,0.96,0,0.96,0,0,1,0,0,0
13760,130.5,S,WINERY,1.92,0.96,0,0.96,0,0,1,0,0,0
13760,130.5,S,WINERY,1.92,0.96,0,0.96,0,0,1,0,0,0
13843,75,COUNTY,WINERY,16,0,0,16,0,0,1,0,0,150
13843,75,COUNTY,WINERY,16,0,0,16,0,0,1,0,0,150
13865,97.87,S,OFFICE BLD,0.48,0,0,0.48,0,0,1,0,0,0
13913,727.82,S,SCHOOL,6.88,0,4,2.88,2,1,0,0,727.82,0
13913,727.82,S,SCHOOL,6.88,0,4,2.88,2,1,0,0,727.82,0
13913,727.82,S,SCHOOL,6.88,0,4,2.88,2,1,0,0,727.82,0
13979,708.68,Y,MULTIFAMIL,3.36,0,0,3.36,0,0,1,0,0,0
14030,44.86,COUNTY,CHURCH,0.48,0,0,0.48,0,0,1,0,0,0
14081,2979.38,COUNTY,WINERY,24,4,16,4,8,5,0,605.47,3412.2,667.81
14081,2979.38,COUNTY,WINERY,24,4,16,4,8,5,0,605.47,3412.2,667.81
14081,2979.38,COUNTY,WINERY,24,4,16,4,8,5,0,605.47,3412.2,667.81
14081,2979.38,COUNTY,WINERY,24,4,16,4,8,5,0,605.47,3412.2,667.81
14177,207.86,C,MEDICAL,0.48,0,0,0.48,0,0,1,0,0,0
14193,439.46,C,MULTIFAMIL,3.92,0.48,2,1.44,1,1,0,0,439.46,0
14193,439.46,C,MULTIFAMIL,3.92,0.48,2,1.44,1,1,0,0,439.46,0
14193,439.46,C,MULTIFAMIL,3.92,0.48,2,1.44,1,1,0,0,439.46,0
14193,439.46,C,MULTIFAMIL,3.92,0.48,2,1.44,1,1,0,0,439.46,0
14193,439.46,C,MULTIFAMIL,3.92,0.48,2,1.44,1,1,0,0,439.46,0
14209,2671.8,COUNTY,WINERY,53.44,0,36,17.439999999999998,18,12,0,0,7565.400000000001,150
14209,2671.8,COUNTY,WINERY,53.44,0,36,17.439999999999998,18,12,0,0,7565.400000000001,150
14209,2671.8,COUNTY,WINERY,53.44,0,36,17.439999999999998,18,12,0,0,7565.400000000001,150
14209,2671.8,COUNTY,WINERY,53.44,0,36,17.439999999999998,18,12,0,0,7565.400000000001,150
14209,2671.8,COUNTY,WINERY,53.44,0,36,17.439999999999998,18,12,0,0,7565.400000000001,150
14209,2671.8,COUNTY,WINERY,53.44,0,36,17.439999999999998,18,12,0,0,7565.400000000001,150
14209,2671.8,COUNTY,WINERY,53.44,0,36,17.439999999999998,18,12,0,0,7565.400000000001,150
14209,2671.8,COUNTY,WINERY,53.44,0,36,17.439999999999998,18,12,0,0,7565.400000000001,150
14225,269.14,COUNTY,WINERY,0.96,0,0,0.96,0,0,1,0,0,0
14225,269.14,COUNTY,WINERY,0.96,0,0,0.96,0,0,1,0,0,0
14325,278.4,Y,POSTOFFICE,1.44,0,0,1.44,0,0,1,0,0,75.92
14325,278.4,Y,POSTOFFICE,1.44,0,0,1.44,0,0,1,0,0,75.92
14325,278.4,Y,POSTOFFICE,1.44,0,0,1.44,0,0,1,0,0,75.92
14334,2866.26,S,MULTIFAMIL,34.88,0,32,2.88,16,11,0,0,2666.26,0
14334,2866.26,S,MULTIFAMIL,34.88,0,32,2.88,16,11,0,0,2666.26,0
14334,2866.26,S,MULTIFAMIL,34.88,0,32,2.88,16,11,0,0,2666.26,0
14377,1048.95,S,WINERY,31.92,0.48,6,25.44,3,2,0,0,973.95,150
14377,1048.95,S,WINERY,31.92,0.48,6,25.44,3,2,0,0,973.95,150
14377,1048.95,S,WINERY,31.92,0.48,6,25.44,3,2,0,0,973.95,150
14377,1048.95,S,WINERY,31.92,0.48,6,25.44,3,2,0,0,973.95,150
14377,1048.95,S,WINERY,31.92,0.48,6,25.44,3,2,0,0,973.95,150
14379,0,COUNTY,HOSPITAL,11.52,0,0,11.52,0,0,1,0,0,0
14379,0,COUNTY,HOSPITAL,11.52,0,0,11.52,0,0,1,0,0,0
14381,134.57,COUNTY,MEDICAL,0.48,0,0,0.48,0,0,1,0,0,0
14520,34.64,C,WINERY,0.48,0,0,0.48,0,0,1,0,0,0
14553,103.93,C,CHURCH,0.96,0.48,0,0.48,0,0,1,0,0,0
14553,103.93,C,CHURCH,0.96,0.48,0,0.48,0,0,1,0,0,0
14590,2283.3,COUNTY,WINERY,16.96,0,6,10.96,3,2,0,0,2133.3,150
14590,2283.3,COUNTY,WINERY,16.96,0,6,10.96,3,2,0,0,2133.3,150
14590,2283.3,COUNTY,WINERY,16.96,0,6,10.96,3,2,0,0,2133.3,150
14590,2283.3,COUNTY,WINERY,16.96,0,6,10.96,3,2,0,0,2133.3,150
14590,2283.3,COUNTY,WINERY,16.96,0,6,10.96,3,2,0,0,2133.3,150
14652,1503.97,S,RESTAURANT,37.44,0,16,21.439999999999998,8,5,0,0,2557.94,225
14652,1503.97,S,RESTAURANT,37.44,0,16,21.439999999999998,8,5,0,0,2557.94,225
14652,1503.97,S,RESTAURANT,37.44,0,16,21.439999999999998,8,5,0,0,2557.94,225
14652,1503.97,S,RESTAURANT,37.44,0,16,21.439999999999998,8,5,0,0,2557.94,225
14652,1503.97,S,RESTAURANT,37.44,0,16,21.439999999999998,8,5,0,0,2557.94,225
14652,1503.97,S,RESTAURANT,37.44,0,16,21.439999999999998,8,5,0,0,2557.94,225
14682,44.86,COUNTY,VINEYARD,0.96,0.48,0,0.48,0,0,1,0,0,0
14682,44.86,COUNTY,VINEYARD,0.96,0.48,0,0.48,0,0,1,0,0,0
14698,179.42,COUNTY,LODGING-FW,1.44,0.48,0,0.96,0,0,1,0,0,0
14698,179.42,COUNTY,LODGING-FW,1.44,0.48,0,0.96,0,0,1,0,0,0
14698,179.42,COUNTY,LODGING-FW,1.44,0.48,0,0.96,0,0,1,0,0,0
14772,69.28,C,WINERY,0.96,0.48,0,0.48,0,0,1,0,0,0
14772,69.28,C,WINERY,0.96,0.48,0,0.48,0,0,1,0,0,0
14793,311.79,C,LODGING,1.92,0.48,0,1.44,0,0,1,0,0,0
14793,311.79,C,LODGING,1.92,0.48,0,1.44,0,0,1,0,0,0
14849,283.86,C,WINERY,1.92,0.96,0,0.96,0,0,1,0,0,76
14849,283.86,C,WINERY,1.92,0.96,0,0.96,0,0,1,0,0,76
14849,283.86,C,WINERY,1.92,0.96,0,0.96,0,0,1,0,0,76
14953,890.4,COUNTY,MULTIFAMIL,5.4399999999999995,0,4,1.44,2,1,0,0,890.4,0
14953,890.4,COUNTY,MULTIFAMIL,5.4399999999999995,0,4,1.44,2,1,0,0,890.4,0
14953,890.4,COUNTY,MULTIFAMIL,5.4399999999999995,0,4,1.44,2,1,0,0,890.4,0
14953,890.4,COUNTY,MULTIFAMIL,5.4399999999999995,0,4,1.44,2,1,0,0,890.4,0
14989,103.93,C,LODGING-FW,0.96,0.48,0,0.48,0,0,1,0,0,0
14989,103.93,C,LODGING-FW,0.96,0.48,0,0.48,0,0,1,0,0,0
15156,32.62,S,OFFICE BLD,0.48,0,0,0.48,0,0,1,0,0,0
15204,89.71,COUNTY,POLICEFIRE,0.48,0,0,0.48,0,0,1,0,0,0
15224,0,C,SCHOOL,0.96,0,0,0.96,0,0,1,0,0,0
15224,0,C,SCHOOL,0.96,0,0,0.96,0,0,1,0,0,0
15226,179.42,COUNTY,WINERY,1.44,0.48,0,0.96,0,0,1,0,0,0
15226,179.42,COUNTY,WINERY,1.44,0.48,0,0.96,0,0,1,0,0,0
15226,179.42,COUNTY,WINERY,1.44,0.48,0,0.96,0,0,1,0,0,0
15246,1170.67,COUNTY,WINERY,6,0,2,4,1,1,0,0,482.56,688.11
15246,1170.67,COUNTY,WINERY,6,0,2,4,1,1,0,0,482.56,688.11
15246,1170.67,COUNTY,WINERY,6,0,2,4,1,1,0,0,482.56,688.11
15259,1071.82,S,VINEYARD,7.92,0,6,1.92,3,2,0,0,973.95,0
15259,1071.82,S,VINEYARD,7.92,0,6,1.92,3,2,0,0,973.95,0
15259,1071.82,S,VINEYARD,7.92,0,6,1.92,3,2,0,0,973.95,0
15259,1071.82,S,VINEYARD,7.92,0,6,1.92,3,2,0,0,973.95,0
15259,1071.82,S,VINEYARD,7.92,0,6,1.92,3,2,0,0,973.95,0
15290,97.87,S,MIXED USE,0.96,0.48,0,0.48,0,0,1,0,0,0
15290,97.87,S,MIXED USE,0.96,0.48,0,0.48,0,0,1,0,0,0
15344,7267.84,COUNTY,WINERY,116.48,12,24,80.48,12,8,1,1765.62,8383.78,1385.33
15344,7267.84,COUNTY,WINERY,116.48,12,24,80.48,12,8,1,1765.62,8383.78,1385.33
15344,7267.84,COUNTY,WINERY,116.48,12,24,80.48,12,8,1,1765.62,8383.78,1385.33
15344,7267.84,COUNTY,WINERY,116.48,12,24,80.48,12,8,1,1765.62,8383.78,1385.33
15344,7267.84,COUNTY,WINERY,116.48,12,24,80.48,12,8,1,1765.62,8383.78,1385.33
15344,7267.84,COUNTY,WINERY,116.48,12,24,80.48,12,8,1,1765.62,8383.78,1385.33
15344,7267.84,COUNTY,WINERY,116.48,12,24,80.48,12,8,1,1765.62,8383.78,1385.33
15344,7267.84,COUNTY,WINERY,116.48,12,24,80.48,12,8,1,1765.62,8383.78,1385.33
15344,7267.84,COUNTY,WINERY,116.48,12,24,80.48,12,8,1,1765.62,8383.78,1385.33
15344,7267.84,COUNTY,WINERY,116.48,12,24,80.48,12,8,1,1765.62,8383.78,1385.33
15408,631.71,COUNTY,VINEYARD,3.44,0.96,2,0.48,1,1,0,91.52,540.19,0
15408,631.71,COUNTY,VINEYARD,3.44,0.96,2,0.48,1,1,0,91.52,540.19,0
15408,631.71,COUNTY,VINEYARD,3.44,0.96,2,0.48,1,1,0,91.52,540.19,0
15408,631.71,COUNTY,VINEYARD,3.44,0.96,2,0.48,1,1,0,91.52,540.19,0
15431,242.99,COUNTY,VINEYARD,0.48,0.48,0,0,0,0,1,0,0,0
15460,303.72,Y,RESTAURANT,1.44,0,0,1.44,0,0,1,0,0,0
15481,1373.25,COUNTY,WINERY,12.96,0,6,6.96,3,2,0,0,1298.25,75
15481,1373.25,COUNTY,WINERY,12.96,0,6,6.96,3,2,0,0,1298.25,75
15481,1373.25,COUNTY,WINERY,12.96,0,6,6.96,3,2,0,0,1298.25,75
15481,1373.25,COUNTY,WINERY,12.96,0,6,6.96,3,2,0,0,1298.25,75
15511,708.93,S,LODGING,5.92,0.48,4,1.44,2,1,0,0,668.93,0
15511,708.93,S,LODGING,5.92,0.48,4,1.44,2,1,0,0,668.93,0
15511,708.93,S,LODGING,5.92,0.48,4,1.44,2,1,0,0,668.93,0
15548,195.74,S,RESTAURANT,0.96,0,0,0.96,0,0,1,0,0,0
15548,195.74,S,RESTAURANT,0.96,0,0,0.96,0,0,1,0,0,0
15640,415.72,C,LODGING,2.4,0.96,0,1.44,0,0,1,0,0,0
15640,415.72,C,LODGING,2.4,0.96,0,1.44,0,0,1,0,0,0
15640,415.72,C,LODGING,2.4,0.96,0,1.44,0,0,1,0,0,0
15640,415.72,C,LODGING,2.4,0.96,0,1.44,0,0,1,0,0,0
15641,179.44,COUNTY,MULTIFAMIL,0.96,0,0,0.96,0,0,1,0,0,0
15650,813.98,C,MINI MART,4,0,4,0,2,1,0,0,813.98,0
15672,391.48,S,MULTIFAMIL,1.92,0.48,0,1.44,0,0,1,0,0,0
15672,391.48,S,MULTIFAMIL,1.92,0.48,0,1.44,0,0,1,0,0,0
15673,391.48,S,MULTIFAMIL,2.4,0.48,0,1.92,0,0,1,0,0,0
15673,391.48,S,MULTIFAMIL,2.4,0.48,0,1.92,0,0,1,0,0,0
15678,482.56,COUNTY,UTILITY,2.48,0,2,0.48,1,1,0,0,482.56,0
15678,482.56,COUNTY,UTILITY,2.48,0,2,0.48,1,1,0,0,482.56,0
15833,742.46,C,DELI/CAFE,8.879999999999999,0,2,6.88,1,1,0,0,439.46,151
15833,742.46,C,DELI/CAFE,8.879999999999999,0,2,6.88,1,1,0,0,439.46,151
15833,742.46,C,DELI/CAFE,8.879999999999999,0,2,6.88,1,1,0,0,439.46,151
15833,742.46,C,DELI/CAFE,8.879999999999999,0,2,6.88,1,1,0,0,439.46,151
15850,195.74,S,COMMUNITY,0.96,0,0,0.96,0,0,1,0,0,0
15850,195.74,S,COMMUNITY,0.96,0,0,0.96,0,0,1,0,0,0
15882,293.61,S,MULTIFAMIL,1.92,0.48,0,1.44,0,0,1,0,0,0
15882,293.61,S,MULTIFAMIL,1.92,0.48,0,1.44,0,0,1,0,0,0
15940,65.25,S,HOME IMPRO,0.48,0,0,0.48,0,0,1,0,0,0
15996,771.01,S,WINERY,9.92,0.48,4,5.4399999999999995,2,1,0,0,696.01,75
15996,771.01,S,WINERY,9.92,0.48,4,5.4399999999999995,2,1,0,0,696.01,75
15996,771.01,S,WINERY,9.92,0.48,4,5.4399999999999995,2,1,0,0,696.01,75
15996,771.01,S,WINERY,9.92,0.48,4,5.4399999999999995,2,1,0,0,696.01,75
16032,97.87,S,AUTO,0.48,0,0,0.48,0,0,1,0,0,0
16189,1040.4,COUNTY,WINERY,13.44,0,4,9.44,2,1,0,0,890.4,150
16189,1040.4,COUNTY,WINERY,13.44,0,4,9.44,2,1,0,0,890.4,150
16189,1040.4,COUNTY,WINERY,13.44,0,4,9.44,2,1,0,0,890.4,150
16189,1040.4,COUNTY,WINERY,13.44,0,4,9.44,2,1,0,0,890.4,150
16189,1040.4,COUNTY,WINERY,13.44,0,4,9.44,2,1,0,0,890.4,150
16189,1040.4,COUNTY,WINERY,13.44,0,4,9.44,2,1,0,0,890.4,150
16319,331.93,C,WINERY,2.4,0,0,2.4,0,0,1,0,0,76
16319,331.93,C,WINERY,2.4,0,0,2.4,0,0,1,0,0,76
16319,331.93,C,WINERY,2.4,0,0,2.4,0,0,1,0,0,76
16564,89.71,COUNTY,WINERY,0.48,0,0,0.48,0,0,1,0,0,0
16565,34.64,C,UTILITY,0.96,0.48,0,0.48,0,0,1,0,0,0
16565,34.64,C,UTILITY,0.96,0.48,0,0.48,0,0,1,0,0,0
16605,890.4,COUNTY,WINERY,5.4399999999999995,0,4,1.44,2,1,0,0,890.4,0
16605,890.4,COUNTY,WINERY,5.4399999999999995,0,4,1.44,2,1,0,0,890.4,0
16607,171.28,S,WINERY,0.96,0,0,0.96,0,0,1,0,0,73.41
16607,171.28,S,WINERY,0.96,0,0,0.96,0,0,1,0,0,73.41
16628,207.86,C,RESTAURANT,0.96,0,0,0.96,0,0,1,0,0,0
16628,207.86,C,RESTAURANT,0.96,0,0,0.96,0,0,1,0,0,0
16795,195.74,S,MULTIFAMIL,1.92,0.96,0,0.96,0,0,1,0,0,0
16795,195.74,S,MULTIFAMIL,1.92,0.96,0,0.96,0,0,1,0,0,0
16795,195.74,S,MULTIFAMIL,1.92,0.96,0,0.96,0,0,1,0,0,0
17255,515.46,C,BAR NO FW,3.92,0,2,1.92,1,1,0,0,439.46,76
17255,515.46,C,BAR NO FW,3.92,0,2,1.92,1,1,0,0,439.46,76
17255,515.46,C,BAR NO FW,3.92,0,2,1.92,1,1,0,0,439.46,76
17255,515.46,C,BAR NO FW,3.92,0,2,1.92,1,1,0,0,439.46,76
17255,515.46,C,BAR NO FW,3.92,0,2,1.92,1,1,0,0,439.46,76
17422,439.46,C,BAKERY,3.44,0,2,1.44,1,1,0,0,439.46,0
17422,439.46,C,BAKERY,3.44,0,2,1.44,1,1,0,0,439.46,0
17422,439.46,C,BAKERY,3.44,0,2,1.44,1,1,0,0,439.46,0
17422,439.46,C,BAKERY,3.44,0,2,1.44,1,1,0,0,439.46,0
17965,6969.08,Y,RESTAURANT,145.76,0,104,41.76,52,35,0,0,19650.18,5145.14
17965,6969.08,Y,RESTAURANT,145.76,0,104,41.76,52,35,0,0,19650.18,5145.14
17965,6969.08,Y,RESTAURANT,145.76,0,104,41.76,52,35,0,0,19650.18,5145.14
17965,6969.08,Y,RESTAURANT,145.76,0,104,41.76,52,35,0,0,19650.18,5145.14
17965,6969.08,Y,RESTAURANT,145.76,0,104,41.76,52,35,0,0,19650.18,5145.14
17965,6969.08,Y,RESTAURANT,145.76,0,104,41.76,52,35,0,0,19650.18,5145.14
17965,6969.08,Y,RESTAURANT,145.76,0,104,41.76,52,35,0,0,19650.18,5145.14
17965,6969.08,Y,RESTAURANT,145.76,0,104,41.76,52,35,0,0,19650.18,5145.14
17965,6969.08,Y,RESTAURANT,145.76,0,104,41.76,52,35,0,0,19650.18,5145.14
17965,6969.08,Y,RESTAURANT,145.76,0,104,41.76,52,35,0,0,19650.18,5145.14
17965,6969.08,Y,RESTAURANT,145.76,0,104,41.76,52,35,0,0,19650.18,5145.14
18015,673.21,COUNTY,WINERY,3.92,0,2,1.92,1,1,0,0,482.56,100.93
18015,673.21,COUNTY,WINERY,3.92,0,2,1.92,1,1,0,0,482.56,100.93
18015,673.21,COUNTY,WINERY,3.92,0,2,1.92,1,1,0,0,482.56,100.93
18015,673.21,COUNTY,WINERY,3.92,0,2,1.92,1,1,0,0,482.56,100.93
18015,673.21,COUNTY,WINERY,3.92,0,2,1.92,1,1,0,0,482.56,100.93
18599,255.93,C,RESTAURANT,1.44,0,0,1.44,0,0,1,0,0,76
18599,255.93,C,RESTAURANT,1.44,0,0,1.44,0,0,1,0,0,76
19151,2015.04,C,MULTIFAMIL,16.88,0,14,2.88,7,5,0,0,2808.44,0
19151,2015.04,C,MULTIFAMIL,16.88,0,14,2.88,7,5,0,0,2808.44,0
19151,2015.04,C,MULTIFAMIL,16.88,0,14,2.88,7,5,0,0,2808.44,0
19151,2015.04,C,MULTIFAMIL,16.88,0,14,2.88,7,5,0,0,2808.44,0
19151,2015.04,C,MULTIFAMIL,16.88,0,14,2.88,7,5,0,0,2808.44,0
19206,311.79,C,RESTAURANT,0.96,0,0,0.96,0,0,1,0,0,0
19206,311.79,C,RESTAURANT,0.96,0,0,0.96,0,0,1,0,0,0
20233,1039.3,C,MULTIFAMIL,3.36,0.96,0,2.4,0,0,1,0,0,0
20233,1039.3,C,MULTIFAMIL,3.36,0.96,0,2.4,0,0,1,0,0,0
21438,34.64,C,RETAIL,0.96,0.48,0,0.48,0,0,1,0,0,0
21438,34.64,C,RETAIL,0.96,0.48,0,0.48,0,0,1,0,0,0
21896,283.86,C,RESTAURANT,1.44,0,0,1.44,0,0,1,0,0,76
21896,283.86,C,RESTAURANT,1.44,0,0,1.44,0,0,1,0,0,76
21896,283.86,C,RESTAURANT,1.44,0,0,1.44,0,0,1,0,0,76
23489,813.98,C,LODGING,5.92,0.48,4,1.44,2,1,0,0,813.98,0
23489,813.98,C,LODGING,5.92,0.48,4,1.44,2,1,0,0,813.98,0
23489,813.98,C,LODGING,5.92,0.48,4,1.44,2,1,0,0,813.98,0
23821,415.72,C,LODGING-FW,1.92,0.48,0,1.44,0,0,1,0,0,0
23821,415.72,C,LODGING-FW,1.92,0.48,0,1.44,0,0,1,0,0,0
23821,415.72,C,LODGING-FW,1.92,0.48,0,1.44,0,0,1,0,0,0
23821,415.72,C,LODGING-FW,1.92,0.48,0,1.44,0,0,1,0,0,0
24144,97.87,S,UTILITY,0.96,0.48,0,0.48,0,0,1,0,0,0
24144,97.87,S,UTILITY,0.96,0.48,0,0.48,0,0,1,0,0,0
24664,1150.37,COUNTY,WINERY,6.96,0,2,4.96,1,1,0,0,482.56,667.81
24664,1150.37,COUNTY,WINERY,6.96,0,2,4.96,1,1,0,0,482.56,667.81
24664,1150.37,COUNTY,WINERY,6.96,0,2,4.96,1,1,0,0,482.56,667.81
24664,1150.37,COUNTY,WINERY,6.96,0,2,4.96,1,1,0,0,482.56,667.81
25255,1627.98,C,MULTIFAMIL,18.88,0,16,2.88,8,5,0,0,3255.96,0
25255,1627.98,C,MULTIFAMIL,18.88,0,16,2.88,8,5,0,0,3255.96,0
25255,1627.98,C,MULTIFAMIL,18.88,0,16,2.88,8,5,0,0,3255.96,0
25255,1627.98,C,MULTIFAMIL,18.88,0,16,2.88,8,5,0,0,3255.96,0
25255,1627.98,C,MULTIFAMIL,18.88,0,16,2.88,8,5,0,0,3255.96,0
25969,3536.24,Y,RESTAURANT,45.76,0,40,5.76,20,13,0,0,7849.07,128.74
25969,3536.24,Y,RESTAURANT,45.76,0,40,5.76,20,13,0,0,7849.07,128.74
25969,3536.24,Y,RESTAURANT,45.76,0,40,5.76,20,13,0,0,7849.07,128.74
25969,3536.24,Y,RESTAURANT,45.76,0,40,5.76,20,13,0,0,7849.07,128.74
25969,3536.24,Y,RESTAURANT,45.76,0,40,5.76,20,13,0,0,7849.07,128.74
25969,3536.24,Y,RESTAURANT,45.76,0,40,5.76,20,13,0,0,7849.07,128.74
26052,519.65,C,LODGING-FW,1.44,0,0,1.44,0,0,1,0,0,0
26600,103.93,C,RESTAURANT,0.48,0,0,0.48,0,0,1,0,0,0
26948,202.48,Y,POLICEFIRE,1.44,0.48,0,0.96,0,0,1,0,0,0
26948,202.48,Y,POLICEFIRE,1.44,0.48,0,0.96,0,0,1,0,0,0
27143,405.36,C,MULTIFAMIL,1.44,0.48,0,0.96,0,0,1,0,0,0
27143,405.36,C,MULTIFAMIL,1.44,0.48,0,0.96,0,0,1,0,0,0
28630,514.46,C,DELI/CAFE,9.44,0,2,7.4399999999999995,1,1,0,0,439.46,75
28630,514.46,C,DELI/CAFE,9.44,0,2,7.4399999999999995,1,1,0,0,439.46,75
28630,514.46,C,DELI/CAFE,9.44,0,2,7.4399999999999995,1,1,0,0,439.46,75
30883,58.27,COUNTY,RETAIL,0.96,0.48,0,0.48,0,0,1,0,0,0
30883,58.27,COUNTY,RETAIL,0.96,0.48,0,0.48,0,0,1,0,0,0
30927,101.24,Y,WINERY,0.96,0.48,0,0.48,0,0,1,0,0,0
30927,101.24,Y,WINERY,0.96,0.48,0,0.48,0,0,1,0,0,0
30930,207.86,C,PRESCHOOL,0.48,0,0,0.48,0,0,1,0,0,0
30931,34.64,C,RETAIL,0.48,0,0,0.48,0,0,1,0,0,0
31126,69.28,C,ENTERTAINM,0.48,0,0,0.48,0,0,1,0,0,0
31133,34.64,C,BAKERY,0.96,0.48,0,0.48,0,0,1,0,0,0
31133,34.64,C,BAKERY,0.96,0.48,0,0.48,0,0,1,0,0,0
31134,102.69,C,MULTIFAMIL,1.44,0.96,0,0.48,0,0,1,68.91,0,0
31134,102.69,C,MULTIFAMIL,1.44,0.96,0,0.48,0,0,1,68.91,0,0
31134,102.69,C,MULTIFAMIL,1.44,0.96,0,0.48,0,0,1,68.91,0,0
31160,1398.87,Y,RESTAURANT,8,0,4,4,2,1,0,0,799.35,599.52
31160,1398.87,Y,RESTAURANT,8,0,4,4,2,1,0,0,799.35,599.52
31230,482.56,COUNTY,CONTRACTOR,2,0,2,0,1,1,0,0,482.56,0
31241,103.93,C,GROCERY,0.48,0,0,0.48,0,0,1,0,0,0
31249,134.57,COUNTY,LODGING,0.96,0.48,0,0.48,0,0,1,0,0,0
31249,134.57,COUNTY,LODGING,0.96,0.48,0,0.48,0,0,1,0,0,0
31304,130.48,S,FOURPLEX,2.4,0.48,0,1.92,0,0,1,0,0,0
31304,130.48,S,FOURPLEX,2.4,0.48,0,1.92,0,0,1,0,0,0
31364,171.28,S,OFFICE BLD,0.96,0,0,0.96,0,0,1,0,0,73.41
31364,171.28,S,OFFICE BLD,0.96,0,0,0.96,0,0,1,0,0,73.41
31550,134.57,COUNTY,WINERY,0.96,0.48,0,0.48,0,0,1,0,0,0
31550,134.57,COUNTY,WINERY,0.96,0.48,0,0.48,0,0,1,0,0,0
31573,650.33,COUNTY,VINEYARD,4.48,4,0,0.48,0,0,1,605.47,0,0
31573,650.33,COUNTY,VINEYARD,4.48,4,0,0.48,0,0,1,605.47,0,0
31588,179.93,C,WINERY,1.44,0.48,0,0.96,0,0,1,0,0,76
31588,179.93,C,WINERY,1.44,0.48,0,0.96,0,0,1,0,0,76
31588,179.93,C,WINERY,1.44,0.48,0,0.96,0,0,1,0,0,76
31591,482.56,COUNTY,LANDSCAPER,2,0,2,0,1,1,0,0,482.56,0
31593,890.4,COUNTY,CONTRACTOR,4,0,4,0,2,1,0,0,890.4,0
31607,202.68,C,MULTIFAMIL,0.96,0.48,0,0.48,0,0,1,0,0,0
31607,202.68,C,MULTIFAMIL,0.96,0.48,0,0.48,0,0,1,0,0,0
31644,335.71,S,MULTIFAMIL,1.92,0.96,0,0.96,0,0,1,66.56,0,73.41
31644,335.71,S,MULTIFAMIL,1.92,0.96,0,0.96,0,0,1,66.56,0,73.41
31644,335.71,S,MULTIFAMIL,1.92,0.96,0,0.96,0,0,1,66.56,0,73.41
31644,335.71,S,MULTIFAMIL,1.92,0.96,0,0.96,0,0,1,66.56,0,73.41
31660,134.57,COUNTY,MIXED USE,0.96,0.48,0,0.48,0,0,1,0,0,0
31660,134.57,COUNTY,MIXED USE,0.96,0.48,0,0.48,0,0,1,0,0,0
31675,134.57,COUNTY,LODGING-FW,0.96,0.48,0,0.48,0,0,1,0,0,0
31675,134.57,COUNTY,LODGING-FW,0.96,0.48,0,0.48,0,0,1,0,0,0
31676,1456.25,COUNTY,WINERY,8,0,2,6,1,1,0,0,482.56,973.69
31676,1456.25,COUNTY,WINERY,8,0,2,6,1,1,0,0,482.56,973.69
31679,65.25,S,WINERY,0.48,0,0,0.48,0,0,1,0,0,0
