CO,CUST#,TAX BODY,CYCLE,MTH$,BAL DUE,UNAPPLIED,CURRENT,30+,60+,90+,V3  BIZ TYPE,V4  SB1383,MTD,YTD,SALES ID,START DT,STOP DT,BILLING STR DT,ACT CD,FEE CODE,PRICE LIST,CREDIT LIMIT
1,82,S     ,TA,0,0,,0,0,0,0,,,0,0,,10/29/2021,,10/29/2021,,,S,
1,98,C     ,CA,888.98,963.98,,963.98,0,0,0,MINI MART,,0,7941.21,,6/14/2001,,6/14/2001,,,C,
1,218,SC    ,CA,965.4,965.4,,965.4,0,0,0,WINERY,,0,8391,,7/18/2001,,7/18/2001,,,CO,
1,345,SC    ,CA,890.4,980.4,,980.4,0,0,0,WINERY,,45,7992.99,,8/21/2001,,8/21/2001,,,CO,
1,369,SC    ,CA,44.86,44.86,,44.86,0,0,0,,,0,407.62,,8/20/2001,,8/20/2001,,,CO,
1,567,S     ,CA,97.87,97.87,,97.87,0,0,0,MEDICAL,,0,889.36,,10/23/2001,,10/23/2001,,,S,
1,717,S     ,CA,65.25,0,,0,0,0,0,GROCERY,,0,592.92,,12/4/2001,,12/4/2001,,,S,
1,767,AC    ,CA,89.71,0,,0,0,0,0,WINERY,,0,815.2,,12/24/2001,,12/24/2001,,,CO,
1,800,YC    ,CA,706.5,706.5,,706.5,0,0,0,WINERY,,0,6419.88,,1/21/2002,,1/21/2002,,,CO,
1,806,YC    ,CA,597.92,597.92,,597.92,0,0,0,WINERY,,0,5639.68,,1/7/2002,,1/7/2002,,,CO,
1,939,S     ,CA,195.74,195.74,,195.74,0,0,0,OFFICE BLD,,0,1778.72,,2/26/2002,,,,,S,
1,948,C     ,CA,842.69,0,,0,0,0,0,RESTAURANT,,0,7657.46,,3/4/2002,,3/4/2002,,,C,
1,1084,YC    ,CA,1835.23,3697.99,,1862.76,1835.23,0,0,WINERY,,0,12329.79,,5/31/2021,,5/31/2021,,,CO,
1,1092,SC    ,CA,1373.25,3141.7,,1768.45,1373.25,0,0,WINERY,,0,12492.28,,4/2/2002,,4/2/2002,,,CO,
1,1454,SC    ,CA,452.18,452.18,,452.18,0,0,0,VINEYARD,,0,4108.88,,1/1/1980,,1/1/1980,,,CO,
1,1575,AC    ,CA,760.91,760.91,,760.91,0,0,0,WINERY,,0,7004.3,,6/17/2002,,6/17/2002,,,CO,
1,1742,YC    ,CA,44.86,0,,0,0,0,0,PRESCHOOL,,0,855.43,,9/8/1997,,9/8/1997,,,CO,
1,1767,S     ,CA,363.91,363.91,,363.91,0,0,0,FLORIST,,0,3306.82,,7/4/2002,,7/4/2002,,,S,
1,1824,YC    ,CA,684.42,684.42,,684.42,0,0,0,WINERY,,0,6229.51,,6/19/1995,,6/19/1995,,,CO,
1,2064,YC    ,CA,1693.5,1693.5,,1693.5,0,0,0,WINERY,,0,15388.68,,8/18/2006,,8/18/2006,,,CO,
1,2226,SC    ,CA,0,1456.44,,1456.44,0,0,0,VINEYARD,,0,11082.83,,9/13/2002,,9/13/2002,,,CO,
1,2253,S     ,CA,97.87,-38.81,,-38.81,0,0,0,CHURCH,,0,889.86,,9/24/2002,,9/24/2002,,,S,
1,2339,SC    ,CA,1522.96,3068.76,,1545.8,1522.96,0,0,VINEYARD,,0,13121.64,,10/3/2002,,10/3/2002,,,CO,
1,2342,YC    ,CA,487.05,487.05,,487.05,0,0,0,WINERY,,0,4425.72,,10/7/2002,,10/7/2002,,,CO,
1,2372,SC    ,CA,199.35,199.35,,199.35,0,0,0,WINERY,,0,1811.46,,10/7/2002,,10/7/2002,,,CO,
1,2642,CC    ,CA,0,250.75,,250.75,0,0,0,PARK,,0,250.75,,11/29/2002,,11/29/2002,,,CO,
1,2678,S     ,CA,293.61,293.61,,293.61,0,0,0,HOME IMPRO,,0,2672.48,,11/19/2002,,11/19/2002,,,S,
1,2754,CL    ,CA,1227.47,1609.47,,1233.07,376.4,0,0,MULTIFAMIL,,0,11162.3,,11/21/2002,,11/21/2002,,,CL,
1,2810,Y     ,CA,67.49,67.49,,67.49,0,0,0,PRESCHOOL,,0,614.29,,12/9/2002,,,,,Y,
1,3143,S     ,TA,0,100,,100,0,0,0,,,100,100,,10/29/2021,,,,,S,
1,3159,AC    ,CA,89.71,0,,0,0,0,0,WINERY,,0,815.2,,2/12/2003,,2/12/2003,,,CO,
1,3232,YC    ,TA,0,3779.88,,3779.88,0,0,0,,,0,14163.64,,8/29/2018,,3/5/2014,,,CO,
1,3630,SC    ,CA,134.57,0,,0,0,0,0,VINEYARD,,0,1222.82,,5/5/2003,,5/5/2003,,,CO,
1,3723,S     ,CA,195.74,195.74,,195.74,0,0,0,MEDICAL,,0,1778.72,,1/1/1980,,1/1/1980,,,S,
1,3842,CC    ,CA,632.56,818.92,,818.92,0,0,0,WINERY,,0,5271.06,,6/5/2003,,6/5/2003,,,CO,
1,3844,SC    ,CA,1005.67,1230.67,,1230.67,0,0,0,MIXED USE,,90,14878.81,,6/27/2003,,,,,CO,
1,4124,C     ,CA,110.64,110.64,,110.64,0,0,0,,,0,1006.77,,7/17/2003,,7/17/2003,,,C,
1,4126,SC    ,CA,597.92,597.92,,597.92,0,0,0,WINERY,,0,5433.26,,7/22/2003,,7/22/2003,,,CO,
1,4196,YC    ,CA,2798.11,2798.11,,2798.11,0,0,0,WINERY,,0,20839.21,,7/29/2003,,,,,CO,
1,4226,CC    ,CA,632.56,632.56,,632.56,0,0,0,WINERY,,0,4984.96,,8/8/2003,,8/8/2003,,,CO,
1,4247,C     ,CA,103.92,209.4,,105.48,103.92,0,0,,,0,948.54,,8/7/2003,,,,,C,
1,4260,SC    ,CA,1150.37,0,,0,0,0,0,WINERY,,0,10453.28,,8/18/2003,,8/18/2003,,,CO,
1,4308,CC    ,CA,2358.3,2358.3,,2358.3,0,0,0,WINERY,,0,20060.1,,8/14/2003,,8/14/2003,,,CO,
1,4420,C     ,CA,103.93,0,,0,0,0,0,LODGING-FW,,0,944.38,,10/2/2003,,,,,C,
1,4445,YC    ,CA,134.57,134.57,,134.57,0,0,0,WINERY,,0,1222.82,,9/29/2003,,9/29/2003,,,CO,
1,4449,SC    ,CA,945.34,945.34,,945.34,0,0,0,WINERY,,0,9561.06,,9/30/2003,,9/30/2003,,,CO,
1,4454,C     ,CA,135.12,135.12,,135.12,0,0,0,SCHOOL,,0,1233,,9/26/2003,,9/26/2003,,,C,
1,4477,YC    ,CA,134.57,0,,0,0,0,0,WINERY,,0,1224.53,,10/6/2003,,10/6/2003,,,CO,
1,4520,Y     ,CA,101.24,44.66,,44.66,0,0,0,MULTIFAMIL,,0,876.18,,10/13/2003,,10/13/2003,,,Y,
1,4631,AC    ,CA,370.07,0,,0,0,0,0,WINERY,,0,3362.78,,11/26/2003,,11/26/2003,,,CO,
1,4686,C     ,CA,439.46,439.46,,439.46,0,0,0,STRIP MALL,,0,3993.32,,11/7/2003,,,,,C,
1,4780,CC    ,CA,134.57,134.57,,134.57,0,0,0,WINERY,,0,1222.82,,1/15/2004,,1/15/2004,,,CO,
1,4781,CC    ,CA,89.71,89.71,,89.71,0,0,0,WINERY,,0,815.2,,1/8/2004,,,,,CO,
1,4831,C     ,CA,69.28,0,,0,0,0,0,FOURPLEX,,0,630.44,,1/19/2004,,,,,C,
1,4845,SC    ,CA,1373.25,1523.25,,1523.25,0,0,0,UTILITY,,0,12331.96,,1/26/2004,,1/26/2004,,,CO,
1,4859,S     ,CA,171.28,171.28,,171.28,0,0,0,OFFICE BLD,,0,1556.44,,2/17/2004,,2/17/2004,,,S,
1,4963,S     ,CA,97.87,0,,0,0,0,0,OFFICE BLD,,0,889.36,,3/9/2004,,,,,S,
1,5017,S     ,CA,195.74,195.74,,195.74,0,0,0,RESTAURANT,,0,1778.72,,3/30/2004,,,,,S,
1,5026,SC    ,CA,0,1103.25,,1103.25,0,0,0,WINERY,,0,7973.39,,3/24/2004,,3/24/2004,,,CO,
1,5055,SC    ,CA,527.42,527.42,,527.42,0,0,0,WINERY,,0,4988.34,,4/7/2004,,4/7/2004,,,CO,
1,5212,CC    ,CA,134.57,0,,0,0,0,0,LANDSCAPER,,0,1224.53,,5/6/2007,,5/6/2007,,,CO,
1,5311,SC    ,CA,358.85,0,,0,0,0,0,WINERY,,0,3260.84,,6/2/2004,,6/2/2004,,,CO,
1,5401,Y     ,CA,253.08,0,,0,0,0,0,WINERY,,0,2299.74,,6/16/2004,,,,,Y,
1,5440,S     ,CA,32.62,0,,0,0,0,0,,,0,296.44,,6/21/2004,,6/21/2004,,,S,
1,5492,S     ,CA,32.62,32.62,,32.62,0,0,0,STRIP MALL,,0,296.94,,8/3/2004,,8/3/2004,,,S,
1,5504,S     ,CA,32.62,32.62,,32.62,0,0,0,OFFICE BLD,,0,297.44,,7/20/2004,,7/20/2004,,,S,
1,5546,SC    ,TA,0,2498.88,,2498.88,0,0,0,,,0,7998.64,,7/13/2004,,7/13/2004,,,CO,
1,5662,S     ,CA,65.25,0,,0,0,0,0,RETAIL,,0,592.92,,8/10/2004,,,,,S,
1,5827,S     ,CA,97.87,0,,0,0,0,0,RETAIL,,0,889.36,,9/21/2004,,9/21/2004,,,S,
1,5868,SC    ,CA,0,1669.11,,1669.11,0,0,0,WINERY,,0,11145.29,,10/14/1998,,10/14/1998,,,CO,
1,5886,C     ,CA,439.46,439.46,,439.46,0,0,0,,,0,3993.32,,10/1/2004,,10/1/2004,,,C,
1,5955,S     ,CA,668.93,713.93,,713.93,0,0,0,,,0,3921.2,,5/7/2021,,5/7/2021,,,S,
1,6090,S     ,CA,130.5,0,,0,0,0,0,UTILITY,,0,1185.84,,11/12/2004,,11/12/2004,,,S,
1,6204,S     ,CA,65.25,0,,0,0,0,0,HOME IMPRO,,0,593.75,,12/21/2004,,12/21/2004,,,S,
1,6205,SC    ,CA,89.71,-211.86,,-211.86,0,0,0,CONTRACTOR,,0,871.79,,6/24/1996,,6/24/1996,,,CO,
1,6413,YC    ,CA,665.6,665.6,,665.6,0,0,0,MIXED USE,,0,5844.41,,1/1/1980,,1/1/1980,,,CO,
1,6488,Y     ,PA,0,2004,,2004,0,0,0,,,0,6226.54,,8/8/2017,,8/8/2017,,,Y,
1,6542,YC    ,CA,0,0,,0,0,0,0,WINERY,,0,14297.48,,4/15/2005,,4/15/2005,,,CO,
1,6640,C     ,CA,514.46,514.46,,514.46,0,0,0,RESTAURANT,,0,3510.64,,5/5/2005,,5/5/2005,,,C,
1,6782,SC    ,PA,0,0,,0,0,0,0,,,0,16971.85,,6/1/2005,,6/1/2005,,,CO,
1,6796,SC    ,CA,1772.84,2042.84,,2042.84,0,0,0,RESTAURANT,,0,15801.62,,6/8/2005,,6/8/2005,,,CO,
1,6835,AC    ,CA,482.56,482.56,,482.56,0,0,0,WINERY,,0,4394.96,,5/17/1999,,5/17/1999,,,CO,
1,7162,YC    ,CA,760.91,0,,0,0,0,0,WINERY,,0,6914.3,,1/1/1980,,1/1/1980,,,CO,
1,7567,S     ,CA,363.91,369.37,,369.37,0,0,0,CONTRACTOR,,0,3312.28,,8/2/2005,,8/2/2005,,,S,
1,7679,S     ,CA,32.62,0,,0,0,0,0,COMMUNITY,,0,296.44,,8/2/2005,,,,,S,
1,7849,S     ,CA,2238.2,3332.55,,2254.37,1078.18,0,0,MIXED USE,,0,17737.99,,8/5/2005,,8/5/2005,,,S,
1,8041,SC    ,CA,134.57,0,,0,0,0,0,LODGING,,0,1222.82,,4/30/2008,,,,,CO,
1,8045,SC    ,CA,179.42,0,,0,0,0,0,WINERY,,0,1642.61,,8/30/2005,,,,,CO,
1,8063,S     ,CA,1048.95,1398.95,,1398.95,0,0,0,GROCERY,,0,11425.27,,9/6/2005,,9/6/2005,,,S,
1,8112,SC    ,PA,0,268.2,,268.2,0,0,0,,,0,5435.48,,5/30/2006,,5/30/2006,,,CO,
1,8141,AC    ,CA,540.19,548.29,,548.29,0,0,0,WINERY,,0,4930.48,,10/3/2005,,10/3/2005,,,CO,
1,8212,S     ,CA,269.13,269.13,,269.13,0,0,0,MULTIFAMIL,,0,2445.72,,10/10/2005,,,,,S,
1,8213,S     ,CA,65.24,65.24,,65.24,0,0,0,DUPLEX,,0,592.88,,10/18/2005,,,,,S,
1,8327,AC    ,CA,89.71,0,,0,0,0,0,WINERY,,0,815.2,,11/9/2005,,11/9/2005,,,CO,
1,8348,CC    ,TA,0,0,,0,0,0,0,,,0,0,,11/10/2020,,,,,CO,
1,8472,C     ,TA,0,0,,0,0,0,0,,,0,0,,4/2/2007,,4/2/2007,,,CO,
1,8626,YC    ,CA,89.71,89.71,,89.71,0,0,0,WINERY,,0,816.55,,2/13/2006,,2/13/2006,,,CO,
1,8657,S     ,CA,97.87,0,,0,0,0,0,RESTAURANT,,0,927.66,,2/28/2006,,2/28/2006,,,S,
1,8688,AC    ,CA,269.14,273.18,,273.18,0,0,0,,,0,2453.72,,3/8/2006,,3/8/2006,,,CO,
1,8747,SC    ,CA,583.49,583.49,,583.49,0,0,0,WINERY,,0,5302.1,,3/27/2006,,3/27/2006,,,CO,
1,8758,YC    ,CA,1130.67,2733.18,,1277.51,1455.67,0,0,WINERY,,0,9808.57,,4/10/2006,,4/10/2006,,,CO,
1,8800,CL    ,CA,304.02,63.9,,63.9,0,0,0,MULTIFAMIL,,0,2762.64,,4/13/2006,,,,,CL,
1,8818,CC    ,CA,370.07,370.07,,370.07,0,0,0,WINERY,,0,3387.17,,4/20/2006,,,,,CO,
1,8883,CC    ,CA,482.56,482.56,,482.56,0,0,0,CONTRACTOR,,0,4384.96,,5/18/2006,,5/18/2006,,,CO,
1,8913,YC    ,CA,269.14,269.14,,269.14,0,0,0,,,0,2445.64,,5/19/2006,,5/19/2006,,,CO,
1,8959,YC    ,CA,844.48,0,,0,0,0,0,WINERY,,0,8209.72,,5/29/2006,,,,,CO,
1,9045,SC    ,PA,0,0,,0,0,0,0,,,0,15353.56,,6/19/2006,,6/19/2006,,,CO,
1,9090,Y     ,CA,177.16,0,,0,0,0,0,WINERY,,0,1609.84,,7/3/2006,,,,,Y,
1,9121,YC    ,CA,1624.18,1723.54,,1723.54,0,0,0,WINERY,,0,13713.58,,7/5/2006,,7/5/2006,,,CO,
1,9195,CC    ,CA,134.57,0,,0,0,0,0,WINERY,,0,1222.82,,7/20/2006,,,,,CO,
1,9349,YC    ,CA,72.9,0,,0,0,0,0,WINERY,,0,662.46,,8/21/2006,,8/21/2006,,,CO,
1,9368,YC    ,CA,1638.21,1638.21,,1638.21,0,0,0,WINERY,,0,15332.26,,8/24/2006,,8/24/2006,,,CO,
1,9375,C     ,MA,1782.8,0,,0,0,0,0,PARK,,0,0,,8/24/2006,,8/24/2006,,,C,
1,9376,S     ,CA,1185.33,2388.44,,1203.11,1185.33,0,0,RESTAURANT,,0,6406.6,,8/24/2006,,8/24/2006,,,S,
1,9481,Y     ,CA,1601.16,1736.16,,1736.16,0,0,0,RESTAURANT,,0,16483.07,,9/20/2006,,9/20/2006,,,Y,
1,9784,YC    ,CA,134.57,134.57,,134.57,0,0,0,VINEYARD,,0,1222.82,,1/3/2007,,1/3/2007,,,CO,
1,9819,S     ,CA,32.62,32.62,,32.62,0,0,0,RETAIL,,0,296.94,,1/9/2007,,,,,S,
1,9846,S     ,CA,97.87,97.87,,97.87,0,0,0,COMMUNITY,,0,889.36,,1/16/2007,,1/16/2007,,,S,
1,9850,Y     ,CA,253.08,253.08,,253.08,0,0,0,RETAIL,,0,2299.74,,1/22/2007,,,,,Y,
1,9860,S     ,MA,0,0,,0,0,0,0,,,0,3672.62,,1/23/1989,,1/23/1989,,,S,
1,9867,S     ,CA,696.01,0,,0,0,0,0,,,0,3604.48,,5/15/2021,,11/28/1990,,,S,
1,9906,AC    ,CA,1005.67,0,,0,0,0,0,CONTRACTOR,,0,9138.4,,4/13/1994,,4/13/1994,,,CO,
1,9910,YC    ,CA,44.86,44.86,,44.86,0,0,0,POSTOFFICE,,0,407.62,,2/19/2007,,2/19/2007,,,CO,
1,9920,CL    ,CA,2317.12,2317.12,,2317.12,0,0,0,MULTIFAMIL,,0,21489.28,,6/9/1986,,,,,CL,
1,9928,YC    ,CA,269.14,377.23,,377.23,0,0,0,CHURCH,,0,5212.57,,7/8/1987,,7/8/1987,,,CO,
1,9929,C     ,CA,1627.98,0,,0,0,0,0,LODGING,,0,14994.99,,7/18/1994,,7/18/1994,,,C,
1,9964,C     ,CA,276.77,276.77,,276.77,0,0,0,MEDICAL,,0,2518.44,,3/8/2007,,,,,C,
1,9992,SC    ,CA,6639.69,6639.69,,6639.69,0,0,0,,,0,26755.03,,10/21/1986,,10/21/1986,,,CO,
1,10010,CC    ,PA,0,1117.77,,1117.77,0,0,0,,,0,12166.69,,9/10/1987,,9/10/1987,,,CO,
1,10054,SC    ,MA,0,0,,0,0,0,0,,,0,1497.26,,3/25/2013,,3/25/2013,,,CO,
1,10065,SC    ,CA,2816.91,0,,0,0,0,0,WINERY,,0,34025.92,,4/17/1995,,4/17/1995,,,CO,
1,10067,YC    ,CA,5246.71,10572.12,,5325.41,5246.71,0,0,WINERY,,0,48397.98,,1/26/1998,,1/26/1998,,,CO,
1,10071,YC    ,CA,3322.57,3372.57,,3372.57,0,0,0,WINERY,,0,29964.18,,9/14/1994,,9/14/1994,,,CO,
1,10076,SC    ,CA,1898.55,1898.55,,1898.55,0,0,0,LODGING-FW,,0,14147.07,,6/24/1986,,6/24/1986,,,CO,
1,10082,Y     ,CA,303.72,303.72,,303.72,0,0,0,MULTIFAMIL,,0,2760.51,,12/1/1989,,,,,Y,
1,10083,YC    ,CA,1558.21,3139.79,,1581.58,1558.21,0,0,UTILITY,,0,14222.33,,6/25/1986,,6/25/1986,,,CO,
1,10095,YC    ,PA,0,5789.22,,3349.8,2439.42,0,0,,,0,26455.32,,10/27/1988,,10/27/1988,,,CO,
1,10103,CL    ,CA,428.24,563.24,,563.24,0,0,0,MULTIFAMIL,,0,5074.42,,2/25/1991,,,,,CL,
1,10106,C     ,CA,1791.03,1801.03,,1801.03,0,0,0,LODGING,,10,13852.4,,7/13/1990,,7/13/1990,,,C,
1,10109,C     ,PA,0,2738.46,,2738.46,0,0,0,,,0,33488.27,,10/19/1988,,10/19/1988,,,C,
1,10112,Y     ,CA,202.48,0,,0,0,0,0,CHURCH,,0,1122.1,,8/6/1990,,8/6/1990,,,Y,
1,10139,S     ,CA,1511.27,1511.27,,1511.27,0,0,0,STRIP MALL,,0,15326.8,,4/24/2007,,,,,S,
1,10144,CL    ,CA,608.04,608.04,,608.04,0,0,0,MULTIFAMIL,,0,5525.28,,10/22/1981,,10/22/1981,,,CL,
1,10145,CL    ,CA,6451.98,13000.74,,6548.76,6451.98,0,0,MOBILEHOME,,0,58726.14,,4/29/1981,,4/29/1981,,,CL,
1,10154,C     ,CA,2398.21,2398.21,,2398.21,0,0,0,LODGING,,0,23409.31,,1/7/1985,,,,,C,
1,10160,C     ,CA,439.46,439.46,,439.46,0,0,0,,,0,3993.32,,4/29/1981,,,,,C,
1,10161,C     ,CA,140.51,140.51,,140.51,0,0,0,OFFICE BLD,,0,1284.62,,10/23/1986,,10/23/1986,,,C,
1,10174,C     ,CA,439.46,439.46,,439.46,0,0,0,RETAIL,,0,3993.32,,4/29/1981,,4/29/1981,,,C,
1,10185,S     ,CA,65.25,65.25,,65.25,0,0,0,ENTERTAINM,,0,593.75,,4/24/2007,,4/24/2007,,,S,
1,10209,C     ,CA,255.93,255.93,,255.93,0,0,0,POSTOFFICE,,0,2328.79,,8/19/1987,,8/19/1987,,,C,
1,10216,C     ,CN,474.1,0,,0,0,0,0,,,0,0,,7/24/1987,,7/24/1987,,,C,
1,10222,C     ,CA,138.56,138.56,,138.56,0,0,0,OFFICE BLD,,0,1262.64,,4/29/1981,,4/29/1981,,,C,
1,10224,C     ,CA,882.9,882.9,,882.9,0,0,0,LODGING,,0,7089.89,,7/15/1983,,,,,C,
1,10227,C     ,CA,69.28,69.28,,69.28,0,0,0,MEDICAL,,0,630.06,,4/21/1994,,4/21/1994,,,C,
1,10233,CL    ,CA,4931.88,0,,0,0,0,0,MOBILEHOME,,0,44816.16,,12/8/1988,,12/8/1988,,,CL,
1,10238,CL    ,CA,67.56,78.34,,68.06,10.28,0,0,MULTIFAMIL,,0,614.42,,4/29/1981,,4/29/1981,,,CL,
1,10239,CL    ,CA,67.56,78.34,,68.06,10.28,0,0,,,0,614.42,,8/4/1988,,8/4/1988,,,CL,
1,10247,C     ,CA,3008.71,3008.71,,3008.71,0,0,0,GROCERY,,0,27339.88,,3/22/1988,,3/22/1988,,,C,
1,10248,S     ,CA,743.93,0,,0,0,0,0,AUTO,,0,6378.5,,1/15/1987,,1/15/1987,,,S,
1,10250,S     ,CA,2035.83,2035.83,,2035.83,0,0,0,LODGING-FW,,0,15549.56,,9/9/1985,,9/9/1985,,,S,
1,10255,CC    ,CA,4567.25,4612.25,,4612.25,0,0,0,WINERY,,0,44018.98,,5/10/2007,,5/10/2007,,,CO,
1,10257,S     ,CA,97.87,97.87,,97.87,0,0,0,AUTO,,0,889.36,,10/17/1986,,10/17/1986,,,S,
1,10260,C     ,CA,69.28,139.6,,70.32,69.28,0,0,OFFICE BLD,,0,633.24,,12/28/1995,,12/28/1995,,,C,
1,10262,S     ,CA,195.74,198.68,,198.68,0,0,0,OFFICE BLD,,0,1786.64,,4/29/1981,,4/29/1981,,,S,
1,10263,S     ,CA,1278.97,0,,0,0,0,0,RESTAURANT,,0,11812.12,,9/3/1996,,9/3/1996,,,S,
1,10265,S     ,CA,6347.58,6797.58,,6797.58,0,0,0,GROCERY,,0,57441.58,,6/1/1982,,6/1/1982,,,S,
1,10271,S     ,CA,363.91,363.91,,363.91,0,0,0,AUTO,,0,3502.54,,4/29/1981,,4/29/1981,,,S,
1,10289,S     ,CA,743.93,818.93,,818.93,0,0,0,HOME IMPRO,,0,6694.82,,4/29/1981,,4/29/1981,,,S,
1,10295,S     ,CA,363.91,0,,0,0,0,0,RETAIL,,0,3306.82,,3/17/1992,,3/17/1992,,,S,
1,10301,S     ,CA,171.28,345.13,,173.85,171.28,0,0,POSTOFFICE,,0,1558.2,,12/1/1986,,12/1/1986,,,S,
1,10302,S     ,MA,1780.67,0,,0,0,0,0,PARK,,0,8455.59,,5/12/1987,,5/12/1987,,,S,
1,10303,S     ,MA,668.93,0,,0,0,0,0,UTILITY,,0,3436.82,,4/29/1981,,4/29/1981,,,S,
1,10304,S     ,MA,1358.97,0,,0,0,0,0,PARK,,0,7509.05,,4/26/1988,,4/26/1988,,,S,
1,10306,S     ,CA,97.87,97.87,,97.87,0,0,0,OFFICE BLD,,0,893.08,,11/20/1990,,11/20/1990,,,S,
1,10310,S     ,CA,97.87,97.87,,97.87,0,0,0,OFFICE BLD,,0,890.6,,4/1/1986,,4/1/1986,,,S,
1,10316,S     ,CA,363.91,363.91,,363.91,0,0,0,CONTRACTOR,,0,3513.98,,8/29/1995,,8/29/1995,,,S,
1,10317,S     ,CA,505.47,505.47,,505.47,0,0,0,AUTO,,0,4456.07,,4/29/1981,,4/29/1981,,,S,
1,10318,S     ,CA,668.93,668.93,,668.93,0,0,0,UTILITY,,0,6078.5,,11/2/1982,,11/2/1982,,,S,
1,10321,S     ,CA,743.93,743.93,,743.93,0,0,0,AUTO,,0,6378.5,,4/29/1981,,4/29/1981,,,S,
1,10323,S     ,CA,1843.37,3714.39,,1871.02,1843.37,0,0,MULTIFAMIL,,0,16968.73,,4/29/1981,,4/29/1981,,,S,
1,10324,S     ,MA,453.91,0,,0,0,0,0,,,0,3902.28,,2/4/1992,,2/4/1992,,,S,
1,10325,S     ,CA,97.87,97.87,,97.87,0,0,0,COMMUNITY,,0,889.36,,9/1/1981,,,,,S,
1,10327,S     ,CA,97.87,97.87,,97.87,0,0,0,VINEYARD,,0,890.6,,4/29/1981,,,,,S,
1,10328,S     ,CA,1500.79,0,,0,0,0,0,BAKERY,,0,13521.28,,5/3/1985,,,,,S,
1,10333,S     ,CA,195.75,-123.32,,-123.32,0,0,0,MULTIFAMIL,,0,1753.23,,4/4/1989,,,,,S,
1,10334,S     ,CA,363.91,373.91,,373.91,0,0,0,GROCERY,,0,3625.88,,4/29/1981,,4/29/1981,,,S,
1,10335,S     ,CA,363.91,1196.39,,637.07,559.32,0,0,SCHOOL,,45,2509.2,,4/29/1981,,,,,S,
1,10340,S     ,CA,97.87,0,,0,0,0,0,OFFICE BLD,,0,890.83,,1/15/1991,,1/15/1991,,,S,
1,10342,S     ,CA,391.48,391.48,,391.48,0,0,0,MEDICAL,,0,3557.44,,9/7/1986,,9/7/1986,,,S,
1,10343,S     ,CA,3208.23,3208.23,,3208.23,0,0,0,HOA,,0,28911.69,,3/1/1988,,3/1/1988,,,S,
1,10344,S     ,CA,7013.3,7013.3,,7013.3,0,0,0,MOBILEHOME,,0,63734.6,,3/1/1988,,3/1/1988,,,S,
1,10345,S     ,CA,668.93,668.93,,668.93,0,0,0,INDUSTRIAL,,0,6078.5,,4/29/1981,,4/29/1981,,,S,
1,10346,S     ,CA,363.91,363.91,,363.91,0,0,0,WINERY,,0,3306.82,,4/29/1981,,4/29/1981,,,S,
1,10347,S     ,CA,2036.81,2036.81,,2036.81,0,0,0,NRSG HOME,,0,18593.9,,4/29/1981,,4/29/1981,,,S,
1,10348,S     ,CA,1170.63,1170.63,,1170.63,0,0,0,MULTIFAMIL,,0,10667.26,,11/18/1986,,11/18/1986,,,S,
1,10349,S     ,CA,413.91,413.91,,413.91,0,0,0,MULTIFAMIL,,0,4102.6,,10/17/1990,,10/17/1990,,,S,
1,10355,S     ,CA,668.93,668.93,,668.93,0,0,0,OFFICE BLD,,0,6176.37,,3/29/1988,,3/29/1988,,,S,
1,10366,CL    ,CA,506.7,506.7,,506.7,0,0,0,MULTIFAMIL,,0,4604.4,,11/7/1991,,11/7/1991,,,CL,
1,10368,SC    ,CA,1658.21,1658.21,,1658.21,0,0,0,LODGING-FW,,0,14953.26,,9/7/1989,,9/7/1989,,,CO,
1,10373,S     ,CA,363.91,363.91,,363.91,0,0,0,CHURCH,,0,3306.82,,1/6/1988,,1/6/1988,,,S,
1,10374,S     ,CA,363.91,0,,0,0,0,0,COMMUNITY,,0,3497.08,,9/14/1993,,9/14/1993,,,S,
1,10378,S     ,CA,430.47,0,,0,0,0,0,CHURCH,,0,3911.64,,4/29/1981,,,,,S,
1,10383,S     ,CA,2804.07,0,,0,0,0,0,OFFICE BLD,,0,25480.26,,8/10/1994,,8/10/1994,,,S,
1,10384,S     ,CA,363.91,623.98,,367.75,256.23,0,0,CONTRACTOR,,0,3118.29,,4/29/1981,,4/29/1981,,,S,
1,10390,Y     ,CA,101.24,101.24,,101.24,0,0,0,CHURCH,,0,954.5,,12/1/1989,,,,,Y,
1,10394,Y     ,CA,8471.2,8598.27,,8598.27,0,0,0,MOBILEHOME,,0,77098.53,,12/1/1989,,12/1/1989,,,Y,
1,10395,Y     ,CA,1601.16,1601.16,,1601.16,0,0,0,LODGING,,0,13416.73,,12/1/1989,,12/1/1989,,,Y,
1,10400,Y     ,CA,101.24,101.24,,101.24,0,0,0,OFFICE BLD,,0,923.81,,12/1/1989,,12/1/1989,,,Y,
1,10403,Y     ,CA,1548.35,0,,0,0,0,0,STRIP MALL,,0,15473.38,,5/21/1990,,5/21/1990,,,Y,
1,10410,C     ,CA,103.93,0,,0,0,0,0,LODGING-FW,,0,944.38,,6/7/2007,,,,,C,
1,10411,C     ,CA,802.51,877.51,,877.51,0,0,0,LODGING,,0,6530.47,,6/18/1993,,6/18/1993,,,C,
1,10418,Y     ,CA,101.24,0,,0,0,0,0,CHURCH,,0,919.94,,12/1/1989,,12/1/1989,,,Y,
1,10427,Y     ,MA,839.35,0,,0,0,0,0,COMMUNITY,,0,3318.96,,12/4/1989,,12/4/1989,,,Y,
1,10432,Y     ,CA,1649.14,1649.14,,1649.14,0,0,0,NRSG HOME,,0,14985.52,,12/1/1989,,12/1/1989,,,Y,
1,10433,CC    ,MA,482.56,0,,0,0,0,0,MEMBER,,0,2454.72,,9/1/1981,,9/1/1981,,,CO,
1,10434,CC    ,PA,0,0,,0,0,0,0,,,0,5468.85,,10/3/1986,,10/3/1986,,,CO,
1,10435,CC    ,CA,890.4,1794.16,,903.76,890.4,0,0,VINEYARD,,0,8127,,4/29/1981,,4/29/1981,,,CO,
1,10438,CC    ,CA,1966.06,1966.06,,1966.06,0,0,0,GROUP HOME,,0,17691.63,,6/10/1987,,6/10/1987,,,CO,
1,10439,CC    ,CA,44.86,44.86,,44.86,0,0,0,,,0,407.62,,11/9/1989,,,,,CO,
1,10442,CC    ,CA,1585.28,1585.28,,1585.28,0,0,0,INDUSTRIAL,,0,14405.3,,4/7/1987,,4/7/1987,,,CO,
1,10445,CC    ,CA,1488.25,0,,0,0,0,0,WINERY,,0,13553.06,,5/30/1990,,5/30/1990,,,CO,
1,10448,AC    ,CA,3499.08,3499.08,,3499.08,0,0,0,HOSPITAL,,0,31794.36,,3/7/1990,,3/7/1990,,,CO,
1,10453,SC    ,CA,482.56,482.56,,482.56,0,0,0,MOBILEHOME,,0,4384.96,,11/23/1994,,11/23/1994,,,CO,
1,10459,YC    ,CA,482.56,0,,0,0,0,0,HOSPITAL,,0,4384.96,,4/29/1981,,4/29/1981,,,CO,
1,10461,SC    ,CA,890.4,890.4,,890.4,0,0,0,WINERY,,0,8102.32,,3/27/1996,,3/27/1996,,,CO,
1,10471,SC    ,CA,965.4,1654.52,,965.4,689.12,0,0,POLICEFIRE,,0,8159.72,,2/7/1986,,2/7/1986,,,CO,
1,10475,SC    ,CA,965.4,0,,0,0,0,0,WINERY,,0,8391,,6/1/1990,,6/1/1990,,,CO,
1,10480,SC    ,CA,134.57,134.57,,134.57,0,0,0,SCHOOL,,0,269.14,,9/1/2021,,9/1/2021,,,CO,
1,10483,SC    ,CA,890.4,0,,0,0,0,0,VINEYARD,,0,8091,,9/22/1989,,9/22/1989,,,CO,
1,10484,SC    ,PA,0,9406.05,,9406.05,0,0,0,,,1867.8,75949.38,,2/28/1997,,2/28/1997,,,CO,
1,10487,AC    ,CA,482.56,482.56,,482.56,0,0,0,CHURCH,,0,4384.96,,4/29/1981,,,,,CO,
1,10488,PV    ,CA,699.2,1543.05,,711.67,831.38,0,0,SCHOOL,,0,4549.5,,10/9/1986,,10/9/1986,,,PV,
1,10490,AC    ,CA,482.56,1103.66,,619.8,483.86,0,0,SCHOOL,,0,4897.34,,8/30/1995,,8/30/1995,,,CO,
1,10492,AC    ,CA,269.14,542.32,,273.18,269.14,0,0,,,0,2378.75,,2/4/1987,,2/4/1987,,,CO,
1,10500,S     ,CA,363.91,363.91,,363.91,0,0,0,MINI MART,,0,3646.8,,6/12/2007,,6/12/2007,,,S,
1,10503,YC    ,CA,667.81,0,,0,0,0,0,VINEYARD,,0,6068.32,,9/2/1996,,9/2/1996,,,CO,
1,10507,YC    ,CA,965.4,965.4,,965.4,0,0,0,WINERY,,0,9051.45,,11/21/1985,,11/21/1985,,,CO,
1,10510,YC    ,CA,1447.1,2915.91,,1468.81,1447.1,0,0,VINEYARD,,0,13208.19,,4/29/1981,,4/29/1981,,,CO,
1,10512,YC    ,CA,134.57,134.57,,134.57,0,0,0,WINERY,,0,1222.82,,12/1/1982,,12/1/1982,,,CO,
1,10516,YC    ,CA,890.4,890.4,,890.4,0,0,0,VINEYARD,,0,8130.88,,4/5/1989,,4/5/1989,,,CO,
1,10518,YC    ,PA,0,2009.27,,2009.27,0,0,0,,,0,14554.78,,9/27/1988,,9/27/1988,,,CO,
1,10519,YC    ,CA,0,4956.85,,4956.85,0,0,0,WINERY,,0,39376.42,,9/29/1982,,9/29/1982,,,CO,
1,10521,YC    ,CA,2440.1,2487.38,,2487.38,0,0,0,WINERY,,0,19881.15,,9/14/1987,,9/14/1987,,,CO,
1,10522,YC    ,CA,134.57,273.18,,136.59,136.59,0,0,POSTOFFICE,,0,1213.91,,4/29/1981,,4/29/1981,,,CO,
1,10523,YC    ,CA,1708.21,0,,0,0,0,0,WINERY,,0,14759.32,,9/20/1995,,9/20/1995,,,CO,
1,10524,YC    ,CA,1373.25,1373.25,,1373.25,0,0,0,GROCERY,,0,11970.27,,4/29/1981,,,,,CO,
1,10525,YC    ,CA,3579.43,3625.19,,3625.19,0,0,0,WINERY,,0,31043.55,,9/5/1990,,9/5/1990,,,CO,
1,10531,YC    ,CA,2532.43,2532.43,,2532.43,0,0,0,VINEYARD,,0,21327.23,,3/19/2018,,,,,CO,
1,10532,YC    ,CA,2721.53,2721.53,,2721.53,0,0,0,WINERY,,0,23141.35,,11/3/1993,,11/3/1993,,,CO,
1,10535,YC    ,CA,890.4,980.4,,980.4,0,0,0,VINEYARD,,0,9418.36,,4/29/1981,,4/29/1981,,,CO,
1,10536,YC    ,PA,0,3853.85,,3853.8,0.05,0,0,,,1717.8,25848.72,,10/1/1986,,10/1/1986,,,CO,
1,10545,S     ,PA,0,6391.76,,6391.76,0,0,0,,,0,57882.69,,9/11/1991,,9/11/1991,,,S,
1,10546,C     ,PA,0,616.02,,616.02,0,0,0,,,0,45115.51,,6/27/2007,,6/27/2007,,,C,
1,10550,S     ,CA,363.91,363.91,,363.91,0,0,0,AUTO,,0,3306.82,,4/29/1981,,,,,S,
1,10551,S     ,PA,0,1753.61,,1753.61,0,0,0,,,0,26446.39,,10/8/1986,,10/8/1986,,,S,
1,10553,S     ,CA,405.39,405.39,,405.39,0,0,0,CONTRACTOR,,0,3688.92,,4/29/1981,,4/29/1981,,,S,
1,10555,S     ,TA,0,0,,0,0,0,0,,,0,3056.3,,8/31/2012,,8/31/2012,,,S,
1,10556,S     ,CA,1197.36,0,,0,0,0,0,WINERY,,0,8513.35,,10/1/1986,,10/1/1986,,,S,
1,10557,S     ,PA,0,2459.86,,2192.58,267.28,0,0,,,0,13810.54,,10/1/1986,,10/1/1986,,,S,
1,10558,Y     ,CA,2327.97,2477.97,,2477.97,0,0,0,GROCERY,,0,21031.71,,12/1/1989,,12/1/1989,,,Y,
1,10561,Y     ,CA,1861.82,1861.82,,1861.82,0,0,0,MULTIFAMIL,,0,16639.86,,12/1/1989,,12/1/1989,,,Y,
1,10579,S     ,MA,171.28,0,,0,0,0,0,MEMBER,,0,880.04,,6/26/2007,,6/26/2007,,,S,
1,10588,YC    ,CA,482.56,482.56,,482.56,0,0,0,,,0,4384.96,,3/14/1984,,,,,CO,
1,10608,Y     ,CA,1655.3,1825.3,,1825.3,0,0,0,,,0,15208.39,,7/6/2007,,7/6/2007,,,Y,
1,10613,SC    ,CA,482.56,478.36,,478.36,0,0,0,CONTRACTOR,,0,4491.94,,3/28/1995,,,,,CO,
1,10625,S     ,PA,0,1766.56,,1766.56,0,0,0,,,0,9861.89,,6/11/1988,,6/11/1988,,,S,
1,10626,S     ,CA,438.91,0,,0,0,0,0,HOME IMPRO,,0,3681.82,,10/1/1987,,,,,S,
1,10628,C     ,CA,515.46,0,,0,0,0,0,MEDICAL,,0,4885.56,,7/6/2007,,7/6/2007,,,C,
1,10638,S     ,CA,413.91,413.91,,413.91,0,0,0,OFFICE BLD,,0,4979.18,,7/6/2007,,7/6/2007,,,S,
1,10642,S     ,CA,363.91,383.91,,383.91,0,0,0,LODGING,,0,3801.47,,4/4/2017,,4/20/1990,,,S,
1,10648,YC    ,CA,1788.94,1788.94,,1788.94,0,0,0,WINERY,,0,16278.71,,7/11/2007,,7/11/2007,,,CO,
1,10669,PV    ,CA,233.06,233.06,,233.06,0,0,0,WINERY,,0,2127.26,,7/27/2007,,7/27/2007,,,PV,
1,10729,C     ,MA,0,0,,0,0,0,0,,,0,34321.85,,1/23/1991,,1/23/1991,,,C,
1,10730,YC    ,CA,1856.1,1856.1,,1856.1,0,0,0,WINERY,,0,16143.04,,2/9/1989,,2/9/1989,,,CO,
1,10771,SC    ,CA,1040.4,0,,0,0,0,0,WINERY,,0,8841,,8/20/2007,,8/20/2007,,,CO,
1,10778,S     ,CA,32.62,0,,0,0,0,0,ENTERTAINM,,0,296.44,,8/21/2007,,8/21/2007,,,S,
1,10791,YC    ,CA,131.25,264.47,,133.22,131.25,0,0,WINERY,,0,1196.32,,12/1/1988,,12/1/1988,,,CO,
1,10831,S     ,CA,503.88,388.83,,388.83,0,0,0,OFFICE BLD,,0,3339.53,,6/8/1989,,6/8/1989,,,S,
1,10870,CC    ,CA,1040.4,0,,0,0,0,0,WINERY,,0,11776.11,,9/22/2010,,9/22/2010,,,CO,
1,10879,YC    ,CA,1298.25,1298.25,,1298.25,0,0,0,,,0,11797.08,,12/22/1988,,12/22/1988,,,CO,
1,10885,SC    ,PA,0,1697.94,,1697.94,0,0,0,,,1697.94,12367.48,,10/27/1986,,10/27/1986,,,CO,
1,10900,S     ,CA,171.28,171.28,,171.28,0,0,0,,,0,1219.37,,6/16/1995,,6/16/1995,,,S,
1,10922,S     ,CA,1353.97,1353.97,,1353.97,0,0,0,OFFICE BLD,,0,11921.86,,12/3/1990,,12/3/1990,,,S,
1,10924,CC    ,CA,89.71,89.71,,89.71,0,0,0,HOME IMPRO,,0,815.2,,11/23/1994,,,,,CO,
1,10929,SC    ,CA,134.57,134.57,,134.57,0,0,0,WINERY,,0,1163.46,,2/20/1991,,2/20/1991,,,CO,
1,10959,YC    ,CA,813.49,924.85,,924.85,0,0,0,WINERY,,0,6294.4,,7/9/1990,,7/9/1990,,,CO,
1,10964,S     ,CA,743.93,743.93,,743.93,0,0,0,UTILITY,,0,6378.5,,12/17/1987,,12/17/1987,,,S,
1,11025,CL    ,CA,202.68,0,,0,0,0,0,MULTIFAMIL,,0,1841.76,,7/13/1989,,7/13/1989,,,CL,
1,11049,YC    ,CA,2032.03,2182.03,,2182.03,0,0,0,WINERY,,0,17696.28,,6/10/1996,,6/10/1996,,,CO,
1,11086,YC    ,CA,482.56,0,,0,0,0,0,VINEYARD,,0,4391.1,,12/10/2007,,12/10/2007,,,CO,
1,11103,S     ,CA,668.93,0,,0,0,0,0,,,0,2723.08,,12/21/2007,,12/21/2007,,,S,
1,11110,C     ,CA,103.93,103.93,,103.93,0,0,0,MEDICAL,,0,947,,1/3/2008,,1/3/2008,,,C,
1,11132,CL    ,CA,168.9,0,,0,0,0,0,MULTIFAMIL,,0,1534.8,,6/25/1998,,6/25/1998,,,CL,
1,11147,CL    ,CA,7995.2,7995.2,,7995.2,0,0,0,MOBILEHOME,,0,61128.56,,12/20/2007,,,,,CL,
1,11149,S     ,PA,0,4120.98,,4120.98,0,0,0,,,0,33895.15,,4/18/1988,,4/18/1988,,,S,
1,11157,S     ,CA,32.62,0,,0,0,0,0,RETAIL,,0,296.44,,7/16/1985,,7/16/1985,,,S,
1,11162,SC    ,CA,1723.97,-1825.97,,-1825.97,0,0,0,WINERY,,0,16917.15,,8/17/1981,,,,,CO,
1,11174,YC    ,CA,890.4,1001.76,,1001.76,0,0,0,WINERY,,0,8323.72,,5/30/1994,,5/30/1994,,,CO,
1,11206,AC    ,TA,0,1227.72,,1227.72,0,0,0,,,0,8527.12,,8/8/2016,,4/22/2011,,,CO,
1,11224,C     ,CA,103.92,-24.87,,-24.87,0,0,0,MULTIFAMIL,,0,944.34,,1/24/2008,,,,,C,
1,11255,S     ,CA,1048.95,1048.95,,1048.95,0,0,0,SCHOOL,,0,9285.18,,10/24/1989,,10/24/1989,,,S,
1,11256,S     ,CA,146.82,-17.29,,-17.29,0,0,0,SCHOOL,,0,466.67,,11/1/1991,,11/1/1991,,,S,
1,11276,YC    ,CA,89.71,89.71,,89.71,0,0,0,,,0,897.66,,9/24/1997,,9/24/1997,,,CO,
1,11282,S     ,CA,97.87,97.87,,97.87,0,0,0,COMMUNITY,,0,889.36,,2/19/2008,,2/19/2008,,,S,
1,11302,S     ,CA,1481.22,1481.22,,1481.22,0,0,0,WINERY,,0,12771.66,,6/2/1989,,6/2/1989,,,S,
1,11309,YC    ,CA,3698.56,3773.56,,3773.56,0,0,0,WINERY,,0,33833.66,,3/27/1992,,3/27/1992,,,CO,
1,11342,Y     ,CA,435.94,435.94,,435.94,0,0,0,BAR NO FW,,0,3961.36,,2/19/1996,,,,,Y,
1,11349,PV    ,CA,365.88,365.88,,365.88,0,0,0,PARK,,0,3294.8,,4/4/2008,,4/4/2008,,,PV,
1,11361,AC    ,CA,269.14,542.32,,273.18,269.14,0,0,,,0,2456.52,,5/28/1982,,5/28/1982,,,CO,
1,11370,YC    ,CA,2266.06,2476.06,,2476.06,0,0,0,WINERY,,10,19836.5,,4/1/1988,,4/1/1988,,,CO,
1,11402,C     ,CA,2139.51,2444.51,,2444.51,0,0,0,LODGING-FW,,0,15924.74,,2/15/1996,,2/15/1996,,,C,
1,11405,YC    ,PA,0,10133.8,,10133.8,0,0,0,,,3075.91,44721.39,,10/3/1986,,10/3/1986,,,CO,
1,11436,S     ,CA,892.19,892.19,,892.19,0,0,0,WINERY,,0,8450.76,,4/30/1987,,4/30/1987,,,S,
1,11451,CL    ,CA,862.31,862.31,,862.31,0,0,0,MULTIFAMIL,,0,8153.86,,11/24/1987,,11/24/1987,,,CL,
1,11457,S     ,CA,363.91,0,,0,0,0,0,RETAIL,,0,3306.82,,6/14/1994,,6/14/1994,,,S,
1,11474,S     ,CA,32.62,32.62,,32.62,0,0,0,COMMUNITY,,0,296.94,,4/29/2008,,4/29/2008,,,S,
1,11483,YC    ,CA,3450.26,3450.26,,3450.26,0,0,0,WINERY,,0,29755.86,,1/1/1991,,1/1/1991,,,CO,
1,11512,S     ,CA,163.1,163.1,,163.1,0,0,0,MULTIFAMIL,,0,1484.27,,4/12/1994,,4/12/1994,,,S,
1,11513,SC    ,CA,965.4,965.4,,965.4,0,0,0,WINERY,,0,8391,,1/17/1983,,1/17/1983,,,CO,
1,11522,YC    ,CA,540.19,-469.11,,-469.11,0,0,0,WINERY,,0,4983.64,,5/9/2008,,,,,CO,
1,11529,S     ,CA,363.91,0,,0,0,0,0,WINERY,,0,3306.82,,9/2/1986,,,,,S,
1,11531,Y     ,MA,1308,0,,0,0,0,0,MEMBER,,0,2217.6,,12/1/1989,,12/1/1989,,,Y,
1,11536,YC    ,CA,293.71,293.71,,293.71,0,0,0,WINERY,,0,8178.57,,9/21/1988,,9/21/1988,,,CO,
1,11547,YC    ,TA,0,888.62,,888.62,0,0,0,,,0,2927.67,,4/12/2007,,4/12/2007,,,CO,
1,11548,S     ,CA,65.25,65.25,,65.25,0,0,0,,,0,388.66,,5/27/2008,,5/27/2008,,,S,
1,11554,YC    ,CA,2671.79,2821.79,,2821.79,0,0,0,RESTAURANT,,0,19200.06,,3/10/1986,,3/10/1986,,,CO,
1,11563,Y     ,CA,33.75,-19.54,,-19.54,0,0,0,HOA,,0,308.22,,12/1/1989,,,,,Y,
1,11565,S     ,CA,363.91,363.91,,363.91,0,0,0,LANDSCAPER,,0,3497.08,,5/10/1983,,,,,S,
1,11567,SC    ,CA,0,2433.29,,1371.11,1062.18,0,0,WINERY,,0,10481.09,,12/16/1994,,12/16/1994,,,CO,
1,11570,SC    ,CA,269.13,0,,0,0,0,0,WINERY,,0,2325.43,,5/28/2008,,5/28/2008,,,CO,
1,11607,Y     ,CA,284.84,289.11,,289.11,0,0,0,FOURPLEX,,0,2625.63,,7/2/1990,,,,,Y,
1,11623,S     ,PA,0,1688.77,,1688.77,0,0,0,,,0,6391.08,,10/10/1986,,10/10/1986,,,S,
1,11643,YC    ,CA,617.13,617.13,,617.13,0,0,0,OFFICE BLD,,0,5615.63,,7/7/2008,,7/7/2008,,,CO,
1,11664,YC    ,CA,2116.06,2266.06,,2266.06,0,0,0,WINERY,,0,19110.92,,11/22/1993,,11/22/1993,,,CO,
1,11689,S     ,CA,32.62,0,,0,0,0,0,OFFICE BLD,,0,296.44,,12/19/1995,,12/19/1995,,,S,
1,11719,SC    ,PA,0,4836.92,,4836.92,0,0,0,,,0,32395.42,,7/20/1988,,7/20/1988,,,CO,
1,11723,YC    ,CA,1040.4,1115.4,,1115.4,0,0,0,WINERY,,0,9177.78,,6/13/1990,,6/13/1990,,,CO,
1,11728,AC    ,CA,134.57,134.57,,134.57,0,0,0,OFFICE BLD,,0,1222.82,,7/6/1988,,7/6/1988,,,CO,
1,11731,S     ,CA,130.5,130.5,,130.5,0,0,0,RETAIL,,0,1185.84,,1/30/1989,,1/30/1989,,,S,
1,11739,YC    ,CA,1121.14,1121.14,,1121.14,0,0,0,VINEYARD,,0,10187.68,,7/10/2008,,7/10/2008,,,CO,
1,11750,S     ,CA,195.74,195.74,,195.74,0,0,0,CHURCH,,0,1825.26,,12/11/1990,,12/11/1990,,,S,
1,11760,C     ,CA,4606.93,4756.93,,4756.93,0,0,0,LODGING,,0,39685.16,,1/21/2014,,1/21/2014,,,C,
1,11766,C     ,CA,3884.06,4314.06,,4314.06,0,0,0,RESTAURANT,,90,40637.53,,4/18/1989,,4/18/1989,,,C,
1,11788,CL    ,CA,1158.56,1158.56,,1158.56,0,0,0,MULTIFAMIL,,0,10578.21,,11/4/1987,,,,,CL,
1,11801,YC    ,TA,0,0,,0,0,0,0,,,0,3930.02,,8/16/2017,8/11/2021,6/6/2011,,,CO,
1,11806,CL    ,CA,793.4,793.4,,793.4,0,0,0,MULTIFAMIL,,0,7283.16,,10/21/1987,,10/21/1987,,,CL,
1,11807,SC    ,CA,557.56,557.56,,557.56,0,0,0,WINERY,,0,5886.26,,8/12/2008,,8/12/2008,,,CO,
1,11808,S     ,CA,97.87,0,,0,0,0,0,OFFICE BLD,,0,892.07,,8/12/2008,,8/12/2008,,,S,
1,11828,YC    ,TA,0,0,,0,0,0,0,,,0,905.55,,6/4/2021,6/11/2021,6/24/2015,,,CO,
1,11841,YC    ,CA,1522.1,1955.32,,1955.32,0,0,0,WINERY,,0,19375.96,,8/29/2008,,8/29/2008,,,CO,
1,11850,S     ,CA,195.74,195.74,,195.74,0,0,0,CHURCH,,0,1778.72,,8/1/1989,,,,,S,
1,11852,S     ,CA,32.62,54.26,,33.12,21.14,0,0,MULTIFAMIL,,0,298.44,,8/1/1989,,8/1/1989,,,S,
1,11861,AC    ,CA,1150.37,1170.37,,1170.37,0,0,0,WINERY,,0,10877.6,,9/3/2008,,9/3/2008,,,CO,
1,11870,S     ,CA,97.87,198.68,,99.34,99.34,0,0,WINERY,,0,895.01,,9/2/2008,,,,,S,
1,11890,S     ,CA,97.87,97.87,,97.87,0,0,0,RETAIL,,0,889.36,,2/16/2010,,2/16/2010,,,S,
1,11911,S     ,CA,318.1,318.1,,318.1,0,0,0,RESTAURANT,,0,2890.6,,8/5/2008,,8/5/2008,,,S,
1,11920,AC    ,CA,2596.5,2596.5,,2596.5,0,0,0,MEDICAL,,0,23787.9,,9/26/1997,,9/26/1997,,,CO,
1,11931,YC    ,CA,0,0,,0,0,0,0,WINERY,,0,0,,9/18/2008,,9/18/2008,,,CO,
1,11956,S     ,CA,65.25,65.25,,65.25,0,0,0,RETAIL,,0,592.92,,9/30/2008,,9/30/2008,,,S,
1,11970,YC    ,CA,134.57,134.57,,134.57,0,0,0,,,0,1222.82,,10/6/2008,,10/6/2008,,,CO,
1,11972,Y     ,CA,2348.22,2260.94,,2260.94,0,0,0,HOA,,0,23774.04,,12/1/1989,,12/1/1989,,,Y,
1,11994,CL    ,CA,506.7,506.7,,506.7,0,0,0,MULTIFAMIL,,0,4610.84,,10/19/1989,,10/19/1989,,,CL,
1,12074,C     ,CA,103.93,103.93,,103.93,0,0,0,UTILITY,,0,944.38,,2/22/1990,,2/22/1990,,,C,
1,12099,S     ,CA,97.87,97.87,,97.87,0,0,0,DELI/CAFE,,0,890.6,,12/9/2008,,12/9/2008,,,S,
1,12108,S     ,PA,0,1640.52,,1640.52,0,0,0,,,686.16,10284.32,,3/4/1999,,3/4/1999,,,S,
1,12171,S     ,CA,743.93,0,,0,0,0,0,CATERING,,0,6603.5,,1/2/2008,,1/2/2008,,,S,
1,12188,YC    ,CA,2011.34,2506.47,,2018.55,487.92,0,0,MEMBER,,0,17612.72,,7/27/1990,,7/27/1990,,,CO,
1,12227,YC    ,CA,3129.38,3399.38,,3399.38,0,0,0,WINERY,,0,29598.54,,7/18/1994,,7/18/1994,,,CO,
1,12263,S     ,CA,139.98,127.99,,127.99,0,0,0,CHURCH,,0,1296.89,,3/5/1991,,3/5/1991,,,S,
1,12270,SC    ,CA,605.47,605.47,,605.47,0,0,0,WINERY,,0,5501.86,,3/25/1991,,3/25/1991,,,CO,
1,12276,SC    ,CA,134.57,0,,0,0,0,0,VINEYARD,,0,1108.73,,2/23/2009,,2/23/2009,,,CO,
1,12317,CL    ,CA,1532.6,1532.6,,1532.6,0,0,0,MULTIFAMIL,,0,17548.15,,3/11/2009,,3/11/2009,,,CL,
1,12342,YC    ,TA,0,753.45,,753.45,0,0,0,VINEYARD,,0,5909.56,,5/4/2018,,3/31/2009,,,CO,
1,12347,CC    ,CA,482.56,755.75,,486.4,269.35,0,0,VINEYARD,,0,4116.33,,8/14/1996,,8/14/1996,,,CO,
1,12359,S     ,CA,1460.92,1460.92,,1460.92,0,0,0,WINERY,,0,13724.12,,4/2/2009,,4/2/2009,,,S,
1,12379,C     ,CA,34.64,34.64,,34.64,0,0,0,RETAIL,,0,314.78,,4/10/2009,,4/10/2009,,,C,
1,12383,Y     ,CA,33.75,0,,0,0,0,0,WINERY,,0,306.66,,4/14/2009,,,,,Y,
1,12413,S     ,CA,417.56,417.56,,417.56,0,0,0,WINERY,,0,3420.86,,5/5/2009,,5/5/2009,,,S,
1,12415,SC    ,CA,2271.94,0,,0,0,0,0,WINERY,,0,27545.34,,5/31/1991,,5/31/1991,,,CO,
1,12446,SC    ,CA,134.57,0,,0,0,0,0,WINERY,,0,1223.55,,10/21/2015,,10/21/2015,,,CO,
1,12469,SC    ,CA,1558.21,1578.21,,1578.21,0,0,0,WINERY,,0,14369.58,,5/13/2009,,5/13/2009,,,CO,
1,12470,AC    ,CA,482.56,881.47,,482.56,398.91,0,0,POLICEFIRE,,0,4491.57,,9/13/2006,,9/13/2006,,,CO,
1,12514,C     ,CA,44.86,44.86,,44.86,0,0,0,,,0,391.14,,6/4/2009,,6/4/2009,,,CO,
1,12520,C     ,MA,415.72,0,,0,0,0,0,MEMBER,,0,2114.64,,6/8/2009,,6/8/2009,,,C,
1,12522,CC    ,CA,44.86,90.39,,45.53,44.86,0,0,CONTRACTOR,,0,409.53,,6/11/2009,,,,,CO,
1,12531,YC    ,TA,0,1812.4,,1812.4,0,0,0,,,0,3558.71,,2/11/2015,,2/11/2015,,,CO,
1,12555,S     ,TA,0,0,,0,0,0,0,,,0,658.44,,6/14/2019,,6/14/2013,,,S,
1,12561,SC    ,PA,0,1005.72,,1005.72,0,0,0,,,0,15273.11,,7/7/2009,,7/7/2009,,,CO,
1,12731,C     ,CA,34.64,34.64,,34.64,0,0,0,OFFICE BLD,,0,314.78,,8/18/2009,,8/18/2009,,,C,
1,12740,Y     ,CA,67.49,0,,0,0,0,0,OFFICE BLD,,0,613.28,,8/3/2009,,8/3/2009,,,Y,
1,12752,YC    ,CA,89.71,0,,0,0,0,0,COMMUNITY,,0,827.32,,8/31/2009,,8/31/2009,,,CO,
1,12796,CC    ,TA,0,1117.77,,1117.77,0,0,0,,,0,17250.71,,11/8/2013,,11/8/2013,,,CO,
1,12848,AC    ,CA,134.57,134.57,,134.57,0,0,0,WINERY,,0,1222.82,,9/30/2009,,9/30/2009,,,CO,
1,12917,CL    ,CA,810.72,810.72,,810.72,0,0,0,MULTIFAMIL,,0,7367.04,,10/22/2009,,10/22/2009,,,CL,
1,12925,YC    ,PA,0,1436.3,,1436.3,0,0,0,,,0,6846.25,,5/16/2018,,11/27/2013,,,CO,
1,12929,Y     ,CA,3553.81,3511.3,,3511.3,0,0,0,LODGING-FW,,0,30155.01,,12/7/2009,,12/7/2009,,,Y,
1,13041,S     ,CA,166.73,166.73,,166.73,0,0,0,OFFICE BLD,,0,1515.08,,12/29/2009,,12/29/2009,,,S,
1,13066,AC    ,CA,44.86,44.86,,44.86,0,0,0,OFFICE BLD,,0,407.62,,1/13/2010,,1/13/2010,,,CO,
1,13130,YC    ,CA,269.14,0,,0,0,0,0,MULTIFAMIL,,0,2445.64,,2/1/2010,,2/1/2010,,,CO,
1,13143,S     ,CA,147.96,147.96,,147.96,0,0,0,VINEYARD,,0,1344.48,,2/2/2010,,,,,CO,
1,13144,S     ,CA,735.49,0,,0,0,0,0,LODGING,,0,7206.56,,2/2/2010,,2/2/2010,,,S,
1,13145,S     ,CA,3983.89,8583.21,,4554.32,4028.89,0,0,RESTAURANT,,45,32155.24,,2/1/2010,,2/1/2010,,,S,
1,13340,YC    ,CA,134.57,134.57,,134.57,0,0,0,CONTRACTOR,,0,1222.82,,4/5/2010,,,,,CO,
1,13403,YC    ,CA,482.56,0,,0,0,0,0,,,0,4575.22,,10/2/1991,,10/2/1991,,,CO,
1,13431,YC    ,CA,4095.03,4245.03,,4245.03,0,0,0,WINERY,,0,37975.62,,10/7/1991,,10/7/1991,,,CO,
1,13452,CC    ,CA,1966.06,1966.06,,1966.06,0,0,0,PARK,,0,16075.19,,4/30/2010,,,,,CO,
1,13457,Y     ,CA,303.72,303.72,,303.72,0,0,0,OFFICE BLD,,0,2767.54,,5/24/2010,,5/24/2010,,,Y,
1,13557,Y     ,CA,6836.26,6936.26,,6936.26,0,0,0,RESTAURANT,,0,59037.34,,5/21/2010,,5/21/2010,,,Y,
1,13636,S     ,CA,130.5,0,,0,0,0,0,WINERY,,0,1185.84,,6/18/2010,,6/18/2010,,,S,
1,13699,S     ,CA,97.87,97.87,,97.87,0,0,0,RETAIL,,0,889.36,,2/25/1992,,2/25/1992,,,S,
1,13711,YC    ,CA,1252.72,1252.72,,1252.72,0,0,0,VINEYARD,,0,12198.54,,11/29/1991,,11/29/1991,,,CO,
1,13715,SC    ,TA,0,2232.63,,2232.63,0,0,0,,,0,1545.16,,10/12/2021,,10/12/2021,,,CO,
1,13720,Y     ,CA,101.24,-4.5,,-4.5,0,0,0,LODGING,,0,919.94,,7/19/2010,,7/19/2010,,,Y,
1,13735,YC    ,CA,965.4,975.4,,975.4,0,0,0,WINERY,,0,8401,,7/14/2010,,7/14/2010,,,CO,
1,13760,S     ,CA,130.5,132.46,,132.46,0,0,0,WINERY,,0,1187.8,,7/27/2010,,,,,S,
1,13843,SC    ,CA,75,150,,150,0,0,0,WINERY,,0,375,,8/16/2010,,8/16/2010,,,CO,
1,13865,S     ,CA,97.87,198.68,,99.34,99.34,0,0,OFFICE BLD,,0,896.25,,1/16/1992,,1/16/1992,,,S,
1,13913,S     ,CA,727.82,0,,0,0,0,0,SCHOOL,,0,7084.16,,9/15/2010,,9/15/2010,,,S,
1,13979,Y     ,CA,708.68,708.68,,708.68,0,0,0,MULTIFAMIL,,0,6498.15,,10/4/2010,,10/4/2010,,,Y,
1,14030,YC    ,CA,44.86,0,,0,0,0,0,CHURCH,,0,407.62,,10/18/2010,,10/18/2010,,,CO,
1,14081,SC    ,CA,2979.38,2979.38,,2979.38,0,0,0,WINERY,,0,27263.6,,2/28/1992,,2/28/1992,,,CO,
1,14177,C     ,CA,207.86,0,,0,0,0,0,MEDICAL,,0,1888.76,,12/23/2010,,12/23/2010,,,C,
1,14193,C     ,CA,439.46,0,,0,0,0,0,MULTIFAMIL,,0,3993.32,,1/6/2011,,1/6/2011,,,C,
1,14209,SC    ,CA,2671.8,100,,100,0,0,0,WINERY,,90,18944.72,,1/12/2011,,1/12/2011,,,CO,
1,14225,YC    ,CA,269.14,269.14,,269.14,0,0,0,WINERY,,0,2273.53,,1/14/2011,,1/14/2011,,,CO,
1,14260,SC    ,TA,0,1136.89,,1136.89,0,0,0,,,0,6395.19,,5/1/2019,,9/2/2015,,,CO,
1,14325,Y     ,CA,278.4,278.4,,278.4,0,0,0,POSTOFFICE,,0,2533.32,,4/29/1992,,4/29/1992,,,Y,
1,14334,S     ,CA,2866.26,2866.26,,2866.26,0,0,0,MULTIFAMIL,,0,30765.16,,4/14/1992,,4/14/1992,,,S,
1,14377,S     ,CA,1048.95,0,,0,0,0,0,WINERY,,0,7694.12,,4/28/1992,,4/28/1992,,,S,
1,14379,AC    ,CA,0,0,,0,0,0,0,HOSPITAL,,0,0,,3/18/2011,,3/18/2011,,,CO,
1,14381,SC    ,CA,134.57,-19.27,,-19.27,0,0,0,MEDICAL,,0,1225.53,,3/16/2011,,,,,CO,
1,14408,S     ,CA,206.81,159.14,,159.14,0,0,0,,,0,491.9,,5/5/1992,,5/5/1992,,,S,
1,14457,AC    ,PA,0,37731.6,,37731.6,0,0,0,,,2515.44,292029.8,,5/1/1992,,5/1/1992,,,CO,
1,14520,C     ,CA,34.64,0,,0,0,0,0,WINERY,,0,314.78,,5/26/2011,,5/26/2011,,,C,
1,14553,C     ,CA,103.93,103.93,,103.93,0,0,0,CHURCH,,0,944.38,,6/9/2011,,6/9/2011,,,C,
1,14590,YC    ,CA,2283.3,0,,0,0,0,0,WINERY,,0,19985.1,,6/1/1992,,6/1/1992,,,CO,
1,14615,AC    ,TA,0,0,,0,0,0,0,,,0,0,,6/28/2011,,6/28/2011,,,CO,
1,14652,S     ,CA,1503.97,0,,0,0,0,0,RESTAURANT,,0,7637.02,,7/5/2011,,7/5/2011,,,S,
1,14682,CC    ,CA,44.86,44.86,,44.86,0,0,0,VINEYARD,,0,407.62,,7/19/2011,,7/19/2011,,,CO,
1,14698,SC    ,CA,179.42,27.31,,27.31,0,0,0,LODGING-FW,,0,1630.4,,7/20/2011,,,,,CO,
1,14772,C     ,CA,69.28,139.6,,70.32,69.28,0,0,WINERY,,0,630.6,,8/18/2011,,8/18/2011,,,C,
1,14786,Y     ,CA,3743.99,3743.99,,3743.99,0,0,0,,,0,34449.94,,8/22/2011,,8/22/2011,,,Y,
1,14793,C     ,CA,311.79,0,,0,0,0,0,LODGING,,0,2841.62,,7/3/1992,,7/3/1992,,,C,
1,14849,C     ,CA,283.86,283.86,,283.86,0,0,0,WINERY,,0,2579.34,,9/8/2011,,,,,C,
1,14880,C     ,CA,0,0,,0,0,0,0,,,0,0,,9/13/2011,,9/13/2011,,,C,
1,14946,YC    ,CA,44.86,44.86,,44.86,0,0,0,,,0,408.86,,10/10/2011,,,,,CO,
1,14953,CC    ,CA,890.4,890.4,,890.4,0,0,0,MULTIFAMIL,,0,12735.38,,12/12/1996,,12/12/1996,,,CO,
1,14989,C     ,CA,103.93,0,,0,0,0,0,LODGING-FW,,0,944.38,,8/13/1992,,8/13/1992,,,C,
1,14995,SC    ,CN,0,0,,0,0,0,0,,,0,0,,8/13/1992,,,,,CO,
1,15156,S     ,CA,32.62,32.62,,32.62,0,0,0,OFFICE BLD,,0,296.94,,1/10/2012,,1/10/2012,,,S,
1,15200,C     ,MA,3741.12,0,,0,0,0,0,MEMBER,,0,0,,9/1/1992,,9/1/1992,,,C,
1,15204,AC    ,CA,89.71,89.71,,89.71,0,0,0,POLICEFIRE,,0,815.2,,2/1/2012,,2/1/2012,,,CO,
1,15224,C     ,CA,0,0,,0,0,0,0,SCHOOL,,0,0,,10/1/1992,,10/1/1992,,,C,
1,15226,SC    ,CA,179.42,0,,0,0,0,0,WINERY,,0,1635.37,,1/30/2012,,1/30/2012,,,CO,
1,15246,YC    ,CA,1170.67,1190.67,,1190.67,0,0,0,WINERY,,20,13707.49,,2/6/2012,,2/6/2012,,,CO,
1,15254,C     ,CA,34.64,0,,0,0,0,0,,,0,314.78,,4/20/2017,,2/9/2012,,,C,
1,15259,S     ,CA,1071.82,-8.07,,-8.07,0,0,0,VINEYARD,,0,8837.22,,9/24/1992,,9/24/1992,,,S,
1,15290,S     ,CA,97.87,97.87,,97.87,0,0,0,MIXED USE,,0,791.49,,3/6/2012,,3/6/2012,,,S,
1,15303,YC    ,CA,145.8,145.8,,145.8,0,0,0,,,0,1324.92,,3/16/2012,,3/16/2012,,,CO,
1,15342,SC    ,CA,359.84,359.84,,359.84,0,0,0,,,0,3269.84,,1/21/1997,,1/21/1997,,,CO,
1,15344,YC    ,CA,7267.84,7663.85,,7663.85,0,0,0,WINERY,,0,64975.99,,8/15/2016,,5/20/1996,,,CO,
1,15408,CC    ,CA,631.71,641.71,,641.71,0,0,0,VINEYARD,,0,6735.12,,4/5/2012,,4/5/2012,,,CO,
1,15431,YC    ,CA,242.99,242.99,,242.99,0,0,0,VINEYARD,,0,2208.02,,4/16/2012,,4/16/2012,,,CO,
1,15460,Y     ,CA,303.72,303.72,,303.72,0,0,0,RESTAURANT,,0,2502.33,,4/23/2012,,,,,Y,
1,15481,YC    ,CA,1373.25,1373.25,,1373.25,0,0,0,WINERY,,0,12097.08,,1/30/1995,,1/30/1995,,,CO,
1,15511,S     ,CA,708.93,708.93,,708.93,0,0,0,LODGING,,0,6654.02,,11/16/1992,,11/16/1992,,,S,
1,15548,S     ,CA,195.74,0,,0,0,0,0,RESTAURANT,,0,1778.72,,5/16/2012,,5/16/2012,,,S,
1,15560,YC    ,CA,89.71,0,,0,0,0,0,,,0,815.2,,6/4/2012,,6/4/2012,,,CO,
1,15640,C     ,CA,415.72,0,,0,0,0,0,LODGING,,0,3045.68,,6/14/2012,,6/14/2012,,,C,
1,15641,AC    ,CA,179.44,0,,0,0,0,0,MULTIFAMIL,,0,1630.48,,12/23/1992,,,,,CO,
1,15650,C     ,CA,813.98,813.98,,813.98,0,0,0,MINI MART,,0,7714.29,,12/24/1992,,12/24/1992,,,C,
1,15672,S     ,CA,391.48,0,,0,0,0,0,MULTIFAMIL,,0,3557.44,,12/22/1992,,,,,S,
1,15673,S     ,CA,391.48,0,,0,0,0,0,MULTIFAMIL,,0,3557.44,,12/22/1992,,,,,S,
1,15678,YC    ,CA,482.56,1139.01,,531.52,607.49,0,0,UTILITY,,0,5983.12,,8/19/1998,,8/19/1998,,,CO,
1,15749,SC    ,CN,97.87,97.87,,97.87,0,0,0,,,0,97.87,,7/9/2012,,,,,S,
1,15776,S     ,PA,0,6803.06,,6803.06,0,0,0,,,718.32,30393.24,,2/5/1993,,2/5/1993,,,S,
1,15833,C     ,CA,742.46,742.46,,742.46,0,0,0,DELI/CAFE,,0,5994.97,,2/19/1993,,2/19/1993,,,C,
1,15850,S     ,CA,195.74,0,,0,0,0,0,COMMUNITY,,0,1778.72,,8/14/2012,,8/14/2012,,,S,
1,15873,YC    ,PA,0,2883.96,,2883.96,0,0,0,,,0,14854.27,,3/1/1993,,,,,CO,
1,15882,S     ,CA,293.61,0,,0,0,0,0,MULTIFAMIL,,0,2887.39,,8/21/2012,,,,,S,
1,15940,S     ,CA,65.25,65.25,,65.25,0,0,0,HOME IMPRO,,0,592.92,,9/11/2012,,9/11/2012,,,S,
1,15943,AC    ,PA,0,67.05,,67.05,0,0,0,,,0,4274.56,,9/5/2012,,9/5/2012,,,CO,
1,15996,S     ,CA,771.01,771.01,,771.01,0,0,0,WINERY,,0,6814.84,,9/25/2012,,9/25/2012,,,S,
1,16032,S     ,CA,97.87,97.87,,97.87,0,0,0,AUTO,,0,890.6,,10/2/2012,,10/2/2012,,,S,
1,16050,S     ,PA,0,0,,0,0,0,0,,,0,3227.76,,8/7/2017,,6/8/2015,,,S,
1,16153,Y     ,CA,543.56,0,,0,0,0,0,,,0,0,,11/12/2019,,11/13/2012,,,Y,
1,16172,YC    ,CA,134.57,134.57,,134.57,0,0,0,,,0,1222.82,,6/9/2014,,6/9/2014,,,CO,
1,16189,YC    ,CA,1040.4,1040.4,,1040.4,0,0,0,WINERY,,0,8736,,5/10/1993,,5/10/1993,,,CO,
1,16319,C     ,CA,331.93,668.84,,336.91,331.93,0,0,WINERY,,0,3058.38,,1/10/2013,,1/10/2013,,,C,
1,16340,C     ,CA,387.79,0,,0,0,0,0,,,0,3528.65,,1/24/2013,,1/24/2013,,,C,
1,16354,YC    ,CA,134.57,134.57,,134.57,0,0,0,,,0,1015.12,,1/28/2013,,1/28/2013,,,CO,
1,16438,SC    ,CA,0,250.75,,250.75,0,0,0,LANDSCAPER,,0,5516.04,,10/16/1998,,10/16/1998,,,CO,
1,16464,YC    ,PA,14371.18,10137.5,,10137.5,0,0,0,,,673.19,168164.13,,7/31/1998,,7/31/1998,,,CO,
1,16470,CC    ,CA,1040.4,1040.4,,1040.4,0,0,0,,,0,8306.23,,2/26/2013,,2/26/2013,,,CO,
1,16519,S     ,CA,97.87,97.87,,97.87,0,0,0,,,0,376.62,,7/6/2021,,7/6/2021,,,S,
1,16545,YC    ,TA,0,2166.75,,2166.75,0,0,0,,,0,15565.43,,6/21/2016,,9/25/2015,,,CO,
1,16564,SC    ,CA,89.71,89.71,,89.71,0,0,0,WINERY,,0,815.2,,4/2/2013,,4/2/2013,,,CO,
1,16565,C     ,CA,34.64,34.64,,34.64,0,0,0,UTILITY,,0,314.78,,7/15/1993,,7/15/1993,,,C,
1,16605,CC    ,CA,890.4,890.4,,890.4,0,0,0,WINERY,,0,7974.88,,4/19/2017,,4/3/2013,,,CO,
1,16607,S     ,CA,171.28,270.83,,172.75,98.08,0,0,WINERY,,0,1571,,7/4/2017,,4/16/2013,,,S,
1,16628,C     ,CA,207.86,207.86,,207.86,0,0,0,RESTAURANT,,0,1897.46,,4/17/2013,,4/17/2013,,,C,
1,16795,S     ,CA,195.74,0,,0,0,0,0,MULTIFAMIL,,0,1778.72,,6/4/2013,,,,,S,
1,16933,Y     ,CA,177.16,0,,0,0,0,0,,,0,1609.84,,7/3/2013,,7/3/2013,,,Y,
1,16945,Y     ,MA,0,0,,0,0,0,0,,,0,8074.32,,9/27/1993,,9/27/1993,,,Y,
1,16952,C     ,CA,179.93,179.93,,179.93,0,0,0,,,0,1634.96,,7/11/2013,,7/11/2013,,,C,
1,16964,YC    ,CA,1294.44,1294.44,,1294.44,0,0,0,,,0,12142.98,,7/17/2013,,7/17/2013,,,CO,
1,17005,YC    ,CN,0,0,,0,0,0,0,,,0,0,,12/10/2008,,12/10/2008,,,CO,
1,17038,S     ,CA,368.61,593.61,,593.61,0,0,0,,,0,2937.76,,7/26/2013,,,,,S,
1,17057,S     ,CA,3934.92,3934.92,,3934.92,0,0,0,,,0,37229.22,,10/5/1993,,10/5/1993,,,S,
1,17073,PV    ,CA,233.06,233.06,,233.06,0,0,0,,,0,2133.18,,8/9/2013,,8/9/2013,,,PV,
1,17183,C     ,CA,69.28,0,,0,0,0,0,,,0,629.56,,9/5/2013,,9/5/2013,,,C,
1,17209,C     ,CA,101.34,101.34,,101.34,0,0,0,,,0,920.88,,9/3/2013,,,,,C,
1,17211,YC    ,CA,0,2083.7,,2083.7,0,0,0,,,0,18491.74,,9/4/2013,,9/4/2013,,,CO,
1,17255,C     ,CA,515.46,535.46,,535.46,0,0,0,BAR NO FW,,0,4472.07,,10/3/2013,,10/3/2013,,,C,
1,17258,C     ,MA,0,0,,0,0,0,0,,,0,0,,9/14/2018,9/23/2019,9/18/2015,,,C,
1,17268,C     ,CA,888.98,888.98,,888.98,0,0,0,,,0,8231.02,,9/17/2013,,9/17/2013,,,C,
1,17272,S     ,CA,65.24,65.24,,65.24,0,0,0,,,0,592.88,,9/17/2013,,9/17/2013,,,S,
1,17304,S     ,CA,130.48,130.48,,130.48,0,0,0,,,0,1185.76,,10/1/2013,,10/1/2013,,,S,
1,17305,S     ,CA,130.48,130.48,,130.48,0,0,0,,,0,1185.76,,10/1/2013,,10/1/2013,,,S,
1,17387,SC    ,CA,134.57,134.57,,134.57,0,0,0,,,0,1230.28,,4/5/2017,,10/23/2013,,,CO,
1,17403,YC    ,CA,179.92,0,,0,0,0,0,,,0,1634.92,,11/4/2013,,11/4/2013,,,CO,
1,17417,SC    ,CA,145.81,145.81,,145.81,0,0,0,,,0,1330.47,,11/13/2013,,11/13/2013,,,CO,
1,17422,C     ,CA,439.46,0,,0,0,0,0,BAKERY,,0,3993.32,,11/4/2013,,11/4/2013,,,C,
1,17436,SC    ,TA,0,1728.69,,1728.69,0,0,0,,,0,3621.74,,2/9/2016,,11/11/2013,,,CO,
1,17442,Y     ,CA,485.94,485.94,,485.94,0,0,0,,,0,5315.03,,12/31/1993,,12/31/1993,,,Y,
1,17462,S     ,CA,440.43,430.77,,430.77,0,0,0,,,0,3403.58,,1/7/1994,,,,,S,
1,17526,YC    ,CA,471,767.93,,553.8,214.13,0,0,,,0,2827.69,,1/17/1994,,,,,CO,
1,17574,CC    ,CA,632.56,632.56,,632.56,0,0,0,,,0,4991.1,,12/30/2013,,12/30/2013,,,CO,
1,17588,SC    ,CA,134.57,0,,0,0,0,0,,,0,1222.82,,1/7/2014,,,,,CO,
1,17589,CL    ,CA,3648.4,3783.4,,3783.4,0,0,0,,,0,38760.99,,2/3/1994,,2/3/1994,,,CL,
1,17597,C     ,CA,311.79,311.79,,311.79,0,0,0,,,0,2833.14,,1/2/2014,,,,,C,
1,17666,S     ,CA,4964.76,0,,0,0,0,0,,,0,39394.29,,1/24/2014,,1/24/2014,,,S,
1,17675,S     ,CA,1280.88,1280.88,,1280.88,0,0,0,,,0,14252.5,,2/18/1994,,,,,S,
1,17691,S     ,CA,97.87,198.68,,99.34,99.34,0,0,,,0,893.54,,2/4/2014,,,,,S,
1,17705,S     ,CA,743.93,743.93,,743.93,0,0,0,,,0,6568.76,,3/18/2014,,3/18/2014,,,S,
1,17767,S     ,CA,459.94,833.36,,465.46,367.9,0,0,,,0,3320.94,,3/18/2014,,3/18/2014,,,S,
1,17772,SC    ,CA,44.86,0,,0,0,0,0,,,0,407.62,,3/12/2014,,3/12/2014,,,CO,
1,17831,AC    ,CA,89.71,89.71,,89.71,0,0,0,,,0,821.11,,4/2/2014,,4/2/2014,,,CO,
1,17836,AC    ,CA,44.86,44.86,,44.86,0,0,0,,,0,407.62,,4/2/2014,,,,,CO,
1,17878,YC    ,TA,0,919.35,,919.35,0,0,0,,,0,2172.46,,5/24/2018,,5/24/2018,,,CO,
1,17942,YC    ,CA,1680.58,0,,0,0,0,0,,,0,15405.28,,5/8/2014,,5/8/2014,,,CO,
1,17965,Y     ,CA,6969.08,6969.08,,6969.08,0,0,0,RESTAURANT,,0,65614.81,,2/13/1995,,2/13/1995,,,Y,
1,17982,C     ,CA,69.28,69.28,,69.28,0,0,0,,,0,629.56,,5/15/2014,,5/15/2014,,,C,
1,18007,C     ,CA,1234.08,0,,0,0,0,0,,,0,11761.14,,5/29/2014,,5/29/2014,,,C,
1,18015,SC    ,CA,673.21,673.21,,673.21,0,0,0,WINERY,,0,6117.34,,5/11/1994,,5/11/1994,,,CO,
1,18049,S     ,CA,668.93,1129.49,,675.47,454.02,0,0,,,0,5689.89,,5/30/2014,,5/30/2014,,,S,
1,18159,YC    ,CA,5667.82,6150.28,,6150.28,0,0,0,,,0,45972.34,,6/3/1994,,6/3/1994,,,CO,
1,18185,C     ,CA,179.93,365.26,,182.63,182.63,0,0,,,0,1640.36,,7/10/2014,,,,,C,
1,18187,S     ,CA,244.69,244.69,,244.69,0,0,0,,,0,2223.52,,8/5/2014,,,,,S,
1,18226,S     ,CA,668.93,0,,0,0,0,0,,,0,6058.1,,8/8/2014,,8/8/2014,,,S,
1,18250,CC    ,CA,902.11,915.64,,915.64,0,0,0,,,0,8378.14,,7/31/2014,,7/31/2014,,,CO,
1,18272,S     ,CA,270.74,270.74,,270.74,0,0,0,,,0,2078.72,,8/5/2014,,8/5/2014,,,S,
1,18370,SC    ,CA,190.64,190.64,,190.64,0,0,0,,,0,1610.42,,8/26/2014,,8/26/2014,,,CO,
1,18378,C     ,CA,207.86,0,,0,0,0,0,,,0,896.31,,8/28/2014,,8/28/2014,,,C,
1,18398,Y     ,CA,202.48,0,,0,0,0,0,,,0,1856.9,,9/1/2014,,,,,Y,
1,18406,CC    ,CA,89.71,0,,0,0,0,0,,,0,815.2,,9/4/2014,,9/4/2014,,,CO,
1,18474,YC    ,CA,280.35,280.35,,280.35,0,0,0,,,0,2551.47,,10/6/2014,,,,,CO,
1,18551,YC    ,CA,2598.91,2643.91,,2643.91,0,0,0,,,0,22374.34,,8/17/1994,,8/17/1994,,,CO,
1,18568,AC    ,CA,179.44,179.44,,179.44,0,0,0,,,0,1630.48,,10/15/2014,,10/15/2014,,,CO,
1,18573,CC    ,CA,538.28,-0.52,,-0.52,0,0,0,,,0,4891.28,,10/16/2014,,,,,CO,
1,18599,C     ,CA,255.93,0,,0,0,0,0,RESTAURANT,,0,2325.54,,10/21/2014,,10/21/2014,,,C,
1,18651,AC    ,TA,0,268.2,,268.2,0,0,0,,,0,8738.97,,8/24/2015,,8/24/2015,,,CO,
1,18732,YC    ,TA,0,1227.72,,1227.72,0,0,0,,,0,4977.93,,12/2/2014,,12/2/2014,,,CO,
1,18745,S     ,CA,32.62,0,,0,0,0,0,,,0,296.44,,12/9/2014,,12/9/2014,,,S,
1,18772,YC    ,CA,134.57,134.57,,134.57,0,0,0,,,0,1222.82,,12/29/2014,,12/29/2014,,,CO,
1,18851,C     ,CA,3560.39,10,,10,0,0,0,,,10,26298.69,,1/12/2015,,1/12/2015,,,C,
1,18981,S     ,CA,97.87,197.21,,99.34,97.87,0,0,,,0,902.24,,8/20/2019,,2/17/2015,,,S,
1,18991,C     ,CA,103.93,103.93,,103.93,0,0,0,,,0,944.38,,2/12/2015,,,,,C,
1,18993,SC    ,CA,482.56,482.56,,482.56,0,0,0,,,0,4575.22,,2/17/2015,,2/17/2015,,,CO,
1,19015,S     ,CA,32.62,0,,0,0,0,0,,,0,296.44,,2/23/2015,,2/23/2015,,,S,
1,19019,S     ,CA,97.87,97.87,,97.87,0,0,0,,,0,890.6,,3/3/2015,,,,,S,
1,19021,SC    ,CA,1260.47,0,,0,0,0,0,,,0,12228.89,,2/23/2015,,2/23/2015,,,CO,
1,19121,Y     ,CA,101.24,134.99,,134.99,0,0,0,,,0,1226.6,,3/23/2015,,,,,Y,
1,19133,C     ,CA,34.64,34.64,,34.64,0,0,0,,,0,314.78,,4/2/2015,,,,,C,
1,19151,CL    ,CA,2015.04,1775.04,,1775.04,0,0,0,MULTIFAMIL,,270,29772.68,,3/30/2015,,3/30/2015,,,CL,
1,19166,SC    ,CA,1708.21,1753.21,,1753.21,0,0,0,,,0,14804.32,,12/22/1994,,12/22/1994,,,CO,
1,19195,S     ,CA,65.25,0,,0,0,0,0,,,0,592.92,,4/13/2015,,,,,S,
1,19200,S     ,CA,1958.52,0,,0,0,0,0,,,0,19250.98,,4/8/2015,,4/8/2015,,,S,
1,19206,C     ,CA,311.79,628.26,,316.47,311.79,0,0,RESTAURANT,,0,2837.82,,1/2/1995,,1/2/1995,,,C,
1,19230,CC    ,CA,1558.21,1558.21,,1558.21,0,0,0,,,0,14372.95,,4/30/2015,,4/30/2015,,,CO,
1,19279,YC    ,CA,760.91,763.81,,763.81,0,0,0,,,0,7119.93,,4/29/2015,,4/29/2015,,,CO,
1,19298,SC    ,CA,179.92,179.92,,179.92,0,0,0,,,0,1634.92,,1/24/1995,,,,,CO,
1,19390,PV    ,CA,174.8,174.8,,174.8,0,0,0,,,0,1598.08,,5/29/2015,,5/29/2015,,,PV,
1,19429,S     ,CA,65.24,65.24,,65.24,0,0,0,,,0,592.88,,6/16/2015,,6/16/2015,,,S,
1,19486,YC    ,PA,0,0,,0,0,0,0,,,0,8629.96,,4/8/1996,,4/8/1996,,,CO,
1,19538,S     ,CA,32.62,0,,0,0,0,0,,,0,289.09,,7/7/2015,,,,,S,
1,19552,Y     ,CA,4896.78,4896.78,,4896.78,0,0,0,,,0,40910.66,,7/6/2015,,7/6/2015,,,Y,
1,19668,SC    ,CA,370.07,370.07,,370.07,0,0,0,,,0,3372.2,,8/5/2015,,8/5/2015,,,CO,
1,19713,CL    ,CA,304.02,0,,0,0,0,0,,,0,2762.64,,8/3/2015,,,,,CL,
1,19760,SC    ,CA,269.14,-17.7,,-17.7,0,0,0,,,-17.7,2360.53,,8/26/2015,,8/26/2015,,,CO,
1,19778,C     ,MA,0,0,,0,0,0,0,,,0,0,,1/2/2003,,1/2/2003,,,C,
1,19783,S     ,CA,363.91,363.91,,363.91,0,0,0,,,0,3497.08,,5/2/1995,,5/2/1995,,,S,
1,19832,S     ,CA,403.91,403.91,,403.91,0,0,0,,,0,4846.4,,5/9/1995,,,,,S,
1,19893,SC    ,CA,0,0,,0,0,0,0,,,0,218.39,,9/24/2018,,9/24/2015,,,CO,
1,19959,S     ,CA,97.87,97.87,,97.87,0,0,0,,,0,890.83,,11/20/2015,,,,,S,
1,19982,S     ,CA,97.87,0,,0,0,0,0,,,0,908.51,,10/27/2015,,,,,S,
1,20015,C     ,CA,69.28,69.28,,69.28,0,0,0,,,0,629.56,,11/12/2015,,11/12/2015,,,C,
1,20034,S     ,CA,1006.57,1006.57,,1006.57,0,0,0,,,0,9146.62,,11/9/2015,,11/9/2015,,,S,
1,20109,YC    ,CA,1040.4,1080.4,,1080.4,0,0,0,,,0,8834.8,,6/28/1995,,6/28/1995,,,CO,
1,20163,CL    ,CA,304.02,0,,0,0,0,0,,,0,2774.78,,1/7/2016,,12/21/2015,,,CL,
1,20172,CC    ,CA,482.56,0,,0,0,0,0,,,0,5687.92,,6/29/1995,,6/29/1995,,,CO,
1,20228,YC    ,CA,538.28,0,,0,0,0,0,,,0,4891.28,,1/25/2016,,1/25/2016,,,CO,
1,20233,C     ,CA,1039.3,1039.3,,1039.3,0,0,0,MULTIFAMIL,,0,9443.8,,1/27/2016,,1/27/2016,,,C,
1,20270,SC    ,CA,1193.19,1193.19,,1193.19,0,0,0,,,0,11032.68,,2/5/2016,,2/4/2016,,,CO,
1,20272,SC    ,CA,134.57,0,,0,0,0,0,,,0,1222.82,,2/9/2016,,2/4/2016,,,CO,
1,20279,SC    ,CA,0,0,,0,0,0,0,,,0,4847.83,,2/8/2016,,2/8/2016,,,CO,
1,20348,S     ,CA,97.87,0,,0,0,0,0,,,0,889.36,,3/1/2016,,3/1/2016,,,S,
1,20360,YC    ,CA,44.86,44.86,,44.86,0,0,0,,,0,407.62,,7/31/1995,,7/31/1995,,,CO,
1,20368,S     ,CA,163.12,163.12,,163.12,0,0,0,,,0,1492.63,,3/8/2016,,3/2/2016,,,S,
1,20403,SC    ,CA,179.42,67.35,,67.35,0,0,0,,,0,1623.41,,3/14/2016,,3/14/2016,,,CO,
1,20451,SC    ,CA,482.56,0,,0,0,0,0,,,0,4392.2,,3/28/2016,,3/28/2016,,,CO,
1,20452,S     ,CA,32.62,0,,0,0,0,0,,,0,296.44,,4/5/2016,,3/28/2016,,,S,
1,20602,Y     ,PA,150,8217.36,,8217.36,0,0,0,,,0,69054.04,,5/5/2016,,5/5/2016,,,Y,
1,20631,YC    ,CA,2985.68,0,,0,0,0,0,,,0,27623,,5/10/2016,,5/10/2016,,,CO,
1,20660,YC    ,CA,1298.25,1298.25,,1298.25,0,0,0,,,0,11797.08,,5/23/2016,,5/17/2016,,,CO,
1,20762,S     ,CA,363.91,363.91,,363.91,0,0,0,,,0,3497.08,,10/4/1995,,,,,S,
1,20791,S     ,CA,818.93,818.93,,818.93,0,0,0,,,0,6783.22,,6/17/2016,,6/17/2016,,,S,
1,20819,S     ,CA,2546.95,2621.95,,2621.95,0,0,0,,,0,24590.2,,10/17/1995,,,,,S,
1,20846,S     ,CA,228.36,228.36,,228.36,0,0,0,,,0,2075.16,,6/27/2016,,6/27/2016,,,S,
1,20859,Z     ,CA,0,-2502.01,,-2502.01,0,0,0,,,0,0,,10/1/1995,,,,,Z,
1,20923,S     ,CA,195.74,195.74,,195.74,0,0,0,,,0,1778.72,,11/7/1995,,11/7/1995,,,S,
1,20960,S     ,CA,75,75,,75,0,0,0,,,0,150,,9/30/2003,,9/30/2003,,,S,
1,20968,YC    ,CA,1910.23,2060.23,,2060.23,0,0,0,,,0,17203.36,,11/8/1995,,11/8/1995,,,CO,
1,21038,S     ,CA,726.7,726.7,,726.7,0,0,0,,,0,5157.87,,8/11/2016,,8/11/2016,,,S,
1,21053,Y     ,CA,951.18,951.18,,951.18,0,0,0,,,0,8450.02,,8/15/2016,,8/15/2016,,,Y,
1,21072,Y     ,MA,0,0,,0,0,0,0,,,0,0,,5/18/2013,,5/18/2013,,,Y,
1,21150,SC    ,CA,1382.97,0,,0,0,0,0,,,0,13013.1,,9/2/2016,,9/2/2016,,,CO,
1,21172,YC    ,CA,2169.44,0,,0,0,0,0,,,0,19713.56,,12/25/1995,,12/25/1995,,,CO,
1,21174,C     ,CA,439.46,251.64,,251.64,0,0,0,,,0,2593.03,,9/22/2016,,9/12/2016,,,C,
1,21244,S     ,CA,32.62,0,,0,0,0,0,,,0,296.44,,10/11/2016,,9/29/2016,,,S,
1,21322,S     ,CA,139.98,139.98,,139.98,0,0,0,,,0,1273.78,,10/18/2016,,10/13/2016,,,S,
1,21349,S     ,CA,171.28,120.6,,120.6,0,0,0,,,0,1596.4,,10/19/2016,,10/19/2016,,,S,
1,21431,SC    ,CA,2163.68,4359.82,,2196.14,2163.68,0,0,,,0,15889.37,,11/9/2016,,11/8/2016,,,CO,
1,21438,C     ,CA,34.64,0,,0,0,0,0,RETAIL,,0,347.78,,11/17/2016,,11/9/2016,,,C,
1,21480,YC    ,CA,44.86,45.53,,45.53,0,0,0,,,0,408.29,,12/5/2016,,11/18/2016,,,CO,
1,21489,C     ,CA,1424.48,1474.48,,1474.48,0,0,0,,,0,2908.96,,3/14/1996,,,,,C,
1,21542,YC    ,CA,2997.73,2997.73,,2997.73,0,0,0,,,0,24377.45,,5/31/2003,,5/31/2003,,,CO,
1,21581,S     ,CA,3344.51,3499.51,,3499.51,0,0,0,,,0,26977.6,,3/15/1996,,3/15/1996,,,S,
1,21587,YC    ,CA,482.56,972.36,,489.8,482.56,0,0,,,0,4404.48,,1/2/2017,,12/21/2016,,,CO,
1,21607,C     ,CA,103.93,0,,0,0,0,0,,,0,591.94,,1/5/2017,,12/28/2016,,,C,
1,21615,YC    ,MA,0,0,,0,0,0,0,,,0,4359.22,,4/8/1996,,4/8/1996,,,CO,
1,21622,SC    ,CA,1193.19,1193.19,,1193.19,0,0,0,,,0,8289.01,,1/4/2017,,12/30/2016,,,CO,
1,21625,S     ,CA,97.87,97.87,,97.87,0,0,0,,,0,889.36,,1/3/2017,,1/3/2017,,,S,
1,21645,AC    ,CA,482.56,482.56,,482.56,0,0,0,,,0,4384.96,,1/6/2017,,1/6/2017,,,CO,
1,21661,S     ,CA,97.87,0,,0,0,0,0,,,0,889.36,,4/16/1996,,4/16/1996,,,S,
1,21709,Y     ,CA,4580.94,7291.1,,7291.1,0,0,0,,,90,50908.26,,4/29/1996,,4/29/1996,,,Y,
1,21776,S     ,CA,203.91,0,,0,0,0,0,,,0,1852.92,,2/21/2017,,2/13/2017,,,S,
1,21808,S     ,CA,709.58,709.58,,709.58,0,0,0,,,0,6567.79,,5/21/1996,,5/21/1996,,,S,
1,21816,S     ,CA,97.87,97.87,,97.87,0,0,0,,,0,890.6,,3/14/2017,,2/27/2017,,,S,
1,21848,S     ,CA,743.93,1733.12,,758.55,974.57,0,0,,,0,8329.86,,5/28/1996,,,,,S,
1,21880,S     ,CA,5664.31,5824.31,,5824.31,0,0,0,,,20,34742.71,,3/31/2017,,3/17/2017,,,S,
1,21886,YC    ,CA,403.71,403.71,,403.71,0,0,0,,,0,3711.72,,3/20/2017,,3/20/2017,,,CO,
1,21896,C     ,CA,283.86,0,,0,0,0,0,RESTAURANT,,0,2579.34,,6/5/1996,,6/5/1996,,,C,
1,21906,S     ,CA,195.74,195.74,,195.74,0,0,0,,,0,1704.61,,3/28/2017,,3/22/2017,,,S,
1,22009,S     ,CA,363.91,738.74,,369.37,369.37,0,0,,,0,3323.2,,4/25/2017,,4/18/2017,,,S,
1,22022,S     ,CA,489.35,489.35,,489.35,0,0,0,,,0,4446.8,,4/25/2017,,4/20/2017,,,S,
1,22041,S     ,MA,0,-1762.04,,-1762.04,0,0,0,,,0,0,,5/8/2017,,4/28/2017,,,S,
1,22044,CC    ,CA,482.56,0,,0,0,0,0,,,0,4384.96,,4/21/2017,,4/28/2017,,,CO,
1,22068,SC    ,CA,0,2033.22,,2033.22,0,0,0,,,0,11049.06,,5/10/2017,,5/10/2017,,,CO,
1,22196,S     ,CA,172.87,172.87,,172.87,0,0,0,,,0,1189.36,,7/30/1996,,,,,S,
1,22199,YC    ,TA,0,335.25,,335.25,0,0,0,,,0,6276.61,,10/27/2015,,10/27/2015,,,CO,
1,22345,YC    ,PA,0,0,,0,0,0,0,,,0,0,,6/20/2018,,6/20/2018,,,CO,
1,22383,C     ,CA,514.46,514.46,,514.46,0,0,0,,,0,4915.97,,8/29/1996,,,,,C,
1,22435,S     ,CA,2963.86,3428.86,,3428.86,0,0,0,,,0,23693.01,,5/19/2017,,5/19/2017,,,S,
1,22498,Y     ,CA,303.72,0,,0,0,0,0,,,0,2759.82,,6/5/2017,,,,,Y,
1,22510,S     ,CA,106.03,0,,0,0,0,0,,,0,852.88,,6/13/2017,,6/13/2017,,,S,
1,22521,S     ,CA,363.91,363.91,,363.91,0,0,0,,,0,3306.82,,6/6/2017,,,,,S,
1,22629,S     ,CA,559.92,559.92,,559.92,0,0,0,,,0,5657.6,,6/28/2017,,6/28/2017,,,S,
1,22630,S     ,CA,97.87,97.87,,97.87,0,0,0,,,0,889.36,,5/19/1999,,,,,S,
1,22654,S     ,CA,97.87,0,,0,0,0,0,,,0,889.36,,6/27/2017,,6/27/2017,,,S,
1,22711,SC    ,CA,1298.25,0,,0,0,0,0,,,0,11797.08,,6/30/2017,,6/30/2017,,,CO,
1,22754,CC    ,CA,482.56,0,,0,0,0,0,,,0,4620.22,,7/6/2017,,,,,CO,
1,22769,C     ,MA,228,0,,0,0,0,0,,,0,0,,7/6/2017,,7/6/2017,,,C,
1,22784,S     ,CA,97.87,0,,0,0,0,0,,,0,889.36,,7/18/2017,,7/18/2017,,,S,
1,22786,SC    ,CA,890.4,890.4,,890.4,0,0,0,,,0,8091,,7/21/2017,,7/21/2017,,,CO,
1,22789,CL    ,CA,506.7,506.7,,506.7,0,0,0,,,0,4604.4,,11/7/1996,,11/7/1996,,,CL,
1,22858,C     ,CA,311.79,0,,0,0,0,0,,,0,2833.14,,8/10/2017,,8/10/2017,,,C,
1,22896,SC    ,TA,0,0,,0,0,0,0,,,0,1520.07,,10/28/2021,,10/28/2021,,,CO,
1,22954,YC    ,CA,134.57,134.57,,134.57,0,0,0,,,0,1222.82,,8/21/2017,,,,,CO,
1,22987,S     ,CA,637,637,,637,0,0,0,,,0,5830.36,,9/7/2017,,,,,S,
1,22996,YC    ,CA,1448.25,2918.22,,1469.97,1448.25,0,0,,,0,12418.8,,8/28/2017,,8/28/2017,,,CO,
1,23038,YC    ,PA,0,4966.71,,4966.71,0,0,0,,,0,25792.72,,8/28/2017,,8/28/2017,,,CO,
1,23062,S     ,CA,668.93,668.93,,668.93,0,0,0,,,0,6078.5,,1/29/1997,,1/29/1997,,,S,
1,23070,S     ,CA,2238.2,2418.2,,2418.2,0,0,0,,,45,15251.74,,5/4/2021,,,,,S,
1,23094,S     ,CA,363.91,741.12,,369.37,371.75,0,0,,,0,3516.97,,5/31/2002,,5/31/2002,,,S,
1,23114,S     ,CA,97.87,97.87,,97.87,0,0,0,,,0,889.36,,10/3/2017,,,,,S,
1,23142,YC    ,CA,269.14,0,,0,0,0,0,,,0,2445.64,,9/14/2017,,9/14/2017,,,CO,
1,23161,YC    ,CA,280.35,0,,0,0,0,0,,,0,1387.12,,9/25/2017,,9/25/2017,,,CO,
1,23214,CC    ,CA,89.71,0,,0,0,0,0,,,0,815.2,,9/28/2017,,,,,CO,
1,23233,YC    ,TA,0,17297.36,,17297.36,0,0,0,,,916.62,17030.94,,9/28/2017,,9/28/2017,,,CO,
1,23276,C     ,CA,311.79,311.79,,311.79,0,0,0,,,0,2724.7,,10/4/2017,,,,,C,
1,23489,C     ,CA,813.98,0,,0,0,0,0,LODGING,,0,7598.24,,4/28/1997,,4/28/1997,,,C,
1,23504,S     ,CA,97.87,0,,0,0,0,0,,,0,889.36,,4/29/1997,,4/29/1997,,,S,
1,23551,S     ,CA,65.25,65.25,,65.25,0,0,0,,,0,592.92,,5/6/1997,,5/6/1997,,,S,
1,23553,S     ,CA,1048.95,1048.95,,1048.95,0,0,0,,,0,9150.18,,5/12/1997,,5/12/1997,,,S,
1,23722,YC    ,CA,1558.21,1558.21,,1558.21,0,0,0,,,0,14843.79,,8/26/2005,,8/26/2005,,,CO,
1,23783,C     ,CA,439.46,439.46,,439.46,0,0,0,,,0,4072.78,,1/4/2018,,,,,C,
1,23821,C     ,CA,415.72,0,,0,0,0,0,LODGING-FW,,0,3736.86,,6/26/1997,,6/26/1997,,,C,
1,23899,S     ,CA,32.62,0,,0,0,0,0,,,0,309.02,,2/6/2018,,2/6/2018,,,S,
1,23901,SC    ,CA,1193.19,1990.64,,1193.19,797.45,0,0,,,0,10446.68,,7/9/1997,,7/9/1997,,,CO,
1,23968,C     ,CA,69.28,0,,0,0,0,0,,,0,629.56,,4/5/2018,,,,,C,
1,23998,S     ,CA,668.93,668.93,,668.93,0,0,0,,,0,6087.01,,7/29/1997,,,,,S,
1,23999,SC    ,CA,482.56,0,,0,0,0,0,,,0,6325.85,,8/1/1997,,,,,CO,
1,24011,C     ,CA,34.64,0,,0,0,0,0,,,0,314.78,,3/1/2018,,,,,C,
1,24016,CC    ,CA,522.56,486.62,,486.62,0,0,0,,,0,5734.28,,10/3/2019,,7/31/1997,,,CO,
1,24062,SC    ,TA,0,0,,0,0,0,0,,,0,1906.96,,3/1/2018,,3/1/2018,,,CO,
1,24074,CL    ,CA,101.34,0,,0,0,0,0,,,0,920.88,,3/22/2018,,,,,CL,
1,24111,YC    ,TA,0,335.25,,335.25,0,0,0,,,0,10937.06,,3/20/2018,,3/20/2018,,,CO,
1,24112,YC    ,CA,5826.14,5826.14,,5826.14,0,0,0,,,0,50845.93,,3/19/2018,,3/19/2018,,,CO,
1,24125,C     ,CA,34.64,34.64,,34.64,0,0,0,,,0,314.78,,3/22/2018,,,,,C,
1,24144,S     ,CA,97.87,198.58,,99.34,99.24,0,0,UTILITY,,0,290.01,,8/3/2021,,8/3/2021,,,S,
1,24151,S     ,CA,32.62,32.62,,32.62,0,0,0,,,0,297.44,,4/3/2018,,,,,S,
1,24255,S     ,CA,97.87,0,,0,0,0,0,,,0,889.36,,9/9/1997,,,,,S,
1,24285,Y     ,CA,404.96,404.96,,404.96,0,0,0,,,0,3684.91,,9/15/1997,,9/15/1997,,,Y,
1,24294,S     ,CA,97.87,197.21,,99.34,97.87,0,0,,,0,892.07,,9/16/1997,,,,,S,
1,24340,YC    ,CA,89.71,89.71,,89.71,0,0,0,,,0,816.34,,4/20/2018,,,,,CO,
1,24389,S     ,CA,130.48,130.48,,130.48,0,0,0,,,0,1162.64,,9/30/1997,,9/30/1997,,,S,
1,24417,Y     ,CA,67.49,0,,0,0,0,0,,,0,613.28,,10/6/1997,,,,,Y,
1,24427,S     ,CA,97.87,63.72,,63.72,0,0,0,,,0,934.16,,5/15/2018,,5/15/2018,,,S,
1,24429,S     ,CA,179.44,332.64,,332.64,0,0,0,,,0,1182.02,,6/1/2021,,6/1/2021,,,S,
1,24501,S     ,CA,0,2,,0,0,0,2,,,0,0,,11/1/2011,,11/1/2011,,,S,
1,24545,YC    ,CA,235.5,0,,0,0,0,0,,,0,2139.96,,5/23/2018,,5/23/2018,,,CO,
1,24594,S     ,CA,363.91,357.91,,357.91,0,0,0,,,0,3497.08,,6/1/2018,,6/1/2018,,,S,
1,24612,YC    ,CA,370.06,0,,0,0,0,0,,,0,2921.62,,6/11/2018,,,,,CO,
1,24664,YC    ,CA,1150.37,1150.37,,1150.37,0,0,0,WINERY,,0,10833.8,,11/17/1997,,11/17/1997,,,CO,
1,24695,S     ,CA,391.48,0,,0,0,0,0,,,0,3562.42,,6/12/2018,,6/12/2018,,,S,
1,24726,S     ,MA,0,0,,0,0,0,0,,,0,0,,6/14/2018,7/8/2019,6/14/2018,,,S,
1,24806,YC    ,CA,179.42,0,,0,0,0,0,,,0,806.16,,6/14/2021,,6/14/2021,,,CO,
1,24821,C     ,CA,276.77,0,,0,0,0,0,,,0,2514.92,,7/5/2018,,7/5/2018,,,C,
1,24888,C     ,CA,103.93,103.93,,103.93,0,0,0,,,0,944.38,,1/8/1998,,1/8/1998,,,C,
1,24912,S     ,CA,363.91,363.91,,363.91,0,0,0,,,0,3306.82,,1/19/1998,,1/19/1998,,,S,
1,24997,PV    ,MA,60.98,0,,0,0,0,0,,,0,310.2,,2/6/1998,,2/6/1998,,,PV,
1,25040,Y     ,CA,1655.3,1835.3,,1835.3,0,0,0,,,0,14450.95,,3/4/1964,,3/4/1964,,,Y,
1,25063,YC    ,TA,0,2951.01,,2951.01,0,0,0,,,0,29296.21,,7/24/2018,,,,,CO,
1,25150,YC    ,TA,0,268.2,,268.2,0,0,0,,,0,4452.75,,8/2/2018,,,,,CO,
1,25218,S     ,CA,65.25,0,,0,0,0,0,,,0,593.75,,3/31/1998,,,,,S,
1,25219,S     ,MA,97.87,0,,0,0,0,0,,,0,502.84,,4/21/1998,,4/21/1998,,,S,
1,25255,C     ,CA,1627.98,1627.98,,1627.98,0,0,0,MULTIFAMIL,,0,15514.75,,8/23/2018,,8/23/2018,,,C,
1,25290,AC    ,CA,482.56,482.56,,482.56,0,0,0,,,0,4384.96,,11/3/2004,,11/3/2004,,,CO,
1,25303,SC    ,CA,0,1456.44,,1456.44,0,0,0,,,0,13298.44,,4/24/1998,,4/24/1998,,,CO,
1,25305,YC    ,CA,7715.66,7865.66,,7865.66,0,0,0,,,0,69116.96,,8/24/2018,,8/24/2018,,,CO,
1,25342,YC    ,CA,538.28,538.3,,538.28,0.02,0,0,,,0,4891.28,,9/17/2018,,9/17/2018,,,CO,
1,25348,YC    ,CA,134.57,134.57,,134.57,0,0,0,,,0,1222.82,,9/3/2018,,,,,CO,
1,25434,S     ,CA,65.25,122.23,,66.08,56.15,0,0,,,0,597.9,,9/25/2019,,,,,S,
1,25450,CC    ,CA,1150.37,1150.37,,1150.37,0,0,0,,,0,10849.38,,9/20/2018,,9/20/2018,,,CO,
1,25499,Y     ,CA,2947.79,2947.79,,2947.79,0,0,0,,,0,32573.86,,9/28/2018,,9/28/2018,,,Y,
1,25526,Y     ,CA,2826.95,2916.95,,2916.95,0,0,0,,,0,25095.23,,6/15/1998,,6/15/1998,,,Y,
1,25574,YC    ,CN,39.84,39.84,,39.84,0,0,0,,,0,390.96,,10/4/2018,,,,,CO,
1,25581,S     ,CA,1154.98,1289.98,,1289.98,0,0,0,,,45,10824.48,,10/5/2018,,,,,S,
1,25812,YC    ,TA,0,0,,0,0,0,0,,,0,0,,5/10/2016,,5/10/2016,,,CO,
1,25832,S     ,CA,97.87,0,,0,0,0,0,,,0,889.36,,11/20/2018,,11/20/2018,,,S,
1,25850,CC    ,CA,134.57,0,,0,0,0,0,,,0,1222.82,,12/6/2018,,,,,CO,
1,25856,C     ,CA,963.98,1053.98,,1053.98,0,0,0,,,0,8373.2,,7/27/1998,,,,,C,
1,25886,S     ,CA,32.62,32.62,,32.62,0,0,0,,,0,296.44,,12/4/2018,,,,,S,
1,25899,YC    ,CA,557.56,1123.48,,565.92,557.56,0,0,,,0,4905.48,,8/3/1998,,8/3/1998,,,CO,
1,25969,Y     ,CA,3536.24,3536.24,,3536.24,0,0,0,RESTAURANT,,0,26806.16,,12/12/2018,,12/12/2018,,,Y,
1,26052,C     ,CA,519.65,55,,55,0,0,0,LODGING-FW,,55,5794.1,,1/17/2019,,1/17/2019,,,C,
1,26096,S     ,PA,0,5951.97,,5951.97,0,0,0,,,0,45746.32,,9/11/1998,,9/11/1998,,,S,
1,26133,YC    ,CA,3820.33,1031.08,,1031.08,0,0,0,,,10,29562.23,,1/9/2019,,1/9/2019,,,CO,
1,26213,S     ,CA,438.91,0,,0,0,0,0,,,0,3606.82,,9/15/1998,,,,,S,
1,26277,C     ,CA,179.93,-179.93,,-179.93,0,0,0,,,0,1739.74,,2/21/2019,,2/21/2019,,,C,
1,26329,S     ,CA,195.74,195.74,,195.74,0,0,0,,,0,1778.72,,10/6/1998,,,,,S,
1,26397,YC    ,PA,0,2187.24,,2187.24,0,0,0,,,0,6851.83,,10/15/2003,,10/15/2003,,,CO,
1,26399,SC    ,CA,2406.06,4364.27,,2508.89,1855.38,0,0,,,0,13163.42,,3/6/2019,,3/6/2019,,,CO,
1,26422,Y     ,CA,4689.02,4902.65,,4902.65,0,0,0,,,0,31700.43,,10/19/1998,,10/19/1998,,,Y,
1,26479,S     ,CA,97.87,0,,0,0,0,0,,,0,889.36,,3/26/2019,,3/26/2019,,,S,
1,26505,SC    ,CA,482.56,482.56,,482.56,0,0,0,,,0,4384.96,,3/22/2019,,3/22/2019,,,CO,
1,26525,C     ,PA,0,1896.72,,1896.72,0,0,0,,,0,15761.76,,3/29/2019,,3/29/2019,,,C,
1,26552,AC    ,TA,0,0,,0,0,0,0,,,0,1919.04,,4/5/2019,,4/5/2019,,,CO,
1,26588,S     ,CA,32.62,32.62,,32.62,0,0,0,,,0,296.44,,4/16/2019,,,,,S,
1,26600,C     ,CA,103.93,103.93,,103.93,0,0,0,RESTAURANT,,0,944.38,,4/11/2019,,4/11/2019,,,C,
1,26622,AC    ,TA,0,201.15,,201.15,0,0,0,,,0,201.15,,4/29/2002,,4/29/2002,,,CO,
1,26674,C     ,TA,0,479.44,,479.44,0,0,0,,,0,7046.12,,4/22/2019,,,,,C,
1,26687,S     ,CA,65.25,0,,0,0,0,0,,,0,540.13,,4/23/2019,,4/23/2019,,,S,
1,26697,CC    ,CA,44.86,0,,0,0,0,0,,,0,407.62,,5/2/2019,,5/2/2019,,,CO,
1,26711,CL    ,CA,706.24,706.24,,706.24,0,0,0,,,0,6605.55,,5/2/2019,,,,,CL,
1,26798,YC    ,CA,269.14,0,,0,0,0,0,,,0,2445.64,,5/13/2019,,,,,CO,
1,26801,CC    ,CA,378.82,0,,0,0,0,0,,,0,3442.24,,1/22/1999,,,,,CO,
1,26862,SC    ,CA,269.14,0,,0,0,0,0,,,0,2445.64,,5/20/2019,,,,,CO,
1,26871,SC    ,CA,134.57,271.16,,136.59,134.57,0,0,,,0,1227.8,,6/4/2019,,,,,CO,
1,26890,YC    ,CA,2896.5,20,,20,0,0,0,,,10,18075.38,,5/24/2004,,5/24/2004,,,CO,
1,26894,S     ,CA,171.28,171.28,,171.28,0,0,0,,,0,1355.36,,5/28/2019,,5/28/2019,,,S,
1,26900,S     ,CA,195.74,195.74,,195.74,0,0,0,,,0,1778.72,,2/16/1999,,2/16/1999,,,S,
1,26919,S     ,CA,438.91,438.91,,438.91,0,0,0,,,0,3765.8,,2/23/1999,,2/23/1999,,,S,
1,26934,C     ,CA,34.64,0,,0,0,0,0,,,0,314.78,,6/3/2019,,6/3/2019,,,C,
1,26948,Y     ,CA,202.48,202.48,,202.48,0,0,0,POLICEFIRE,,0,1839.88,,3/1/1999,,,,,Y,
1,26972,S     ,CA,97.87,97.87,,97.87,0,0,0,,,0,1399.85,,6/7/2019,,,,,S,
1,27036,S     ,TA,0,0,,0,0,0,0,,,0,1452.37,,5/21/2018,,10/17/2015,,,S,
1,27069,CC    ,CA,1438.77,1438.77,,1438.77,0,0,0,,,0,13110.6,,6/11/2019,,,,,CO,
1,27143,CL    ,CA,405.36,405.36,,405.36,0,0,0,MULTIFAMIL,,0,3710.24,,4/8/1999,,4/8/1999,,,CL,
1,27234,CC    ,TA,0,0,,0,0,0,0,,,0,0,,6/28/2019,,6/28/2019,,,CO,
1,27253,C     ,CA,439.46,0,,0,0,0,0,,,0,4142.82,,7/4/2019,,,,,C,
1,27267,Y     ,CA,430.24,430.24,,430.24,0,0,0,,,0,3909.58,,5/3/1999,,,,,Y,
1,27268,YC    ,CA,3155.7,3155.7,,3155.7,0,0,0,,,0,16896.75,,7/12/2019,,7/12/2019,,,CO,
1,27286,S     ,CA,373.28,0,,0,0,0,0,,,0,3392,,7/16/2019,,7/16/2019,,,S,
1,27307,YC    ,CA,1298.25,1298.25,,1298.25,0,0,0,,,0,12061.96,,5/7/1999,,5/7/1999,,,CO,
1,27332,S     ,CA,367.02,367.02,,367.02,0,0,0,,,0,2885.49,,5/11/1999,,5/11/1999,,,S,
1,27354,SC    ,TA,0,-2299.58,,-2299.58,0,0,0,,,0,38728.52,,7/12/2019,,7/12/2019,,,CO,
1,27401,S     ,CA,363.91,373.91,,373.91,0,0,0,,,0,3883.68,,7/23/2019,,,,,S,
1,27462,SC    ,CA,44.86,0,,0,0,0,0,,,0,407.62,,7/31/2019,,,,,CO,
1,27477,C     ,CA,34.64,0,,0,0,0,0,,,0,314.78,,8/1/2019,,,,,C,
1,27554,C     ,CA,138.56,138.56,,138.56,0,0,0,,,0,1259.12,,6/17/1999,,,,,C,
1,27560,SC    ,CN,0,0,,0,0,0,0,,,0,0,,7/26/2019,,,,,CO,
1,27579,SC    ,CN,0,0,,0,0,0,0,,,0,0,,8/9/2019,,,,,CO,
1,27610,S     ,TA,0,3485.91,,3485.91,0,0,0,,,0,29025.5,,10/3/2017,,10/23/2015,,,S,
1,27659,C     ,CA,103.93,103.93,,103.93,0,0,0,,,0,975.58,,8/29/2019,,8/29/2019,,,C,
1,27697,S     ,CA,32.62,32.62,,32.62,0,0,0,,,0,296.44,,9/3/2019,,,,,S,
1,27698,YC    ,CA,269.14,269.14,,269.14,0,0,0,,,0,2445.64,,7/7/1999,,,,,CO,
1,27699,C     ,CA,813.98,0,,0,0,0,0,,,0,6726.33,,8/30/2019,,8/30/2019,,,C,
1,27736,S     ,MA,0,0,,0,0,0,0,,,0,0,,10/15/2021,,10/15/2021,,,S,
1,27777,S     ,CA,97.87,0,,0,0,0,0,,,0,889.36,,9/17/2019,,,,,S,
1,27787,S     ,CA,4583.48,4798.48,,4798.48,0,0,0,,,0,43222.76,,7/21/1999,,7/21/1999,,,S,
1,27982,YC    ,CA,44.86,44.86,,44.86,0,0,0,,,0,410.1,,10/14/2019,,,,,CO,
1,28071,SC    ,CA,890.4,890.4,,890.4,0,0,0,,,0,8754.02,,10/2/2019,,10/2/2019,,,CO,
1,28111,YC    ,CA,482.56,0,,0,0,0,0,,,0,4469.84,,10/14/2019,,,,,CO,
1,28144,PV    ,CA,58.27,58.27,,58.27,0,0,0,,,0,529.48,,8/13/1999,,,,,PV,
1,28164,S     ,CA,236.53,236.53,,236.53,0,0,0,,,0,2031.4,,10/22/2019,,10/22/2019,,,S,
1,28197,S     ,MA,0,0,,0,0,0,0,,,0,0,,10/23/2019,,10/23/2019,,,S,
1,28202,CC    ,TA,0,0,,0,0,0,0,,,0,18.58,,10/23/2019,,10/23/2019,,,CO,
1,28204,C     ,CA,415.72,421.96,,421.96,0,0,0,,,0,3233.72,,1/7/2021,,,,,C,
1,28245,YC    ,CA,583.49,10,,10,0,0,0,,,10,5353.35,,8/30/1999,,8/30/1999,,,CO,
1,28302,C     ,MA,69.28,0,,0,0,0,0,,,0,352.44,,11/7/2019,,11/7/2019,,,C,
1,28307,C     ,TA,0,0,,0,0,0,0,,,0,7327.72,,11/7/2019,,11/7/2019,,,C,
1,28422,S     ,CA,293.61,0,,0,0,0,0,,,0,2668.08,,11/12/2019,,11/12/2019,,,S,
1,28440,YC    ,CA,2457.69,0,,0,0,0,0,,,0,22455.5,,9/22/1999,,9/22/1999,,,CO,
1,28442,YC    ,CA,1700.45,1934.24,,1934.24,0,0,0,,,0,15765.37,,9/20/1999,,,,,CO,
1,28463,C     ,CA,34.64,0,,0,0,0,0,,,0,314.78,,11/13/2019,,11/13/2019,,,C,
1,28518,Y     ,CA,504.78,504.78,,504.78,0,0,0,,,0,4834.63,,9/27/1999,,,,,Y,
1,28548,Y     ,CA,177.16,177.16,,177.16,0,0,0,,,0,1609.84,,12/2/2019,,,,,Y,
1,28563,S     ,CA,97.87,0,,0,0,0,0,,,0,889.36,,12/3/2019,,,,,S,
1,28565,CC    ,CA,134.57,0,,0,0,0,0,,,0,1222.82,,12/5/2019,,12/5/2019,,,CO,
1,28566,S     ,CA,32.62,0,,0,0,0,0,,,0,296.44,,12/24/2019,,12/24/2019,,,S,
1,28589,YC    ,TA,0,916.62,,916.62,0,0,0,,,0,18041.42,,6/21/2016,,6/1/2015,,,CO,
1,28600,CC    ,CA,235.5,235.5,,235.5,0,0,0,,,0,2139.96,,10/7/1999,,,,,CO,
1,28630,C     ,CA,514.46,514.46,,514.46,0,0,0,DELI/CAFE,,0,4336.71,,1/2/2020,,1/2/2020,,,C,
1,28659,SC    ,TA,0,0,,0,0,0,0,,,0,1139.85,,5/16/2013,,5/16/2013,,,CO,
1,28676,S     ,CA,32.62,0,,0,0,0,0,,,0,315.51,,1/7/2019,,,,,S,
1,28784,Y     ,CA,435.94,0,,0,0,0,0,,,0,6242.93,,1/27/2020,,1/27/2020,,,Y,
1,28795,S     ,MA,668.93,0,,0,0,0,0,,,0,3628.96,,1/21/2020,,1/21/2020,,,S,
1,28803,S     ,CA,97.87,97.87,,97.87,0,0,0,,,0,890.83,,1/21/2020,,,,,S,
1,28811,C     ,TA,0,21014.56,,8045.8,12968.76,0,0,,,1297.37,167801.66,,1/20/2020,,1/20/2020,,,C,
1,28817,PV    ,CA,116.53,116.53,,116.53,0,0,0,,,0,1093.67,,1/31/2020,,1/31/2020,,,PV,
1,28932,YC    ,CA,890.4,890.4,,890.4,0,0,0,,,0,8136,,3/6/2020,,3/6/2020,,,CO,
1,28964,AC    ,CA,89.71,91.06,,91.06,0,0,0,,,0,828.88,,2/19/2020,,,,,CO,
1,28993,S     ,CA,97.87,0,,0,0,0,0,,,0,889.36,,11/20/2001,,11/20/2001,,,S,
1,29031,YC    ,TA,0,2283.99,,297.99,1986,0,0,,,0,9653.55,,1/23/2018,,1/23/2018,,,CO,
1,29033,S     ,CA,97.87,0,,0,0,0,0,,,0,750.98,,3/8/2020,,3/8/2020,,,S,
1,29057,C     ,CA,75,637.84,,637.84,0,0,0,,,0,1067.8,,2/25/2020,,2/25/2020,,,C,
1,29112,S     ,CA,97.87,0,,0,0,0,0,,,0,891.84,,1/18/2000,,,,,S,
1,29126,SC    ,TA,0,0,,0,0,0,0,,,0,16196.48,,3/6/2020,,3/6/2020,,,CO,
1,29146,C     ,CA,103.93,0,,0,0,0,0,,,0,944.38,,3/5/2020,,,,,C,
1,29154,S     ,CA,438.91,0,,0,0,0,0,,,0,3606.82,,3/17/2020,,,,,S,
1,29208,S     ,CA,363.91,773.52,,409.31,364.21,0,0,,,0,3343.21,,3/30/2020,,,,,S,
1,29292,C     ,CA,103.93,103.93,,103.93,0,0,0,,,0,944.38,,4/9/2020,,,,,C,
1,29296,YC    ,CA,1474.18,1474.18,,1474.18,0,0,0,,,0,13014.22,,3/2/2000,,3/2/2000,,,CO,
1,29342,CC    ,TA,0,-313.17,,-313.17,0,0,0,,,0,6874.56,,4/14/2020,,4/14/2020,,,CO,
1,29347,SC    ,CA,344.14,2164.69,,2164.69,0,0,0,,,0,8935.51,,4/17/2020,,,,,CO,
1,29356,SC    ,CA,2356.47,2356.47,,2356.47,0,0,0,,,0,21076.38,,4/22/2020,,,,,CO,
1,29374,SC    ,CA,1373.25,0,,0,0,0,0,,,0,11803.14,,4/24/2020,,4/24/2020,,,CO,
1,29402,C     ,TA,0,268.2,,268.2,0,0,0,,,0,9341.74,,4/28/2020,,4/28/2020,,,C,
1,29433,YC    ,CA,256.23,429.55,,429.55,0,0,0,,,46.46,3728.52,,3/27/2000,,3/27/2000,,,CO,
1,29525,YC    ,TA,0,0,,0,0,0,0,,,0,263.63,,7/19/2021,,7/19/2021,,,CO,
1,29543,CC    ,TA,0,268.2,,268.2,0,0,0,,,0,22184.87,,5/7/2020,,5/7/2020,,,CO,
1,29548,S     ,CA,195.74,195.74,,195.74,0,0,0,,,0,1777.44,,5/6/2020,,,,,S,
1,29563,C     ,CA,311.79,0,,0,0,0,0,RESTAURANT,,0,2833.14,,5/14/2020,,5/14/2020,,,C,
1,29567,YC    ,TA,0,0,,0,0,0,0,VINEYARD,,0,5020.72,,5/12/2020,,,,,CO,
1,29585,YC    ,PA,0,13183.68,,8032.77,5150.91,0,0,,,0,45083.36,,4/24/2006,,4/24/2006,,,CO,
1,29607,C     ,CA,34.64,0,,0,0,0,0,,,0,305.45,,6/4/2020,,,,,C,
1,29658,S     ,TA,0,954.36,,954.36,0,0,0,,,0,7988.34,,5/27/2020,,,,,S,
1,29685,YC    ,CA,844.48,0,,0,0,0,0,,,0,8065.89,,6/8/2020,,,,,CO,
1,29720,C     ,CA,69.28,0,,0,0,0,0,,,0,632.22,,6/4/2020,,6/4/2020,,,C,
1,29744,YC    ,TA,0,335.25,,335.25,0,0,0,,,0,17824.54,,6/8/2020,,,,,CO,
1,29745,YC    ,TA,0,268.2,,268.2,0,0,0,,,0,3470.29,,12/5/2003,,12/5/2003,,,CO,
1,29859,YC    ,CA,1447.1,1447.1,,1447.1,0,0,0,,,0,13149.68,,6/12/2000,,6/12/2000,,,CO,
1,30036,PUC   ,CA,2673.91,1623.9,,1623.9,0,0,0,,,0,14772.77,,8/24/2020,,8/24/2020,,,CO,
1,30037,PUC   ,CA,1856.1,2006.1,,2006.1,0,0,0,,,0,13875.39,,7/13/2020,,7/13/2020,,,CO,
1,30038,PUC   ,CA,890.4,890.4,,890.4,0,0,0,,,0,8091,,9/2/2020,,9/2/2020,,,CO,
1,30039,PUC   ,CA,269.14,269.14,,269.14,0,0,0,,,0,2445.64,,7/15/2020,,7/15/2020,,,CO,
1,30040,PUC   ,CA,269.14,269.14,,269.14,0,0,0,,,0,2445.64,,8/19/2020,,8/19/2020,,,CO,
1,30047,CC    ,CA,44.86,44.86,,44.86,0,0,0,,,0,407.62,,6/25/2020,,,,,CO,
1,30057,S     ,TA,0,268.2,,268.2,0,0,0,,,0,13213.27,,6/24/2020,,6/24/2020,,,S,
1,30068,PUC   ,CA,5851.8,5851.8,,5851.8,0,0,0,,,0,54008.4,,7/1/2020,,7/1/2020,,,CO,
1,30071,PUC   ,CA,890.4,890.4,,890.4,0,0,0,,,0,2185.23,,9/8/2021,,,,,CO,
1,30072,PUC   ,CA,1706.1,1706.1,,1706.1,0,0,0,,,0,13125.39,,7/6/2020,,7/6/2020,,,CO,
1,30073,PUC   ,CA,890.4,1346.3,,1346.3,0,0,0,,,0,6658.46,,9/8/2021,,,,,CO,
1,30075,PUC   ,CA,890.4,1346.3,,1346.3,0,0,0,,,0,6658.46,,9/8/2021,,,,,CO,
1,30076,PUC   ,CA,890.4,890.4,,890.4,0,0,0,,,0,3631.69,,4/7/2021,,4/7/2021,,,CO,
1,30077,PUC   ,CA,890.4,1346.3,,1346.3,0,0,0,,,0,2771.95,,9/6/2021,,9/8/2021,,,CO,
1,30078,PUC   ,CA,1706.1,1706.1,,1706.1,0,0,0,,,0,3131.75,,9/6/2021,,,,,CO,
1,30080,PUC   ,CA,890.4,890.4,,890.4,0,0,0,,,0,1575.89,,9/8/2021,,,,,CO,
1,30081,PUC   ,CA,890.4,890.4,,890.4,0,0,0,,,0,8091,,7/8/2020,,,,,CO,
1,30082,PUC   ,CA,89.72,89.72,,89.72,0,0,0,,,0,2703.93,,7/8/2020,,7/8/2020,,,CO,
1,30083,PUC   ,CA,965.4,965.4,,965.4,0,0,0,,,0,8391,,7/8/2020,,7/8/2020,,,CO,
1,30084,PUC   ,CA,269.14,269.14,,269.14,0,0,0,,,0,2445.64,,7/8/2020,,7/8/2020,,,CO,
1,30085,PUC   ,CA,482.56,482.56,,482.56,0,0,0,,,0,4424.84,,7/8/2020,,7/8/2020,,,CO,
1,30086,PUC   ,CA,890.4,890.4,,890.4,0,0,0,,,0,8091,,7/8/2020,,7/8/2020,,,CO,
1,30088,PUC   ,CA,482.56,482.56,,482.56,0,0,0,,,0,4384.96,,7/8/2020,,7/8/2020,,,CO,
1,30089,PUC   ,CA,403.71,403.71,,403.71,0,0,0,,,0,3668.46,,7/8/2020,,7/8/2020,,,CO,
1,30090,PUC   ,CA,269.14,269.14,,269.14,0,0,0,,,0,2445.64,,7/8/2020,,7/8/2020,,,CO,
1,30092,PUC   ,CA,482.56,482.56,,482.56,0,0,0,,,0,4384.96,,7/8/2020,,7/8/2020,,,CO,
1,30093,PUC   ,CA,890.4,890.4,,890.4,0,0,0,,,0,1575.89,,9/8/2021,,,,,CO,
1,30095,PUC   ,CA,890.4,890.4,,890.4,0,0,0,,,0,5896.39,,9/8/2021,,,,,CO,
1,30096,PUC   ,CA,269.14,269.14,,269.14,0,0,0,,,0,2445.64,,7/8/2020,,7/8/2020,,,CO,
1,30098,PUC   ,CA,269.14,269.14,,269.14,0,0,0,,,0,2445.64,,7/8/2020,,7/8/2020,,,CO,
1,30099,PUC   ,CA,134.57,134.57,,134.57,0,0,0,,,0,1222.82,,7/8/2020,,7/8/2020,,,CO,
1,30154,S     ,TA,0,0,,0,0,0,0,,,0,0,,7/8/2020,,7/8/2020,,,S,
1,30220,YC    ,TA,0,2339.55,,1923.98,415.57,0,0,,,0,18795.69,,7/22/2020,,7/22/2020,,,CO,
1,30230,YC    ,TA,0,4489.12,,4489.12,0,0,0,,,1411.06,24481.83,,7/24/2020,,7/24/2020,,,CO,
1,30232,CL    ,CA,304.02,0,,0,0,0,0,,,0,2762.64,,7/30/2020,,,,,CL,
1,30271,CL    ,CA,270.24,270.24,,270.24,0,0,0,,,0,2459.73,,8/6/2020,,8/6/2020,,,CL,
1,30287,S     ,CA,130.48,130.48,,130.48,0,0,0,,,0,1185.76,,8/7/2020,,8/7/2020,,,S,
1,30295,YC    ,CA,482.56,979.6,,489.8,489.8,0,0,,,0,4226.49,,8/10/2020,,8/10/2020,,,CO,
1,30302,S     ,CA,32.62,0,,0,0,0,0,,,0,297.44,,8/14/2020,,,,,S,
1,30344,C     ,CA,103.93,209.42,,105.49,103.93,0,0,,,0,947.26,,9/3/2020,,,,,C,
1,30349,YC    ,CA,134.57,134.57,,134.57,0,0,0,,,0,1224.53,,8/31/2020,,,,,CO,
1,30355,C     ,TA,0,0,,0,0,0,0,,,0,322.23,,8/31/2020,,8/31/2020,,,C,
1,30395,SC    ,TA,0,3018.06,,3018.06,0,0,0,,,916.62,17274.47,,9/9/2020,,,,,CO,
1,30396,YC    ,CA,136.38,136.38,,136.38,0,0,0,,,0,1188.51,,9/14/2020,,9/14/2020,,,CO,
1,30408,PUC   ,TA,0,2883.96,,2883.96,0,0,0,,,0,15666.81,,9/10/2020,,9/10/2020,,,CO,
1,30428,SC    ,CA,218.71,200.74,,200.74,0,0,0,,,0,2196.09,,9/16/2020,,9/16/2020,,,CO,
1,30501,C     ,CA,888.98,888.98,,888.98,0,0,0,,,0,7959.42,,10/15/2020,,,,,C,
1,30567,C     ,CA,33.78,0,,0,0,0,0,,,0,306.96,,11/5/2020,,,,,C,
1,30575,S     ,CA,97.87,25.88,,25.88,0,0,0,,,0,1167.01,,11/10/2020,,11/10/2020,,,S,
1,30595,S     ,TA,0,887.31,,887.31,0,0,0,,,0,2042.82,,11/10/2020,,11/10/2020,,,S,
1,30599,S     ,CA,730.46,148.37,,148.37,0,0,0,,,0,9061.77,,12/2/2020,,12/2/2020,,,S,
1,30619,S     ,CA,97.87,0,,0,0,0,0,,,0,699.39,,11/24/2020,,11/24/2020,,,S,
1,30623,S     ,CA,453.91,571.39,,455.65,115.74,0,0,,,0,3665.08,,11/24/2020,,11/24/2020,,,S,
1,30627,CC    ,CA,134.57,134.57,,134.57,0,0,0,,,0,1224.53,,11/19/2020,,11/19/2020,,,CO,
1,30634,SC    ,TA,0,2951.01,,2951.01,0,0,0,,,0,12067.95,,11/20/2020,,11/20/2020,,,CO,
1,30638,CC    ,CA,403.71,813.48,,409.77,403.71,0,0,,,0,3684.78,,12/3/2020,,,,,CO,
1,30665,SC    ,TA,0,2101.44,,2101.44,0,0,0,,,0,15479.31,,12/7/2020,,12/7/2020,,,CO,
1,30669,PV    ,TA,0,201.15,,201.15,0,0,0,,,0,201.15,,12/14/2020,,12/14/2020,,,PV,
1,30687,YC    ,CA,1196.13,0,,0,0,0,0,,,0,9257.31,,12/14/2020,,12/14/2020,,,CO,
1,30697,C     ,CA,207.86,207.86,,207.86,0,0,0,,,0,1712.54,,1/7/2021,,,,,C,
1,30702,CC    ,TA,0,268.2,,268.2,0,0,0,,,0,13672.62,,12/17/2020,,12/17/2020,,,CO,
1,30706,S     ,CA,97.87,97.87,,97.87,0,0,0,,,0,812.76,,12/29/2020,,12/29/2020,,,S,
1,30713,YC    ,TA,0,1184.82,,1184.82,0,0,0,,,0,9248.8,,12/23/2020,,,,,CO,
1,30749,S     ,CA,65.25,0,,0,0,0,0,,,0,583.43,,1/5/2021,,1/5/2021,,,S,
1,30750,YC    ,MA,0,0,,0,0,0,0,,,0,4268.68,,1/6/2021,,1/6/2021,,,CO,
1,30764,AC    ,CA,269.14,0,,0,0,0,0,,,0,1687.33,,1/8/2021,,1/8/2021,,,CO,
1,30816,YC    ,CA,540.19,0,,0,0,0,0,,,0,4912.73,,2/2/2021,,,,,CO,
1,30856,S     ,TN,0,0,,0,0,0,0,,,0,0,,2/24/2021,,2/24/2021,,,S,
1,30859,YC    ,TA,0,2044.72,,294.39,1750.33,0,0,,,0,5569.3,,2/26/2021,,2/26/2021,,,CO,
1,30865,S     ,CA,391.51,0,,0,0,0,0,,,0,2037.88,,3/9/2021,,,,,S,
1,30883,PV    ,CA,58.27,0,,0,0,0,0,RETAIL,,0,408.38,,3/19/2021,,,,,PV,
1,30920,AC    ,MA,0,0,,0,0,0,0,,,0,3027.48,,3/17/2021,,3/17/2021,,,CO,
1,30927,Y     ,CA,101.24,101.24,,101.24,0,0,0,WINERY,,0,690.65,,3/22/2021,,3/22/2021,,,Y,
1,30930,C     ,CA,207.86,207.86,,207.86,0,0,0,PRESCHOOL,,0,1414.32,,3/25/2021,,,,,C,
1,30931,C     ,CA,34.64,34.64,,34.64,0,0,0,RETAIL,,0,242.98,,3/18/2021,,,,,C,
1,30953,C     ,TA,0,10228.74,,10228.74,0,0,0,,,0,30866.62,,3/25/2021,,3/25/2021,,,C,
1,30991,C     ,CA,69.28,69.28,,69.28,0,0,0,,,0,426.23,,4/15/2021,,,,,C,
1,31049,SC    ,TA,0,268.2,,268.2,0,0,0,LANDSCAPER,,0,3675.99,,4/26/2021,,4/26/2021,,,CO,
1,31072,S     ,CA,293.61,293.61,,293.61,0,0,0,,,0,1806.36,,4/20/2021,,,,,S,
1,31082,PV    ,TA,0,201.15,,201.15,0,0,0,,,0,4696.78,,5/4/2021,,5/4/2021,,,PV,
1,31096,S     ,TA,0,956.86,,954.86,2,0,0,,,0,6522.55,,5/11/2021,,5/11/2021,,,S,
1,31108,YC    ,TA,0,0,,0,0,0,0,,,0,1494.73,,5/12/2021,,5/12/2021,,,CO,
1,31126,C     ,CA,69.28,69.28,,69.28,0,0,0,ENTERTAINM,,0,341.94,,5/27/2021,,5/27/2021,,,C,
1,31133,C     ,CA,34.64,0,,0,0,0,0,BAKERY,,0,177.99,,5/27/2021,,5/27/2021,,,C,
1,31134,CL    ,CA,102.69,102.69,,102.69,0,0,0,MULTIFAMIL,,0,1247.3,,5/20/2021,,5/20/2021,,,CL,
1,31156,SC    ,TA,0,1967.34,,1967.34,0,0,0,,,0,5156.59,,5/28/2021,,5/28/2021,,,CO,
1,31160,Y     ,CA,1398.87,1398.87,,1398.87,0,0,0,RESTAURANT,,0,9438.09,,6/4/2021,,6/4/2021,,,Y,
1,31166,YC    ,TA,0,5405.02,,1805.53,3599.49,0,0,WINERY,,1483.78,12488.73,,6/1/2021,,6/1/2021,,,CO,
1,31167,YC    ,TA,0,536.4,,536.4,0,0,0,WINERY,,0,12110.2,,6/3/2021,,6/3/2021,,,CO,
1,31230,YC    ,CA,482.56,482.56,,482.56,0,0,0,CONTRACTOR,,0,2339.36,,6/21/2021,,6/21/2021,,,CO,
1,31241,C     ,CA,103.93,103.93,,103.93,0,0,0,GROCERY,,0,434.31,,6/25/2021,,6/25/2021,,,C,
1,31249,SC    ,CA,134.57,134.57,,134.57,0,0,0,LODGING,,0,590.39,,7/5/2021,,7/5/2021,,,CO,
1,31251,AC    ,MA,890.4,0,,0,0,0,0,,,0,0,,6/29/2021,,6/29/2021,,,CO,
1,31252,PV    ,TA,0,268.2,,268.2,0,0,0,,,0,4862.98,,6/28/2021,,6/28/2021,,,PV,
1,31262,SC    ,TA,0,1771.26,,24.18,24.18,1722.9,0,,,0,9150.66,,6/30/2021,,6/30/2021,,,CO,
1,31277,SC    ,TA,0,891.6,,891.6,0,0,0,,,0,11246.94,,7/1/2021,,7/1/2021,,,CO,
1,31290,S     ,TA,0,0,,0,0,0,0,,,0,286.53,,7/8/2021,,,,,S,
1,31291,CC    ,TA,0,268.2,,268.2,0,0,0,,,0,1770.56,,7/7/2021,,7/7/2021,,,CO,
1,31295,C     ,CA,0,0,,0,0,0,0,,,0,0,,7/7/2021,,7/7/2021,,,C,
1,31304,S     ,CA,130.48,130.48,,130.48,0,0,0,FOURPLEX,,0,500.47,,7/6/2021,,7/6/2021,,,S,
1,31309,YC    ,MA,0,0,,0,0,0,0,,,0,0,,7/9/2021,,7/9/2021,,,CO,
1,31334,C     ,TA,0,1565.57,,1565.57,0,0,0,,,0,2318.11,,7/19/2021,,7/19/2021,,,C,
1,31339,YC    ,TA,0,-156.07,,-156.07,0,0,0,,,0,1210.53,,7/20/2021,,7/20/2021,,,CO,
1,31344,S     ,TA,0,0,,0,0,0,0,,,0,219.48,,7/13/2021,,7/13/2021,,,S,
1,31348,SC    ,TA,0,0,,0,0,0,0,,,0,1915.51,,7/23/2021,,7/23/2021,,,CO,
1,31359,AC    ,TA,0,959.52,,959.52,0,0,0,,,0,1919.04,,7/28/2021,,7/28/2021,,,CO,
1,31363,YC    ,TA,0,268.2,,268.2,0,0,0,,,0,6204.14,,7/28/2021,,7/28/2021,,,CO,
1,31364,S     ,CA,171.28,0,,0,0,0,0,OFFICE BLD,,0,502.57,,8/3/2021,,8/3/2021,,,S,
1,31366,C     ,MA,610.5,0,,0,0,0,0,,,0,0,,7/28/2021,,7/28/2021,,,C,
1,31368,S     ,MA,0,0,,0,0,0,0,,,0,0,,7/28/2021,,7/28/2021,,,S,
1,31376,C     ,CA,109.64,109.64,,109.64,0,0,0,,,0,438.56,,7/29/2021,,7/29/2021,,,C,
1,31377,S     ,CA,75,301.13,,226.13,75,0,0,,,0,451.13,,7/30/2021,,7/30/2021,,,S,
1,31388,S     ,TA,0,0,,0,0,0,0,,,0,252.85,,9/24/2021,,9/27/2021,,,S,
1,31390,S     ,TA,0,611.52,,611.52,0,0,0,,,611.52,3252.26,,8/4/2021,,8/4/2021,,,S,
1,31423,SC    ,TA,0,1117.77,,1117.77,0,0,0,,,0,1587.12,,8/11/2021,,8/11/2021,,,CO,
1,31430,CC    ,TA,0,3116.64,,1984.11,1132.53,0,0,,,916.62,4100.31,,8/13/2021,,8/13/2021,,,CO,
1,31435,S     ,TA,0,0,,0,0,0,0,,,0,438.96,,8/16/2021,,8/16/2021,,,S,
1,31447,Y     ,MA,1004.48,0,,0,0,0,0,COMMUNITY,,0,0,,8/17/2021,,8/17/2021,,,Y,
1,31458,CC    ,TA,0,268.2,,268.2,0,0,0,,,0,1520.07,,8/20/2021,,8/20/2021,,,CO,
1,31483,S     ,TA,0,954.36,,954.36,0,0,0,,,0,1640.52,,8/30/2021,,8/30/2021,,,S,
1,31495,S     ,TA,0,0,,0,0,0,0,,,0,589.99,,9/8/2021,,9/13/2021,,,S,
1,31498,AC    ,TA,0,2951.01,,2951.01,0,0,0,CONTRACTOR,,916.62,3219.21,,9/2/2021,,9/2/2021,,,CO,
1,31515,AC    ,TA,0,1612.21,,1612.21,0,0,0,,,0,1746.31,,9/13/2021,,9/13/2021,,,CO,
1,31522,Y     ,CA,1199.04,1199.04,,1199.04,0,0,0,,,0,2398.08,,9/14/2021,,9/14/2021,,,Y,
1,31523,SC    ,CA,150,150,,150,0,0,0,,,0,300,,9/14/2021,,9/14/2021,,,CO,
1,31524,YC    ,CA,2191.34,2415.41,,2415.41,0,0,0,,,0,4666.75,,9/14/2021,,9/14/2021,,,CO,
1,31526,C     ,CA,7424.53,0,,0,0,0,0,,,0,14960.43,,9/14/2021,,9/14/2021,,,C,
1,31527,YC    ,CA,0,0,,0,0,0,0,,,0,0,,9/14/2021,,9/14/2021,,,CO,
1,31528,YC    ,CA,75,151.13,,76.13,75,0,0,,,0,151.13,,9/14/2021,,9/14/2021,,,CO,
1,31529,SC    ,CA,0,0,,0,0,0,0,,,0,0,,9/14/2021,,9/14/2021,,,CO,
1,31530,YC    ,CA,75,75,,75,0,0,0,,,0,150,,9/14/2021,,9/14/2021,,,CO,
1,31537,YC    ,TA,0,891.5,,891.5,0,0,0,,,0,1634.84,,9/16/2021,,9/16/2021,,,CO,
1,31539,YC    ,TA,0,1320.93,,1186.83,134.1,0,0,,,0,1320.93,,9/16/2021,,9/16/2021,,,CO,
1,31544,C     ,TA,0,0,,0,0,0,0,,,0,95.07,,9/16/2021,,9/16/2021,,,C,
1,31550,SC    ,CA,134.57,134.57,,134.57,0,0,0,WINERY,,0,176.23,,9/22/2021,,9/22/2021,,,CO,
1,31560,SC    ,TA,0,771.36,,637.26,134.1,0,0,,,0,771.36,,9/22/2021,,9/22/2021,,,CO,
1,31563,Y     ,TA,0,0,,0,0,0,0,,,0,169.77,,9/24/2021,,9/24/2021,,,Y,
1,31571,SC    ,TA,0,7074.59,,5336.61,1737.98,0,0,,,0,7074.59,,9/24/2021,,9/24/2021,,,CO,
1,31573,SC    ,CA,650.33,650.33,,650.33,0,0,0,VINEYARD,,0,650.33,,10/5/2021,,10/5/2021,,,CO,
1,31574,S     ,TA,0,201.15,,201.15,0,0,0,,,0,201.15,,9/24/2021,,9/24/2021,,,S,
1,31576,S     ,TA,0,954.36,,954.36,0,0,0,,,0,954.36,,9/24/2021,,9/24/2021,,,S,
1,31581,SC    ,TA,0,268.2,,268.2,0,0,0,,,0,268.2,,9/28/2021,,9/28/2021,,,CO,
1,31588,C     ,CA,179.93,179.93,,179.93,0,0,0,WINERY,,0,179.93,,10/7/2021,,10/7/2021,,,C,
1,31591,YC    ,CA,482.56,482.56,,482.56,0,0,0,LANDSCAPER,,0,482.56,,10/4/2021,,10/4/2021,,,CO,
1,31593,YC    ,CA,890.4,890.4,,890.4,0,0,0,CONTRACTOR,,0,890.4,,10/4/2021,,,,,CO,
1,31595,SC    ,TA,0,1168.1,,1168.1,0,0,0,,,0,1168.1,,10/1/2021,,10/1/2021,,,CO,
1,31607,CL    ,CA,202.68,202.68,,202.68,0,0,0,MULTIFAMIL,,0,202.68,,10/7/2021,,10/7/2021,,,CL,
1,31613,SC    ,CA,1040.4,409.21,,409.21,0,0,0,,,0,409.21,,10/12/2021,,10/12/2021,,,CO,
1,31620,YC    ,TA,0,648.2,,648.2,0,0,0,,,380,648.2,,10/13/2021,,10/13/2021,,,CO,
1,31624,YC    ,TA,0,7005.3,,7005.3,0,0,0,,,0,7005.3,,10/13/2021,,10/13/2021,,,CO,
1,31625,SC    ,TA,0,1455.95,,1455.95,0,0,0,,,0,1455.95,,10/14/2021,,10/14/2021,,,CO,
1,31628,SC    ,TA,0,134.1,,134.1,0,0,0,,,0,134.1,,10/15/2021,,10/15/2021,,,CO,
1,31631,C     ,TA,0,0,,0,0,0,0,,,0,0,,10/18/2021,,10/18/2021,,,C,
1,31640,S     ,TA,0,0,,0,0,0,0,,,0,0,,10/21/2021,,10/21/2021,,,S,
1,31644,S     ,CA,335.71,0,,0,0,0,0,MULTIFAMIL,,0,0,,11/2/2021,,11/2/2021,B,,S,
1,31645,AC    ,TA,0,0,,0,0,0,0,,,0,0,,10/25/2021,,10/25/2021,,,CO,
1,31651,YC    ,TA,0,-556.44,,-556.44,0,0,0,,,0,0,,10/26/2021,,10/26/2021,,,CO,
1,31659,YC    ,CA,890.4,70.75,,70.75,0,0,0,,,0,70.75,,10/29/2021,,10/29/2021,,,CO,
1,31660,YC    ,CA,134.57,0,,0,0,0,0,MIXED USE,,0,0,,11/1/2021,,11/1/2021,B,,CO,
1,31668,YC    ,TA,0,0,,0,0,0,0,,,0,0,,11/1/2021,,11/1/2021,,,CO,
1,31673,S     ,TA,0,0,,0,0,0,0,,,0,0,,11/2/2021,,11/2/2021,,,S,
1,31675,CC    ,CA,134.57,0,,0,0,0,0,LODGING-FW,,0,0,,11/4/2021,,11/4/2021,,,CO,
1,31676,YC    ,CA,1456.25,0,,0,0,0,0,WINERY,,0,0,,11/5/2021,,11/5/2021,B,,CO,
1,31677,CC    ,TA,0,0,,0,0,0,0,,,0,0,,11/3/2021,,11/3/2021,,,CO,
1,31679,S     ,CA,65.25,0,,0,0,0,0,WINERY,,0,0,,11/9/2021,,11/9/2021,B,,S,
1,60042,S     ,PA,0,1254.72,,1254.72,0,0,0,,,0,10765.6,,8/7/2006,,8/7/2006,,,S,
1,60113,SC    ,CA,89.71,89.71,,89.71,0,0,0,,,0,815.2,,7/19/2000,,7/19/2000,,,CO,
1,60223,Y     ,CA,101.24,101.24,,101.24,0,0,0,,,0,919.94,,7/31/2000,,,,,Y,
1,60240,Y     ,CA,101.24,101.24,,101.24,0,0,0,,,0,919.94,,8/7/2000,,8/7/2000,,,Y,
1,60393,S     ,CA,1088.95,1088.95,,1088.95,0,0,0,,,0,9725.7,,8/5/2002,,,,,S,
1,60547,S     ,CA,97.87,97.87,,97.87,0,0,0,,,0,890.6,,9/19/2000,,9/19/2000,,,S,
1,60583,SC    ,CA,134.57,134.57,,134.57,0,0,0,,,0,1036.25,,6/1/2021,,6/1/2021,,,CO,
1,60599,SC    ,CA,0,409.08,,409.08,0,0,0,,,0,570.44,,9/27/2017,,9/27/2000,,,CO,
1,60671,CL    ,CA,380.02,380.02,,380.02,0,0,0,,,0,3453.22,,10/5/2000,,,,,CL,
1,60687,SC    ,CA,280.85,280.85,,280.85,0,0,0,,,0,1944.21,,10/10/2000,,,,,CO,
1,60778,C     ,CA,514.46,589.46,,589.46,0,0,0,,,0,4576.07,,10/20/2000,,10/20/2000,,,C,
1,60815,C     ,CA,207.86,207.86,,207.86,0,0,0,,,0,1894.04,,11/2/2000,,11/2/2000,,,C,
1,60891,AC    ,CA,147.63,147.63,,147.63,0,0,0,,,0,1341.48,,11/15/2000,,,,,CO,
1,61031,C     ,CA,311.79,311.79,,311.79,0,0,0,,,0,2833.14,,12/21/2000,,,,,C,
1,61096,PV    ,CA,174.8,352.22,,177.42,174.8,0,0,,,0,1624.39,,1/5/2001,,1/5/2001,,,PV,
1,61706,CC    ,CA,482.56,482.56,,482.56,0,0,0,,,0,4384.96,,5/24/2001,,,,,CO,
1,9999999,S     ,CM,0,0,,0,0,0,0,,,0,0,,7/31/2003,,,,,CO,
